file,directory,document_index,rule_index,rule_id,logical_group,logical_class,operators,B1_no_metavariable,B2_metavariable_binding,B3_repeated_metavariable,B3_5_redundant_metavariable,B4_metavariable_regex,B5_metavariable_pattern,B6_metavariable_comparison_or_type,metavars,repeated_metavars,binding_scopes_json,pattern_count,has_no_metavar,has_plain_metavar,has_unnamed_ellipsis,has_ellipsis_metavar,has_deep_expression,has_no_pattern_fields,shape_groups,shape_labels
/home/moscovin/Documents/eboss/semgrep-rules-aggregate/collected/0xdea__c__argv-envp-access.yaml,.,0,0,raptor-argv-envp-access,A3,Conjunction / Intersection,"author,confidence,id,languages,message,metadata,pattern,pattern-either,patterns,references,severity",True,False,False,False,False,False,False,,,[],2,True,False,False,False,False,False,C1,no_metavar
/home/moscovin/Documents/eboss/semgrep-rules-aggregate/collected/0xdea__c__command-injection.yaml,.,0,0,raptor-command-injection,A4,Negation / Filtering,"author,confidence,id,languages,message,metadata,pattern,pattern-either,pattern-not,patterns,references,severity",False,True,False,False,False,False,False,$FUN,,"[{""$FUN"": 1}, {""$FUN"": 1}]",3,True,True,True,False,False,False,"C1,C2,C3","no_metavar,plain_metavar,unnamed_ellipsis"
/home/moscovin/Documents/eboss/semgrep-rules-aggregate/collected/0xdea__c__double-free.yaml,.,0,0,raptor-double-free,A4,Negation / Filtering,"author,confidence,focus-metavariable,id,languages,message,metadata,metavariable,metavariable-pattern,pattern,pattern-not,patterns,references,severity",False,True,True,False,False,True,False,"$EXPR,$FREE,$PTR","$FREE,$PTR","[{""$EXPR"": 1, ""$FREE"": 3, ""$PTR"": 5}]",3,True,True,True,False,False,False,"C1,C2,C3","no_metavar,plain_metavar,unnamed_ellipsis"
/home/moscovin/Documents/eboss/semgrep-rules-aggregate/collected/0xdea__c__format-string-bugs.yaml,.,0,0,raptor-format-string-bugs,A4,Negation / Filtering,"author,confidence,id,languages,message,metadata,pattern,pattern-either,pattern-not,patterns,references,severity",False,True,False,False,False,False,False,"$ARG1,$ARG2,$FUN",,"[{""$FUN"": 1}, {""$FUN"": 1}, {""$FUN"": 1}, {""$FUN"": 1}, {""$FUN"": 1}, {""$FUN"": 1}, {""$FUN"": 1}, {""$FUN"": 1}, {""$FUN"": 1}, {""$FUN"": 1}, {""$FUN"": 1}, {""$FUN"": 1}, {""$FUN"": 1}, {""$FUN"": 1}, {""$FUN"": 1}, {""$FUN"": 1}, {""$FUN"": 1}, {""$ARG1"": 1, ""$FUN"": 1}, {""$ARG1"": 1, ""$FUN"": 1}, {""$ARG1"": 1, ""$FUN"": 1}, {""$ARG1"": 1, ""$FUN"": 1}, {""$ARG1"": 1, ""$FUN"": 1}, {""$ARG1"": 1, ""$FUN"": 1}, {""$ARG1"": 1, ""$FUN"": 1}, {""$ARG1"": 1, ""$FUN"": 1}, {""$ARG1"": 1, ""$FUN"": 1}, {""$ARG1"": 1, ""$FUN"": 1}, {""$ARG1"": 1, ""$FUN"": 1}, {""$ARG1"": 1, ""$FUN"": 1}, {""$ARG1"": 1, ""$FUN"": 1}, {""$ARG1"": 1, ""$FUN"": 1}, {""$ARG1"": 1, ""$FUN"": 1}, {""$ARG1"": 1, ""$FUN"": 1}, {""$ARG1"": 1, ""$FUN"": 1}, {""$ARG1"": 1, ""$FUN"": 1}, {""$ARG1"": 1, ""$FUN"": 1}, {""$ARG1"": 1, ""$FUN"": 1}, {""$ARG1"": 1, ""$FUN"": 1}, {""$ARG1"": 1, ""$FUN"": 1}, {""$ARG1"": 1, ""$FUN"": 1}, {""$ARG1"": 1, ""$FUN"": 1}, {""$ARG1"": 1, ""$FUN"": 1}, {""$ARG1"": 1, ""$FUN"": 1}, {""$ARG1"": 1, ""$FUN"": 1}, {""$ARG1"": 1, ""$ARG2"": 1, ""$FUN"": 1}, {""$ARG1"": 1, ""$ARG2"": 1, ""$FUN"": 1}, {""$ARG1"": 1, ""$ARG2"": 1, ""$FUN"": 1}, {""$ARG1"": 1, ""$ARG2"": 1, ""$FUN"": 1}, {""$ARG1"": 1, ""$ARG2"": 1, ""$FUN"": 1}, {""$ARG1"": 1, ""$ARG2"": 1, ""$FUN"": 1}]",53,True,True,True,False,False,False,"C1,C2,C3","no_metavar,plain_metavar,unnamed_ellipsis"
/home/moscovin/Documents/eboss/semgrep-rules-aggregate/collected/0xdea__c__incorrect-order-setuid-setgid-etc.yaml,.,0,0,raptor-incorrect-order-setuid-setgid-etc,A6,Containment (exclusive),"author,confidence,id,languages,message,metadata,pattern,pattern-either,pattern-not,pattern-not-inside,patterns,references,severity",True,False,False,False,False,False,False,,,[],12,True,False,True,False,False,False,"C1,C3","no_metavar,unnamed_ellipsis"
/home/moscovin/Documents/eboss/semgrep-rules-aggregate/collected/0xdea__c__incorrect-unsigned-comparison.yaml,.,0,0,raptor-incorrect-unsigned-comparison,A2,Single or multiple positive pattern(s),"author,confidence,id,languages,message,metadata,pattern,pattern-either,references,severity",False,True,False,True,False,False,False,$UNSIGNED,,"[{""$UNSIGNED"": 1}, {""$UNSIGNED"": 1}, {""$UNSIGNED"": 1}, {""$UNSIGNED"": 1}, {""$UNSIGNED"": 1}, {""$UNSIGNED"": 1}, {""$UNSIGNED"": 1}, {""$UNSIGNED"": 1}, {""$UNSIGNED"": 1}, {""$UNSIGNED"": 1}, {""$UNSIGNED"": 1}, {""$UNSIGNED"": 1}, {""$UNSIGNED"": 1}, {""$UNSIGNED"": 1}, {""$UNSIGNED"": 1}, {""$UNSIGNED"": 1}, {""$UNSIGNED"": 1}, {""$UNSIGNED"": 1}]",18,False,True,False,False,False,False,C2,"B3.5_redundant_metavariable,plain_metavar"
/home/moscovin/Documents/eboss/semgrep-rules-aggregate/collected/0xdea__c__incorrect-use-of-free.yaml,.,0,0,raptor-incorrect-use-of-free,A5,Containment (inclusive),"author,confidence,id,languages,message,metadata,pattern,pattern-either,pattern-inside,patterns,references,severity",False,True,True,False,False,False,False,"$ARR,$EXPR,$LEN,$PTR,$TYPE,$VAR","$ARR,$PTR,$VAR","[{""$LEN"": 1, ""$PTR"": 2, ""$TYPE"": 1}, {""$EXPR"": 1, ""$LEN"": 1, ""$PTR"": 2, ""$TYPE"": 1}, {""$ARR"": 2, ""$LEN"": 1, ""$PTR"": 2, ""$TYPE"": 1}, {""$ARR"": 2, ""$EXPR"": 1, ""$LEN"": 1, ""$PTR"": 2, ""$TYPE"": 1}, {""$TYPE"": 1, ""$VAR"": 2}, {""$EXPR"": 1, ""$TYPE"": 1, ""$VAR"": 2}, {""$LEN"": 1, ""$TYPE"": 1, ""$VAR"": 2}, {""$EXPR"": 1, ""$LEN"": 1, ""$TYPE"": 1, ""$VAR"": 2}, {""$TYPE"": 1, ""$VAR"": 2}, {""$EXPR"": 1, ""$TYPE"": 1, ""$VAR"": 2}]",12,False,True,True,False,False,False,"C2,C3","plain_metavar,unnamed_ellipsis"
/home/moscovin/Documents/eboss/semgrep-rules-aggregate/collected/0xdea__c__incorrect-use-of-memset.yaml,.,0,0,raptor-incorrect-use-of-memset,A2,Single or multiple positive pattern(s),"author,confidence,id,languages,message,metadata,pattern,pattern-either,references,severity",False,True,False,True,False,False,False,"$C,$N,$S",,"[{""$C"": 1, ""$S"": 1}, {""$C"": 1, ""$S"": 1}, {""$N"": 1, ""$S"": 1}, {""$C"": 1, ""$S"": 1}, {""$C"": 1, ""$S"": 1}, {""$N"": 1, ""$S"": 1}]",6,False,True,True,False,False,False,"C2,C3","B3.5_redundant_metavariable,plain_metavar,unnamed_ellipsis"
/home/moscovin/Documents/eboss/semgrep-rules-aggregate/collected/0xdea__c__incorrect-use-of-sizeof.yaml,.,0,0,raptor-incorrect-use-of-sizeof,A5,Containment (inclusive),"author,confidence,id,languages,message,metadata,pattern,pattern-either,pattern-inside,pattern-not,patterns,references,severity",False,True,True,False,False,False,False,"$EXPR,$PTR,$TYPE",$PTR,"[{""$PTR"": 1}, {""$PTR"": 1}, {""$PTR"": 1}, {""$PTR"": 1}, {""$PTR"": 2, ""$TYPE"": 1}, {""$EXPR"": 1, ""$PTR"": 2, ""$TYPE"": 1}]",8,True,True,True,False,False,False,"C1,C2,C3","no_metavar,plain_metavar,unnamed_ellipsis"
/home/moscovin/Documents/eboss/semgrep-rules-aggregate/collected/0xdea__c__incorrect-use-of-sprintf-snprintf.yaml,.,0,0,raptor-incorrect-use-of-sprintf-snprintf,A2,Single or multiple positive pattern(s),"author,confidence,id,languages,message,metadata,pattern,pattern-either,references,severity",False,True,True,False,False,False,False,"$DST,$N",$DST,"[{""$DST"": 2}, {""$DST"": 2, ""$N"": 1}]",2,False,True,True,False,False,False,"C2,C3","plain_metavar,unnamed_ellipsis"
/home/moscovin/Documents/eboss/semgrep-rules-aggregate/collected/0xdea__c__incorrect-use-of-strncat.yaml,.,0,0,raptor-incorrect-use-of-strncat,A5,Containment (inclusive),"author,confidence,id,languages,message,metadata,pattern,pattern-either,pattern-inside,patterns,references,severity",False,True,True,False,False,False,False,"$DST,$EXPR,$LEN,$SRC,$TYPE","$DST,$LEN","[{""$DST"": 2, ""$LEN"": 2, ""$SRC"": 1, ""$TYPE"": 1}, {""$DST"": 2, ""$EXPR"": 1, ""$LEN"": 2, ""$SRC"": 1, ""$TYPE"": 1}, {""$DST"": 2, ""$SRC"": 1}, {""$DST"": 2, ""$SRC"": 1}, {""$DST"": 3, ""$SRC"": 1}]",6,False,True,True,False,False,False,"C2,C3","plain_metavar,unnamed_ellipsis"
/home/moscovin/Documents/eboss/semgrep-rules-aggregate/collected/0xdea__c__incorrect-use-of-strncpy-stpncpy-strlcpy.yaml,.,0,0,raptor-incorrect-use-of-strncpy-stpncpy-strlcpy,A5,Containment (inclusive),"author,confidence,id,languages,message,metadata,metavariable,metavariable-pattern,pattern,pattern-either,pattern-inside,patterns,references,severity",False,True,True,False,False,True,False,"$DST,$EXPR,$FUN,$LEN,$SRC,$TYPE","$FUN,$LEN,$SRC","[{""$DST"": 1, ""$FUN"": 2, ""$LEN"": 2, ""$SRC"": 2, ""$TYPE"": 1}, {""$DST"": 1, ""$EXPR"": 1, ""$FUN"": 2, ""$LEN"": 2, ""$SRC"": 2, ""$TYPE"": 1}, {""$DST"": 1, ""$FUN"": 2, ""$LEN"": 2, ""$SRC"": 2, ""$TYPE"": 1}, {""$DST"": 1, ""$EXPR"": 1, ""$FUN"": 2, ""$LEN"": 2, ""$SRC"": 2, ""$TYPE"": 1}, {""$DST"": 1, ""$FUN"": 2, ""$LEN"": 2, ""$SRC"": 2, ""$TYPE"": 1}, {""$DST"": 1, ""$EXPR"": 1, ""$FUN"": 2, ""$LEN"": 2, ""$SRC"": 2, ""$TYPE"": 1}, {""$DST"": 1, ""$FUN"": 2, ""$LEN"": 2, ""$SRC"": 2, ""$TYPE"": 1}, {""$DST"": 1, ""$EXPR"": 1, ""$FUN"": 2, ""$LEN"": 2, ""$SRC"": 2, ""$TYPE"": 1}, {""$DST"": 1, ""$FUN"": 2, ""$SRC"": 2}, {""$DST"": 1, ""$FUN"": 2, ""$SRC"": 2}, {""$DST"": 1, ""$FUN"": 2, ""$SRC"": 2}, {""$DST"": 1, ""$FUN"": 2, ""$SRC"": 2}]",12,True,True,True,False,True,False,"C1,C2,C3,C5","deep_expression,no_metavar,plain_metavar,unnamed_ellipsis"
/home/moscovin/Documents/eboss/semgrep-rules-aggregate/collected/0xdea__c__insecure-api-access-stat-lstat.yaml,.,0,0,raptor-insecure-api-access-stat-lstat,A2,Single or multiple positive pattern(s),"author,confidence,id,languages,message,metadata,pattern,pattern-either,references,severity",True,False,False,False,False,False,False,,,[],3,True,False,True,False,False,False,"C1,C3","no_metavar,unnamed_ellipsis"
/home/moscovin/Documents/eboss/semgrep-rules-aggregate/collected/0xdea__c__insecure-api-alloca.yaml,.,0,0,raptor-insecure-api-alloca,A2,Single or multiple positive pattern(s),"author,confidence,id,languages,message,metadata,pattern,references,severity",True,False,False,False,False,False,False,,,[],1,True,False,True,False,False,False,"C1,C3","no_metavar,unnamed_ellipsis"
/home/moscovin/Documents/eboss/semgrep-rules-aggregate/collected/0xdea__c__insecure-api-atoi-atol-atof.yaml,.,0,0,raptor-insecure-api-atoi-atol-atof,A2,Single or multiple positive pattern(s),"author,confidence,id,languages,message,metadata,pattern,pattern-either,references,severity",True,False,False,False,False,False,False,,,[],4,True,False,True,False,False,False,"C1,C3","no_metavar,unnamed_ellipsis"
/home/moscovin/Documents/eboss/semgrep-rules-aggregate/collected/0xdea__c__insecure-api-gets.yaml,.,0,0,raptor-insecure-api-gets,A2,Single or multiple positive pattern(s),"author,confidence,id,languages,message,metadata,pattern,references,severity",True,False,False,False,False,False,False,,,[],1,True,False,True,False,False,False,"C1,C3","no_metavar,unnamed_ellipsis"
/home/moscovin/Documents/eboss/semgrep-rules-aggregate/collected/0xdea__c__insecure-api-mktemp-tmpnam-tempnam.yaml,.,0,0,raptor-insecure-api-mktemp-tmpnam-tempnam,A2,Single or multiple positive pattern(s),"author,confidence,id,languages,message,metadata,pattern,pattern-either,references,severity",True,False,False,False,False,False,False,,,[],3,True,False,True,False,False,False,"C1,C3","no_metavar,unnamed_ellipsis"
/home/moscovin/Documents/eboss/semgrep-rules-aggregate/collected/0xdea__c__insecure-api-rand-srand.yaml,.,0,0,raptor-insecure-api-rand-srand,A2,Single or multiple positive pattern(s),"author,confidence,id,languages,message,metadata,pattern,pattern-either,references,severity",True,False,False,False,False,False,False,,,[],2,True,False,True,False,False,False,"C1,C3","no_metavar,unnamed_ellipsis"
/home/moscovin/Documents/eboss/semgrep-rules-aggregate/collected/0xdea__c__insecure-api-scanf-etc.yaml,.,0,0,raptor-insecure-api-scanf-etc,A3,Conjunction / Intersection,"author,confidence,id,languages,message,metadata,metavariable,metavariable-regex,pattern,pattern-either,patterns,references,regex,severity",False,True,True,True,True,False,False,"$BUF,$FMT,$FS",$FMT,"[{""$FMT"": 2}, {""$FMT"": 2}, {""$FMT"": 2, ""$FS"": 1}, {""$FMT"": 2, ""$FS"": 1}, {""$BUF"": 1, ""$FMT"": 2}, {""$BUF"": 1, ""$FMT"": 2}, {""$FMT"": 2}, {""$FMT"": 2}, {""$FMT"": 2, ""$FS"": 1}, {""$FMT"": 2, ""$FS"": 1}, {""$BUF"": 1, ""$FMT"": 2}, {""$BUF"": 1, ""$FMT"": 2}]",12,False,True,True,False,False,False,"C2,C3","B3.5_redundant_metavariable,plain_metavar,unnamed_ellipsis"
/home/moscovin/Documents/eboss/semgrep-rules-aggregate/collected/0xdea__c__insecure-api-signal.yaml,.,0,0,raptor-insecure-api-signal,A2,Single or multiple positive pattern(s),"author,confidence,id,languages,message,metadata,pattern,references,severity",True,False,False,False,False,False,False,,,[],1,True,False,True,False,False,False,"C1,C3","no_metavar,unnamed_ellipsis"
/home/moscovin/Documents/eboss/semgrep-rules-aggregate/collected/0xdea__c__insecure-api-sprintf-vsprintf.yaml,.,0,0,raptor-insecure-api-sprintf-vsprintf,A3,Conjunction / Intersection,"author,confidence,id,languages,message,metadata,metavariable,metavariable-regex,pattern,pattern-either,patterns,references,regex,severity",False,True,True,True,True,False,False,"$BUF,$FMT",$FMT,"[{""$BUF"": 1, ""$FMT"": 2}, {""$BUF"": 1, ""$FMT"": 2}]",2,False,True,True,False,False,False,"C2,C3","B3.5_redundant_metavariable,plain_metavar,unnamed_ellipsis"
/home/moscovin/Documents/eboss/semgrep-rules-aggregate/collected/0xdea__c__insecure-api-strcpy-stpcpy-strcat.yaml,.,0,0,raptor-insecure-api-strcpy-stpcpy-strcat,A4,Negation / Filtering,"author,confidence,id,languages,message,metadata,pattern,pattern-either,pattern-not,patterns,references,severity",False,True,False,False,False,False,False,"$BUF,$FUN",,"[{""$BUF"": 1, ""$FUN"": 1}, {""$BUF"": 1, ""$FUN"": 1}, {""$BUF"": 1, ""$FUN"": 1}, {""$BUF"": 1, ""$FUN"": 1}, {""$BUF"": 1, ""$FUN"": 1}, {""$BUF"": 1, ""$FUN"": 1}]",7,True,True,True,False,False,False,"C1,C2,C3","no_metavar,plain_metavar,unnamed_ellipsis"
/home/moscovin/Documents/eboss/semgrep-rules-aggregate/collected/0xdea__c__integer-truncation.yaml,.,0,0,raptor-integer-truncation,A3,Conjunction / Intersection,"author,confidence,focus-metavariable,id,languages,message,metadata,pattern,pattern-either,patterns,references,severity",False,True,True,False,False,False,False,"$FUN,$LARGE,$NARROW",$FUN,"[{""$LARGE"": 1, ""$NARROW"": 1}, {""$LARGE"": 1, ""$NARROW"": 1}, {""$LARGE"": 1, ""$NARROW"": 1}, {""$LARGE"": 1, ""$NARROW"": 1}, {""$LARGE"": 1, ""$NARROW"": 1}, {""$LARGE"": 1, ""$NARROW"": 1}, {""$LARGE"": 1, ""$NARROW"": 1}, {""$LARGE"": 1, ""$NARROW"": 1}, {""$LARGE"": 1, ""$NARROW"": 1}, {""$LARGE"": 1, ""$NARROW"": 1}, {""$LARGE"": 1, ""$NARROW"": 1}, {""$FUN"": 2, ""$LARGE"": 1}, {""$FUN"": 2, ""$LARGE"": 1}, {""$FUN"": 2, ""$LARGE"": 1}, {""$LARGE"": 1, ""$NARROW"": 1}, {""$LARGE"": 1, ""$NARROW"": 1}, {""$LARGE"": 1, ""$NARROW"": 1}, {""$LARGE"": 1, ""$NARROW"": 1}, {""$LARGE"": 1, ""$NARROW"": 1}, {""$LARGE"": 1, ""$NARROW"": 1}, {""$LARGE"": 1, ""$NARROW"": 1}, {""$LARGE"": 1, ""$NARROW"": 1}, {""$LARGE"": 1, ""$NARROW"": 1}, {""$LARGE"": 1, ""$NARROW"": 1}, {""$LARGE"": 1, ""$NARROW"": 1}, {""$LARGE"": 1, ""$NARROW"": 1}, {""$LARGE"": 1, ""$NARROW"": 1}, {""$LARGE"": 1, ""$NARROW"": 1}, {""$LARGE"": 1, ""$NARROW"": 1}, {""$LARGE"": 1, ""$NARROW"": 1}, {""$FUN"": 2, ""$LARGE"": 1}, {""$FUN"": 2, ""$LARGE"": 1}, {""$LARGE"": 1, ""$NARROW"": 1}, {""$LARGE"": 1, ""$NARROW"": 1}, {""$LARGE"": 1, ""$NARROW"": 1}, {""$LARGE"": 1, ""$NARROW"": 1}, {""$LARGE"": 1, ""$NARROW"": 1}, {""$LARGE"": 1, ""$NARROW"": 1}, {""$FUN"": 2, ""$LARGE"": 1}, {""$LARGE"": 1, ""$NARROW"": 1}, {""$LARGE"": 1, ""$NARROW"": 1}]",41,False,True,True,False,True,False,"C2,C3,C5","deep_expression,plain_metavar,unnamed_ellipsis"
/home/moscovin/Documents/eboss/semgrep-rules-aggregate/collected/0xdea__c__integer-wraparound.yaml,.,0,0,raptor-integer-wraparound,A5,Containment (inclusive),"author,confidence,id,languages,message,metadata,metavariable,metavariable-pattern,pattern,pattern-either,pattern-inside,patterns,references,severity",False,True,True,False,False,True,False,"$ARG1,$FUN,$MAX,$N,$X,$Y","$FUN,$MAX,$N,$X","[{""$FUN"": 2, ""$X"": 1, ""$Y"": 1}, {""$FUN"": 2, ""$X"": 1, ""$Y"": 1}, {""$FUN"": 2, ""$N"": 2, ""$X"": 1, ""$Y"": 1}, {""$FUN"": 2, ""$N"": 2, ""$X"": 1, ""$Y"": 1}, {""$FUN"": 2, ""$X"": 1, ""$Y"": 1}, {""$FUN"": 2, ""$X"": 1, ""$Y"": 1}, {""$FUN"": 2, ""$N"": 2, ""$X"": 1, ""$Y"": 1}, {""$FUN"": 2, ""$N"": 2, ""$X"": 1, ""$Y"": 1}, {""$ARG1"": 1, ""$FUN"": 2, ""$X"": 1, ""$Y"": 1}, {""$ARG1"": 1, ""$FUN"": 2, ""$X"": 1, ""$Y"": 1}, {""$ARG1"": 1, ""$FUN"": 2, ""$X"": 1, ""$Y"": 1}, {""$ARG1"": 1, ""$FUN"": 2, ""$X"": 1, ""$Y"": 1}, {""$ARG1"": 1, ""$FUN"": 2, ""$N"": 2, ""$X"": 1, ""$Y"": 1}, {""$ARG1"": 1, ""$FUN"": 2, ""$N"": 2, ""$X"": 1, ""$Y"": 1}, {""$ARG1"": 1, ""$FUN"": 2, ""$N"": 2, ""$X"": 1, ""$Y"": 1}, {""$ARG1"": 1, ""$FUN"": 2, ""$N"": 2, ""$X"": 1, ""$Y"": 1}, {""$ARG1"": 1, ""$FUN"": 2, ""$X"": 1, ""$Y"": 1}, {""$ARG1"": 1, ""$FUN"": 2, ""$X"": 1, ""$Y"": 1}, {""$ARG1"": 1, ""$FUN"": 2, ""$X"": 1, ""$Y"": 1}, {""$ARG1"": 1, ""$FUN"": 2, ""$X"": 1, ""$Y"": 1}, {""$ARG1"": 1, ""$FUN"": 2, ""$N"": 2, ""$X"": 1, ""$Y"": 1}, {""$ARG1"": 1, ""$FUN"": 2, ""$N"": 2, ""$X"": 1, ""$Y"": 1}, {""$ARG1"": 1, ""$FUN"": 2, ""$N"": 2, ""$X"": 1, ""$Y"": 1}, {""$ARG1"": 1, ""$FUN"": 2, ""$N"": 2, ""$X"": 1, ""$Y"": 1}, {""$MAX"": 2, ""$X"": 2, ""$Y"": 1}, {""$MAX"": 2, ""$X"": 2, ""$Y"": 1}, {""$MAX"": 2, ""$X"": 2, ""$Y"": 1}, {""$MAX"": 2, ""$X"": 2, ""$Y"": 1}, {""$MAX"": 2, ""$X"": 2, ""$Y"": 1}, {""$MAX"": 2, ""$X"": 2, ""$Y"": 1}, {""$MAX"": 2, ""$X"": 2, ""$Y"": 1}, {""$MAX"": 2, ""$X"": 2, ""$Y"": 1}, {""$MAX"": 2, ""$X"": 2, ""$Y"": 1}, {""$MAX"": 2, ""$X"": 2, ""$Y"": 1}, {""$MAX"": 2, ""$X"": 2, ""$Y"": 1}, {""$MAX"": 2, ""$X"": 2, ""$Y"": 1}, {""$MAX"": 2, ""$X"": 2, ""$Y"": 1}, {""$MAX"": 2, ""$X"": 2, ""$Y"": 1}, {""$MAX"": 2, ""$X"": 2, ""$Y"": 1}, {""$MAX"": 2, ""$X"": 2, ""$Y"": 1}]",52,True,True,True,False,False,False,"C1,C2,C3","no_metavar,plain_metavar,unnamed_ellipsis"
/home/moscovin/Documents/eboss/semgrep-rules-aggregate/collected/0xdea__c__interesting-api-calls.yaml,.,0,0,raptor-interesting-api-calls,A3,Conjunction / Intersection,"author,confidence,id,languages,message,metadata,metavariable,metavariable-regex,pattern,pattern-either,patterns,references,regex,severity",False,True,True,False,True,False,False,$FUN,$FUN,"[{""$FUN"": 2}, {""$FUN"": 2}, {""$FUN"": 2}, {""$FUN"": 2}, {""$FUN"": 2}, {""$FUN"": 2}, {""$FUN"": 2}, {""$FUN"": 2}, {""$FUN"": 2}, {""$FUN"": 2}, {""$FUN"": 2}, {""$FUN"": 2}, {""$FUN"": 2}, {""$FUN"": 2}, {""$FUN"": 2}, {""$FUN"": 2}, {""$FUN"": 2}, {""$FUN"": 2}]",18,False,True,True,False,False,False,"C2,C3","plain_metavar,unnamed_ellipsis"
/home/moscovin/Documents/eboss/semgrep-rules-aggregate/collected/0xdea__c__memory-address-exposure.yaml,.,0,0,raptor-memory-address-exposure,A3,Conjunction / Intersection,"author,confidence,id,languages,message,metadata,metavariable,metavariable-regex,pattern,pattern-either,patterns,references,regex,severity",False,True,True,True,True,False,False,"$ARG1,$ARG2,$FMT",$FMT,"[{""$FMT"": 2}, {""$FMT"": 2}, {""$FMT"": 2}, {""$FMT"": 2}, {""$FMT"": 2}, {""$FMT"": 2}, {""$FMT"": 2}, {""$FMT"": 2}, {""$ARG1"": 1, ""$FMT"": 2}, {""$ARG1"": 1, ""$FMT"": 2}, {""$ARG1"": 1, ""$FMT"": 2}, {""$ARG1"": 1, ""$FMT"": 2}, {""$ARG1"": 1, ""$FMT"": 2}, {""$ARG1"": 1, ""$FMT"": 2}, {""$ARG1"": 1, ""$FMT"": 2}, {""$ARG1"": 1, ""$FMT"": 2}, {""$ARG1"": 1, ""$FMT"": 2}, {""$ARG1"": 1, ""$FMT"": 2}, {""$ARG1"": 1, ""$FMT"": 2}, {""$ARG1"": 1, ""$ARG2"": 1, ""$FMT"": 2}, {""$ARG1"": 1, ""$ARG2"": 1, ""$FMT"": 2}, {""$ARG1"": 1, ""$ARG2"": 1, ""$FMT"": 2}, {""$ARG1"": 1, ""$ARG2"": 1, ""$FMT"": 2}]",23,False,True,True,False,False,False,"C2,C3","B3.5_redundant_metavariable,plain_metavar,unnamed_ellipsis"
/home/moscovin/Documents/eboss/semgrep-rules-aggregate/collected/0xdea__c__mismatched-memory-management.yaml,.,0,0,raptor-mismatched-memory-management,A6,Containment (exclusive),"author,confidence,id,languages,message,metadata,pattern,pattern-either,pattern-not-inside,patterns,references,severity",False,True,True,False,False,False,False,"$CAST,$PTR","$CAST,$PTR","[{""$CAST"": 3, ""$PTR"": 17}]",9,False,True,True,False,False,False,"C2,C3","plain_metavar,unnamed_ellipsis"
/home/moscovin/Documents/eboss/semgrep-rules-aggregate/collected/0xdea__c__missing-break-in-switch.yaml,.,0,0,raptor-missing-break-in-switch,A4,Negation / Filtering,"author,confidence,focus-metavariable,id,languages,message,metadata,pattern,pattern-not,patterns,references,severity",False,True,True,True,False,False,False,"$LOC,$RET,$VAL1,$VAL2,$VAR","$LOC,$RET,$VAL1,$VAL2,$VAR","[{""$LOC"": 2, ""$RET"": 4, ""$VAL1"": 11, ""$VAL2"": 11, ""$VAR"": 12}]",11,False,True,True,False,False,False,"C2,C3","B3.5_redundant_metavariable,plain_metavar,unnamed_ellipsis"
/home/moscovin/Documents/eboss/semgrep-rules-aggregate/collected/0xdea__c__missing-default-in-switch.yaml,.,0,0,raptor-missing-default-in-switch,A4,Negation / Filtering,"author,confidence,focus-metavariable,id,languages,message,metadata,pattern,pattern-not,patterns,references,severity",False,True,True,True,False,False,False,$VAR,$VAR,"[{""$VAR"": 3}]",2,False,True,True,False,False,False,"C2,C3","B3.5_redundant_metavariable,plain_metavar,unnamed_ellipsis"
/home/moscovin/Documents/eboss/semgrep-rules-aggregate/collected/0xdea__c__missing-return.yaml,.,0,0,raptor-missing-return,A4,Negation / Filtering,"author,confidence,focus-metavariable,id,languages,message,metadata,pattern,pattern-not,patterns,references,severity",False,True,True,True,False,False,False,"$ARG,$FUN,$RET,$TYPE","$FUN,$TYPE","[{""$ARG"": 1, ""$FUN"": 5, ""$RET"": 1, ""$TYPE"": 3}]",5,True,True,True,False,False,False,"C1,C2,C3","B3.5_redundant_metavariable,no_metavar,plain_metavar,unnamed_ellipsis"
/home/moscovin/Documents/eboss/semgrep-rules-aggregate/collected/0xdea__c__off-by-one.yaml,.,0,0,raptor-off-by-one,A5,Containment (inclusive),"author,confidence,id,languages,message,metadata,metavariable,metavariable-pattern,pattern,pattern-either,pattern-inside,pattern-not,patterns,references,severity",False,True,True,False,False,True,False,"$A,$B,$BUF,$DST,$EXPR,$LEN,$SRC,$STR,$TYPE,$VAL,$X,$Y","$BUF,$EXPR,$LEN,$STR,$X,$Y","[{""$BUF"": 2, ""$EXPR"": 1}, {""$BUF"": 3, ""$EXPR"": 2, ""$LEN"": 3, ""$TYPE"": 1}, {""$BUF"": 3, ""$EXPR"": 2, ""$LEN"": 3, ""$TYPE"": 1}, {""$A"": 1, ""$BUF"": 3, ""$EXPR"": 2, ""$TYPE"": 1, ""$X"": 2, ""$Y"": 3}, {""$B"": 1, ""$BUF"": 3, ""$EXPR"": 2, ""$TYPE"": 1, ""$X"": 3, ""$Y"": 2}, {""$DST"": 1, ""$SRC"": 1}, {""$DST"": 1, ""$SRC"": 1}, {""$DST"": 1, ""$SRC"": 1}, {""$DST"": 1, ""$SRC"": 1}, {""$DST"": 1, ""$LEN"": 2, ""$SRC"": 1, ""$VAL"": 1}, {""$STR"": 2}, {""$STR"": 1}]",16,False,True,True,False,False,False,"C2,C3","plain_metavar,unnamed_ellipsis"
/home/moscovin/Documents/eboss/semgrep-rules-aggregate/collected/0xdea__c__pointer-subtraction.yaml,.,0,0,raptor-pointer-subtraction,A5,Containment (inclusive),"author,confidence,id,languages,message,metadata,pattern,pattern-either,pattern-inside,patterns,references,severity",False,True,True,False,False,False,False,"$EXPR1,$EXPR2,$PTR1,$PTR2,$PTR3,$TYPE","$PTR1,$PTR2,$TYPE","[{""$PTR1"": 1, ""$PTR2"": 1}, {""$PTR1"": 1, ""$PTR2"": 1}, {""$PTR1"": 1, ""$PTR2"": 1}, {""$PTR1"": 1, ""$PTR2"": 1}, {""$PTR1"": 2, ""$PTR2"": 2, ""$TYPE"": 2}, {""$EXPR1"": 1, ""$EXPR2"": 1, ""$PTR1"": 2, ""$PTR2"": 2, ""$TYPE"": 2}, {""$EXPR1"": 1, ""$PTR1"": 2, ""$PTR2"": 2, ""$TYPE"": 2}, {""$EXPR2"": 1, ""$PTR1"": 2, ""$PTR2"": 2, ""$TYPE"": 2}, {""$PTR1"": 2, ""$PTR2"": 2, ""$PTR3"": 1, ""$TYPE"": 2}, {""$PTR1"": 2, ""$PTR2"": 2, ""$PTR3"": 1, ""$TYPE"": 2}, {""$PTR1"": 2, ""$PTR2"": 2, ""$TYPE"": 2}, {""$EXPR1"": 1, ""$EXPR2"": 1, ""$PTR1"": 2, ""$PTR2"": 2, ""$TYPE"": 2}, {""$EXPR1"": 1, ""$PTR1"": 2, ""$PTR2"": 2, ""$TYPE"": 2}, {""$EXPR2"": 1, ""$PTR1"": 2, ""$PTR2"": 2, ""$TYPE"": 2}, {""$PTR1"": 2, ""$PTR2"": 2, ""$PTR3"": 1, ""$TYPE"": 2}, {""$PTR1"": 2, ""$PTR2"": 2, ""$PTR3"": 1, ""$TYPE"": 2}]",12,False,True,True,False,False,False,"C2,C3","plain_metavar,unnamed_ellipsis"
/home/moscovin/Documents/eboss/semgrep-rules-aggregate/collected/0xdea__c__putenv-stack-var.yaml,.,0,0,raptor-putenv-stack-var,A5,Containment (inclusive),"author,confidence,id,languages,message,metadata,pattern,pattern-either,pattern-inside,patterns,references,severity",False,True,True,True,False,False,False,"$ARR,$EXPR,$LEN,$PTR,$TYPE","$ARR,$PTR","[{""$LEN"": 1, ""$PTR"": 2, ""$TYPE"": 1}, {""$EXPR"": 1, ""$LEN"": 1, ""$PTR"": 2, ""$TYPE"": 1}, {""$ARR"": 2, ""$LEN"": 1, ""$PTR"": 2, ""$TYPE"": 1}, {""$ARR"": 2, ""$EXPR"": 1, ""$LEN"": 1, ""$PTR"": 2, ""$TYPE"": 1}]",5,False,True,True,False,False,False,"C2,C3","B3.5_redundant_metavariable,plain_metavar,unnamed_ellipsis"
/home/moscovin/Documents/eboss/semgrep-rules-aggregate/collected/0xdea__c__ret-stack-address.yaml,.,0,0,raptor-ret-stack-address,A5,Containment (inclusive),"author,confidence,id,languages,message,metadata,pattern,pattern-either,pattern-inside,patterns,references,severity",False,True,True,False,False,False,False,"$ARR,$EXPR,$LEN,$PTR,$TYPE,$VAR","$ARR,$PTR,$VAR","[{""$LEN"": 1, ""$PTR"": 2, ""$TYPE"": 1}, {""$EXPR"": 1, ""$LEN"": 1, ""$PTR"": 2, ""$TYPE"": 1}, {""$ARR"": 2, ""$LEN"": 1, ""$PTR"": 2, ""$TYPE"": 1}, {""$ARR"": 2, ""$EXPR"": 1, ""$LEN"": 1, ""$PTR"": 2, ""$TYPE"": 1}, {""$TYPE"": 1, ""$VAR"": 2}, {""$EXPR"": 1, ""$TYPE"": 1, ""$VAR"": 2}, {""$LEN"": 1, ""$TYPE"": 1, ""$VAR"": 2}, {""$EXPR"": 1, ""$LEN"": 1, ""$TYPE"": 1, ""$VAR"": 2}, {""$TYPE"": 1, ""$VAR"": 2}, {""$EXPR"": 1, ""$TYPE"": 1, ""$VAR"": 2}]",12,False,True,True,False,False,False,"C2,C3","plain_metavar,unnamed_ellipsis"
/home/moscovin/Documents/eboss/semgrep-rules-aggregate/collected/0xdea__c__signed-unsigned-conversion.yaml,.,0,0,raptor-signed-unsigned-conversion,A3,Conjunction / Intersection,"author,confidence,focus-metavariable,id,languages,message,metadata,pattern,pattern-either,patterns,references,severity",False,True,True,False,False,False,False,"$BUF,$CHAR,$CNT,$DST,$FD,$FL,$FS,$FUN,$LEN,$NITEMS,$PTR,$SD,$SIGNED,$SRC,$UNSIGNED",$FUN,"[{""$SIGNED"": 1, ""$UNSIGNED"": 1}, {""$SIGNED"": 1, ""$UNSIGNED"": 1}, {""$SIGNED"": 1, ""$UNSIGNED"": 1}, {""$SIGNED"": 1, ""$UNSIGNED"": 1}, {""$FUN"": 2, ""$SIGNED"": 1}, {""$FUN"": 2, ""$SIGNED"": 1}, {""$FUN"": 2, ""$SIGNED"": 1}, {""$FUN"": 2, ""$SIGNED"": 1}, {""$DST"": 1, ""$LEN"": 1, ""$SRC"": 1}, {""$DST"": 1, ""$LEN"": 1, ""$SRC"": 1}, {""$DST"": 1, ""$LEN"": 1, ""$SRC"": 1}, {""$DST"": 1, ""$LEN"": 1, ""$SRC"": 1}, {""$DST"": 1, ""$LEN"": 1, ""$SRC"": 1}, {""$DST"": 1, ""$LEN"": 1, ""$SRC"": 1}, {""$BUF"": 1, ""$LEN"": 1}, {""$BUF"": 1, ""$LEN"": 1}, {""$BUF"": 1, ""$LEN"": 1}, {""$DST"": 1, ""$LEN"": 1, ""$SRC"": 1}, {""$CHAR"": 1, ""$DST"": 1, ""$LEN"": 1, ""$SRC"": 1}, {""$DST"": 1, ""$LEN"": 1, ""$SRC"": 1}, {""$CHAR"": 1, ""$DST"": 1, ""$LEN"": 1}, {""$DST"": 1, ""$LEN"": 1, ""$SRC"": 1}, {""$LEN"": 1}, {""$LEN"": 1}, {""$CNT"": 1, ""$LEN"": 1}, {""$CNT"": 1, ""$LEN"": 1}, {""$LEN"": 1, ""$PTR"": 1}, {""$BUF"": 1, ""$FD"": 1, ""$LEN"": 1}, {""$BUF"": 1, ""$FL"": 1, ""$LEN"": 1, ""$SD"": 1}, {""$BUF"": 1, ""$FL"": 1, ""$LEN"": 1, ""$SD"": 1}, {""$FS"": 1, ""$LEN"": 1, ""$NITEMS"": 1, ""$PTR"": 1}, {""$SIGNED"": 1, ""$UNSIGNED"": 1}, {""$SIGNED"": 1, ""$UNSIGNED"": 1}, {""$SIGNED"": 1, ""$UNSIGNED"": 1}, {""$SIGNED"": 1, ""$UNSIGNED"": 1}, {""$FUN"": 2, ""$UNSIGNED"": 1}, {""$FUN"": 2, ""$UNSIGNED"": 1}, {""$FUN"": 2, ""$UNSIGNED"": 1}, {""$FUN"": 2, ""$UNSIGNED"": 1}]",39,False,True,True,False,True,False,"C2,C3,C5","deep_expression,plain_metavar,unnamed_ellipsis"
/home/moscovin/Documents/eboss/semgrep-rules-aggregate/collected/0xdea__c__suspicious-assert.yaml,.,0,0,raptor-suspicious-assert,A3,Conjunction / Intersection,"author,confidence,id,languages,message,metadata,metavariable,metavariable-regex,pattern,pattern-either,patterns,references,regex,severity",False,True,True,True,True,False,False,"$A,$ASSERT,$B",$ASSERT,"[{""$A"": 1, ""$ASSERT"": 2, ""$B"": 1}, {""$A"": 1, ""$ASSERT"": 2, ""$B"": 1}, {""$A"": 1, ""$ASSERT"": 2, ""$B"": 1}, {""$A"": 1, ""$ASSERT"": 2, ""$B"": 1}]",4,False,True,True,False,False,False,"C2,C3","B3.5_redundant_metavariable,plain_metavar,unnamed_ellipsis"
/home/moscovin/Documents/eboss/semgrep-rules-aggregate/collected/0xdea__c__typos.yaml,.,0,0,raptor-typos,A6,Containment (exclusive),"author,confidence,id,languages,message,metadata,metavariable,metavariable-regex,pattern,pattern-either,pattern-not-inside,patterns,references,regex,severity",False,True,True,False,True,False,False,"$ARR,$COND,$EXPR,$EXPR1,$EXPR2,$EXPR3,$EXPR4,$LEN,$PTR,$TYPE","$EXPR,$EXPR1,$EXPR2,$LEN","[{""$EXPR1"": 1, ""$EXPR2"": 1, ""$EXPR3"": 1, ""$EXPR4"": 1}, {""$EXPR"": 1, ""$EXPR1"": 1, ""$EXPR2"": 1}, {""$EXPR"": 6, ""$EXPR1"": 7, ""$EXPR2"": 7}, {""$EXPR"": 6, ""$EXPR1"": 7, ""$EXPR2"": 7}, {""$EXPR"": 6, ""$EXPR1"": 7, ""$EXPR2"": 7}, {""$EXPR1"": 1, ""$EXPR2"": 1}, {""$EXPR"": 2}, {""$EXPR"": 2}, {""$EXPR"": 2}, {""$EXPR"": 2}, {""$EXPR"": 2}, {""$EXPR"": 2}, {""$EXPR"": 2}, {""$EXPR"": 2}, {""$PTR"": 1}, {""$PTR"": 1}, {""$PTR"": 1}, {""$COND"": 1}, {""$EXPR1"": 1, ""$EXPR2"": 1, ""$EXPR3"": 1}, {""$ARR"": 1, ""$LEN"": 2, ""$TYPE"": 1}, {""$ARR"": 1, ""$EXPR"": 1, ""$LEN"": 2, ""$TYPE"": 1}]",43,True,True,True,False,True,False,"C1,C2,C3,C5","deep_expression,no_metavar,plain_metavar,unnamed_ellipsis"
/home/moscovin/Documents/eboss/semgrep-rules-aggregate/collected/0xdea__c__unchecked-ret-malloc-calloc-realloc.yaml,.,0,0,raptor-unchecked-ret-malloc-calloc-realloc,A6,Containment (exclusive),"author,confidence,id,languages,message,metadata,metavariable,metavariable-pattern,pattern,pattern-either,pattern-not-inside,patterns,references,severity",False,True,True,True,False,True,False,"$ALLOC,$CAST,$FUN,$RET","$ALLOC,$FUN,$RET","[{""$ALLOC"": 5, ""$FUN"": 8, ""$RET"": 7}, {""$ALLOC"": 5, ""$FUN"": 8, ""$RET"": 7}, {""$ALLOC"": 5, ""$FUN"": 8, ""$RET"": 7}, {""$ALLOC"": 5, ""$FUN"": 8, ""$RET"": 7}, {""$ALLOC"": 5, ""$FUN"": 8, ""$RET"": 7}, {""$ALLOC"": 5, ""$FUN"": 8, ""$RET"": 7}, {""$ALLOC"": 5, ""$FUN"": 8, ""$RET"": 7}, {""$ALLOC"": 5, ""$FUN"": 8, ""$RET"": 7}, {""$ALLOC"": 5, ""$CAST"": 1, ""$FUN"": 8, ""$RET"": 7}, {""$ALLOC"": 5, ""$CAST"": 1, ""$FUN"": 8, ""$RET"": 7}, {""$ALLOC"": 5, ""$CAST"": 1, ""$FUN"": 8, ""$RET"": 7}, {""$ALLOC"": 5, ""$CAST"": 1, ""$FUN"": 8, ""$RET"": 7}, {""$ALLOC"": 5, ""$CAST"": 1, ""$FUN"": 8, ""$RET"": 7}, {""$ALLOC"": 5, ""$CAST"": 1, ""$FUN"": 8, ""$RET"": 7}, {""$ALLOC"": 5, ""$CAST"": 1, ""$FUN"": 8, ""$RET"": 7}, {""$ALLOC"": 5, ""$CAST"": 1, ""$FUN"": 8, ""$RET"": 7}]",21,True,True,True,False,True,False,"C1,C2,C3,C5","B3.5_redundant_metavariable,deep_expression,no_metavar,plain_metavar,unnamed_ellipsis"
/home/moscovin/Documents/eboss/semgrep-rules-aggregate/collected/0xdea__c__unchecked-ret-scanf-etc.yaml,.,0,0,raptor-unchecked-ret-scanf-etc,A6,Containment (exclusive),"author,confidence,id,languages,message,metadata,metavariable,metavariable-pattern,pattern,pattern-either,pattern-not-inside,patterns,references,severity",False,True,True,True,False,True,False,"$FUN,$RET,$VAL","$FUN,$VAL","[{""$FUN"": 16, ""$RET"": 1, ""$VAL"": 12}, {""$FUN"": 16, ""$RET"": 1, ""$VAL"": 12}, {""$FUN"": 16, ""$RET"": 1, ""$VAL"": 12}, {""$FUN"": 16, ""$RET"": 1, ""$VAL"": 12}, {""$FUN"": 16, ""$RET"": 1, ""$VAL"": 12}, {""$FUN"": 16, ""$RET"": 1, ""$VAL"": 12}, {""$FUN"": 16, ""$RET"": 1, ""$VAL"": 12}, {""$FUN"": 16, ""$RET"": 1, ""$VAL"": 12}, {""$FUN"": 16, ""$RET"": 1, ""$VAL"": 12}, {""$FUN"": 16, ""$RET"": 1, ""$VAL"": 12}, {""$FUN"": 16, ""$RET"": 1, ""$VAL"": 12}, {""$FUN"": 16, ""$RET"": 1, ""$VAL"": 12}]",27,True,True,True,False,True,False,"C1,C2,C3,C5","B3.5_redundant_metavariable,deep_expression,no_metavar,plain_metavar,unnamed_ellipsis"
/home/moscovin/Documents/eboss/semgrep-rules-aggregate/collected/0xdea__c__unchecked-ret-setuid-seteuid.yaml,.,0,0,raptor-unchecked-ret-setuid-seteuid,A6,Containment (exclusive),"author,confidence,id,languages,message,metadata,metavariable,metavariable-pattern,pattern,pattern-either,pattern-not-inside,patterns,references,severity",False,True,True,True,False,True,False,"$FUN,$RET,$VAL","$FUN,$VAL","[{""$FUN"": 11, ""$RET"": 1, ""$VAL"": 6}, {""$FUN"": 11, ""$RET"": 1, ""$VAL"": 6}]",12,True,True,True,False,True,False,"C1,C2,C3,C5","B3.5_redundant_metavariable,deep_expression,no_metavar,plain_metavar,unnamed_ellipsis"
/home/moscovin/Documents/eboss/semgrep-rules-aggregate/collected/0xdea__c__unsafe-ret-snprintf-vsnprintf.yaml,.,0,0,raptor-unsafe-ret-snprintf-vsnprintf,A2,Single or multiple positive pattern(s),"author,confidence,id,languages,message,metadata,pattern,pattern-either,references,severity",False,True,False,True,False,False,False,$RET,,"[{""$RET"": 1}, {""$RET"": 1}, {""$RET"": 1}, {""$RET"": 1}]",4,False,True,True,False,False,False,"C2,C3","B3.5_redundant_metavariable,plain_metavar,unnamed_ellipsis"
/home/moscovin/Documents/eboss/semgrep-rules-aggregate/collected/0xdea__c__unsafe-ret-strlcpy-strlcat.yaml,.,0,0,raptor-unsafe-ret-strlcpy-strlcat,A2,Single or multiple positive pattern(s),"author,confidence,id,languages,message,metadata,pattern,pattern-either,references,severity",False,True,False,True,False,False,False,$RET,,"[{""$RET"": 1}, {""$RET"": 1}, {""$RET"": 1}, {""$RET"": 1}, {""$RET"": 1}, {""$RET"": 1}, {""$RET"": 1}, {""$RET"": 1}]",8,False,True,True,False,False,False,"C2,C3","B3.5_redundant_metavariable,plain_metavar,unnamed_ellipsis"
/home/moscovin/Documents/eboss/semgrep-rules-aggregate/collected/0xdea__c__unsafe-strlen.yaml,.,0,0,raptor-unsafe-strlen,A2,Single or multiple positive pattern(s),"author,confidence,id,languages,message,metadata,pattern,pattern-either,references,severity",False,True,False,True,False,False,False,$LEN,,"[{""$LEN"": 1}, {""$LEN"": 1}, {""$LEN"": 1}, {""$LEN"": 1}, {""$LEN"": 1}, {""$LEN"": 1}, {""$LEN"": 1}, {""$LEN"": 1}]",8,False,True,True,False,False,False,"C2,C3","B3.5_redundant_metavariable,plain_metavar,unnamed_ellipsis"
/home/moscovin/Documents/eboss/semgrep-rules-aggregate/collected/0xdea__c__unterminated-string-strncpy-stpncpy.yaml,.,0,0,raptor-unterminated-string-strncpy-stpncpy,A6,Containment (exclusive),"author,confidence,id,languages,message,metadata,metavariable,metavariable-pattern,pattern,pattern-either,pattern-not-inside,patterns,references,severity",False,True,True,True,False,True,False,"$DST,$FUN,$N,$POS,$SRC","$DST,$FUN,$N,$POS,$SRC","[{""$DST"": 6, ""$FUN"": 5, ""$N"": 3, ""$POS"": 3, ""$SRC"": 3}, {""$DST"": 6, ""$FUN"": 5, ""$N"": 3, ""$POS"": 3, ""$SRC"": 3}, {""$DST"": 6, ""$FUN"": 5, ""$N"": 3, ""$POS"": 3, ""$SRC"": 3}, {""$DST"": 6, ""$FUN"": 5, ""$N"": 3, ""$POS"": 3, ""$SRC"": 3}]",8,True,True,True,False,False,False,"C1,C2,C3","B3.5_redundant_metavariable,no_metavar,plain_metavar,unnamed_ellipsis"
/home/moscovin/Documents/eboss/semgrep-rules-aggregate/collected/0xdea__c__use-after-free.yaml,.,0,0,raptor-use-after-free,A6,Containment (exclusive),"author,confidence,id,languages,message,metadata,metavariable,metavariable-pattern,pattern,pattern-either,pattern-inside,pattern-not,pattern-not-inside,patterns,references,severity",False,True,True,False,False,True,False,"$EXPR,$FUN,$MEM,$POS,$PTR","$FUN,$PTR","[{""$EXPR"": 1, ""$MEM"": 1, ""$PTR"": 4}, {""$EXPR"": 1, ""$POS"": 1, ""$PTR"": 4}, {""$EXPR"": 1, ""$PTR"": 4}, {""$EXPR"": 1, ""$PTR"": 4}, {""$EXPR"": 1, ""$FUN"": 2, ""$PTR"": 4}, {""$EXPR"": 1, ""$FUN"": 2, ""$MEM"": 1, ""$PTR"": 4}, {""$EXPR"": 1, ""$FUN"": 2, ""$POS"": 1, ""$PTR"": 4}, {""$EXPR"": 1, ""$FUN"": 2, ""$PTR"": 4}, {""$EXPR"": 1, ""$FUN"": 2, ""$PTR"": 4}]",12,True,True,True,False,True,False,"C1,C2,C3,C5","deep_expression,no_metavar,plain_metavar,unnamed_ellipsis"
/home/moscovin/Documents/eboss/semgrep-rules-aggregate/collected/0xdea__c__write-into-stack-buffer.yaml,.,0,0,raptor-write-into-stack-buffer,A5,Containment (inclusive),"author,confidence,id,languages,message,metadata,metavariable,metavariable-pattern,metavariable-regex,pattern,pattern-either,pattern-inside,pattern-not,patterns,references,regex,severity",False,True,True,False,True,True,False,"$ARG1,$BUF,$FMT,$FUN,$LEN,$N,$TYPE","$ARG1,$BUF,$FMT,$FUN,$N","[{""$BUF"": 4, ""$FUN"": 4, ""$LEN"": 1, ""$TYPE"": 1}, {""$BUF"": 4, ""$FUN"": 4, ""$LEN"": 1, ""$TYPE"": 1}, {""$BUF"": 4, ""$FUN"": 4, ""$LEN"": 1, ""$TYPE"": 1}, {""$BUF"": 4, ""$FUN"": 4, ""$LEN"": 1, ""$TYPE"": 1}, {""$BUF"": 4, ""$FUN"": 4, ""$LEN"": 1, ""$TYPE"": 1}, {""$BUF"": 4, ""$FUN"": 4, ""$LEN"": 1, ""$TYPE"": 1}, {""$BUF"": 4, ""$FUN"": 4, ""$LEN"": 1, ""$TYPE"": 1}, {""$BUF"": 4, ""$FUN"": 4, ""$LEN"": 1, ""$TYPE"": 1}, {""$BUF"": 4, ""$FUN"": 4, ""$LEN"": 1, ""$TYPE"": 1}, {""$BUF"": 4, ""$FUN"": 4, ""$LEN"": 1, ""$TYPE"": 1}, {""$BUF"": 4, ""$FUN"": 4, ""$LEN"": 1, ""$TYPE"": 1}, {""$BUF"": 4, ""$FUN"": 4, ""$LEN"": 1, ""$TYPE"": 1}, {""$BUF"": 4, ""$FUN"": 4, ""$LEN"": 1, ""$TYPE"": 1}, {""$BUF"": 4, ""$FUN"": 4, ""$LEN"": 1, ""$TYPE"": 1}, {""$BUF"": 4, ""$FUN"": 4, ""$LEN"": 1, ""$TYPE"": 1}, {""$BUF"": 4, ""$FUN"": 4, ""$LEN"": 1, ""$TYPE"": 1}, {""$BUF"": 4, ""$FUN"": 4, ""$LEN"": 1, ""$TYPE"": 1}, {""$BUF"": 4, ""$FUN"": 4, ""$LEN"": 1, ""$TYPE"": 1}, {""$BUF"": 4, ""$FUN"": 4, ""$LEN"": 1, ""$TYPE"": 1}, {""$BUF"": 4, ""$FUN"": 4, ""$LEN"": 1, ""$TYPE"": 1}, {""$BUF"": 4, ""$FUN"": 4, ""$LEN"": 1, ""$TYPE"": 1}, {""$BUF"": 4, ""$FUN"": 4, ""$LEN"": 1, ""$TYPE"": 1}, {""$BUF"": 4, ""$FUN"": 4, ""$LEN"": 1, ""$TYPE"": 1}, {""$BUF"": 4, ""$FUN"": 4, ""$LEN"": 1, ""$TYPE"": 1}, {""$BUF"": 3, ""$FMT"": 3, ""$FUN"": 3, ""$LEN"": 1, ""$TYPE"": 1}, {""$BUF"": 3, ""$FMT"": 3, ""$FUN"": 3, ""$LEN"": 1, ""$TYPE"": 1}, {""$BUF"": 3, ""$FMT"": 3, ""$FUN"": 3, ""$LEN"": 1, ""$N"": 2, ""$TYPE"": 1}, {""$BUF"": 3, ""$FMT"": 3, ""$FUN"": 3, ""$LEN"": 1, ""$N"": 2, ""$TYPE"": 1}, {""$BUF"": 3, ""$FUN"": 3, ""$LEN"": 1, ""$TYPE"": 1}, {""$BUF"": 3, ""$FUN"": 3, ""$LEN"": 1, ""$TYPE"": 1}, {""$BUF"": 3, ""$FUN"": 3, ""$LEN"": 1, ""$TYPE"": 1}, {""$BUF"": 3, ""$FUN"": 3, ""$LEN"": 1, ""$TYPE"": 1}, {""$BUF"": 3, ""$FUN"": 3, ""$LEN"": 1, ""$TYPE"": 1}, {""$ARG1"": 2, ""$BUF"": 4, ""$FUN"": 4, ""$LEN"": 1, ""$TYPE"": 1}, {""$ARG1"": 2, ""$BUF"": 3, ""$FUN"": 3, ""$LEN"": 1, ""$TYPE"": 1}, {""$ARG1"": 2, ""$BUF"": 3, ""$FUN"": 3, ""$LEN"": 1, ""$TYPE"": 1}, {""$ARG1"": 2, ""$BUF"": 3, ""$FUN"": 3, ""$LEN"": 1, ""$TYPE"": 1}, {""$ARG1"": 2, ""$BUF"": 3, ""$FUN"": 3, ""$LEN"": 1, ""$TYPE"": 1}]",52,True,True,True,False,False,False,"C1,C2,C3","no_metavar,plain_metavar,unnamed_ellipsis"
/home/moscovin/Documents/eboss/semgrep-rules-aggregate/collected/c__command-injection.yaml,.,0,0,raptor-command-injection,A4,Negation / Filtering,"author,confidence,id,languages,message,metadata,pattern,pattern-either,pattern-not,patterns,references,severity",False,True,False,False,False,False,False,$FUN,,"[{""$FUN"": 1}, {""$FUN"": 1}]",3,True,True,True,False,False,False,"C1,C2,C3","no_metavar,plain_metavar,unnamed_ellipsis"
/home/moscovin/Documents/eboss/semgrep-rules-aggregate/collected/c__double-free.yaml,.,0,0,raptor-double-free,A4,Negation / Filtering,"author,confidence,id,languages,message,metadata,pattern,pattern-not,patterns,references,severity",False,True,True,False,False,False,False,"$EXPR,$PTR",$PTR,"[{""$EXPR"": 1, ""$PTR"": 5}]",2,False,True,True,False,False,False,"C2,C3","plain_metavar,unnamed_ellipsis"
/home/moscovin/Documents/eboss/semgrep-rules-aggregate/collected/c__format-string-bugs.yaml,.,0,0,raptor-format-string-bugs,A4,Negation / Filtering,"author,confidence,id,languages,message,metadata,pattern,pattern-either,pattern-not,patterns,references,severity",False,True,False,False,False,False,False,"$ARG1,$ARG2,$FUN",,"[{""$FUN"": 1}, {""$FUN"": 1}, {""$FUN"": 1}, {""$FUN"": 1}, {""$FUN"": 1}, {""$FUN"": 1}, {""$FUN"": 1}, {""$FUN"": 1}, {""$FUN"": 1}, {""$FUN"": 1}, {""$FUN"": 1}, {""$FUN"": 1}, {""$FUN"": 1}, {""$FUN"": 1}, {""$FUN"": 1}, {""$FUN"": 1}, {""$FUN"": 1}, {""$ARG1"": 1, ""$FUN"": 1}, {""$ARG1"": 1, ""$FUN"": 1}, {""$ARG1"": 1, ""$FUN"": 1}, {""$ARG1"": 1, ""$FUN"": 1}, {""$ARG1"": 1, ""$FUN"": 1}, {""$ARG1"": 1, ""$FUN"": 1}, {""$ARG1"": 1, ""$FUN"": 1}, {""$ARG1"": 1, ""$FUN"": 1}, {""$ARG1"": 1, ""$FUN"": 1}, {""$ARG1"": 1, ""$FUN"": 1}, {""$ARG1"": 1, ""$FUN"": 1}, {""$ARG1"": 1, ""$FUN"": 1}, {""$ARG1"": 1, ""$FUN"": 1}, {""$ARG1"": 1, ""$FUN"": 1}, {""$ARG1"": 1, ""$FUN"": 1}, {""$ARG1"": 1, ""$FUN"": 1}, {""$ARG1"": 1, ""$FUN"": 1}, {""$ARG1"": 1, ""$FUN"": 1}, {""$ARG1"": 1, ""$FUN"": 1}, {""$ARG1"": 1, ""$FUN"": 1}, {""$ARG1"": 1, ""$FUN"": 1}, {""$ARG1"": 1, ""$FUN"": 1}, {""$ARG1"": 1, ""$FUN"": 1}, {""$ARG1"": 1, ""$FUN"": 1}, {""$ARG1"": 1, ""$FUN"": 1}, {""$ARG1"": 1, ""$FUN"": 1}, {""$ARG1"": 1, ""$FUN"": 1}, {""$ARG1"": 1, ""$ARG2"": 1, ""$FUN"": 1}, {""$ARG1"": 1, ""$ARG2"": 1, ""$FUN"": 1}, {""$ARG1"": 1, ""$ARG2"": 1, ""$FUN"": 1}, {""$ARG1"": 1, ""$ARG2"": 1, ""$FUN"": 1}, {""$ARG1"": 1, ""$ARG2"": 1, ""$FUN"": 1}, {""$ARG1"": 1, ""$ARG2"": 1, ""$FUN"": 1}]",53,True,True,True,False,False,False,"C1,C2,C3","no_metavar,plain_metavar,unnamed_ellipsis"
/home/moscovin/Documents/eboss/semgrep-rules-aggregate/collected/c__incorrect-order-setuid-setgid-etc.yaml,.,0,0,raptor-incorrect-order-setuid-setgid-etc,A6,Containment (exclusive),"author,confidence,id,languages,message,metadata,pattern,pattern-either,pattern-not,pattern-not-inside,patterns,references,severity",True,False,False,False,False,False,False,,,[],12,True,False,True,False,False,False,"C1,C3","no_metavar,unnamed_ellipsis"
/home/moscovin/Documents/eboss/semgrep-rules-aggregate/collected/c__incorrect-unsigned-comparison.yaml,.,0,0,raptor-incorrect-unsigned-comparison,A2,Single or multiple positive pattern(s),"author,confidence,id,languages,message,metadata,pattern,pattern-either,references,severity",False,True,False,True,False,False,False,$UNSIGNED,,"[{""$UNSIGNED"": 1}, {""$UNSIGNED"": 1}, {""$UNSIGNED"": 1}, {""$UNSIGNED"": 1}, {""$UNSIGNED"": 1}, {""$UNSIGNED"": 1}, {""$UNSIGNED"": 1}, {""$UNSIGNED"": 1}, {""$UNSIGNED"": 1}, {""$UNSIGNED"": 1}, {""$UNSIGNED"": 1}, {""$UNSIGNED"": 1}, {""$UNSIGNED"": 1}, {""$UNSIGNED"": 1}, {""$UNSIGNED"": 1}, {""$UNSIGNED"": 1}, {""$UNSIGNED"": 1}, {""$UNSIGNED"": 1}]",18,False,True,False,False,False,False,C2,"B3.5_redundant_metavariable,plain_metavar"
/home/moscovin/Documents/eboss/semgrep-rules-aggregate/collected/c__incorrect-use-of-sizeof.yaml,.,0,0,raptor-incorrect-use-of-sizeof,A5,Containment (inclusive),"author,confidence,id,languages,message,metadata,pattern,pattern-either,pattern-inside,pattern-not,patterns,references,severity",False,True,True,False,False,False,False,"$EXPR,$PTR,$TYPE",$PTR,"[{""$PTR"": 1}, {""$PTR"": 1}, {""$PTR"": 1}, {""$PTR"": 1}, {""$PTR"": 2, ""$TYPE"": 1}, {""$EXPR"": 1, ""$PTR"": 2, ""$TYPE"": 1}]",8,True,True,True,False,False,False,"C1,C2,C3","no_metavar,plain_metavar,unnamed_ellipsis"
/home/moscovin/Documents/eboss/semgrep-rules-aggregate/collected/c__incorrect-use-of-strncat.yaml,.,0,0,raptor-incorrect-use-of-strncat,A5,Containment (inclusive),"author,confidence,id,languages,message,metadata,pattern,pattern-either,pattern-inside,patterns,references,severity",False,True,True,False,False,False,False,"$DST,$EXPR,$LEN,$SRC,$TYPE","$DST,$LEN","[{""$DST"": 2, ""$LEN"": 2, ""$SRC"": 1, ""$TYPE"": 1}, {""$DST"": 2, ""$EXPR"": 1, ""$LEN"": 2, ""$SRC"": 1, ""$TYPE"": 1}, {""$DST"": 2, ""$SRC"": 1}, {""$DST"": 3, ""$SRC"": 1}]",5,False,True,True,False,False,False,"C2,C3","plain_metavar,unnamed_ellipsis"
/home/moscovin/Documents/eboss/semgrep-rules-aggregate/collected/c__incorrect-use-of-strncpy-stpncpy-strlcpy.yaml,.,0,0,raptor-incorrect-use-of-strncpy-stpncpy-strlcpy,A5,Containment (inclusive),"author,confidence,id,languages,message,metadata,metavariable,metavariable-pattern,pattern,pattern-either,pattern-inside,patterns,references,severity",False,True,True,False,False,True,False,"$DST,$EXPR,$FUN,$LEN,$SRC,$TYPE","$FUN,$LEN,$SRC","[{""$DST"": 1, ""$FUN"": 2, ""$LEN"": 2, ""$SRC"": 2, ""$TYPE"": 1}, {""$DST"": 1, ""$EXPR"": 1, ""$FUN"": 2, ""$LEN"": 2, ""$SRC"": 2, ""$TYPE"": 1}, {""$DST"": 1, ""$FUN"": 2, ""$LEN"": 2, ""$SRC"": 2, ""$TYPE"": 1}, {""$DST"": 1, ""$EXPR"": 1, ""$FUN"": 2, ""$LEN"": 2, ""$SRC"": 2, ""$TYPE"": 1}, {""$DST"": 1, ""$FUN"": 2, ""$LEN"": 2, ""$SRC"": 2, ""$TYPE"": 1}, {""$DST"": 1, ""$EXPR"": 1, ""$FUN"": 2, ""$LEN"": 2, ""$SRC"": 2, ""$TYPE"": 1}, {""$DST"": 1, ""$FUN"": 2, ""$SRC"": 2}, {""$DST"": 1, ""$FUN"": 2, ""$SRC"": 2}, {""$DST"": 1, ""$FUN"": 2, ""$SRC"": 2}]",10,True,True,True,False,True,False,"C1,C2,C3,C5","deep_expression,no_metavar,plain_metavar,unnamed_ellipsis"
/home/moscovin/Documents/eboss/semgrep-rules-aggregate/collected/c__insecure-api-access-stat-lstat.yaml,.,0,0,raptor-insecure-api-access-stat-lstat,A2,Single or multiple positive pattern(s),"author,confidence,id,languages,message,metadata,pattern,pattern-either,references,severity",True,False,False,False,False,False,False,,,[],3,True,False,True,False,False,False,"C1,C3","no_metavar,unnamed_ellipsis"
/home/moscovin/Documents/eboss/semgrep-rules-aggregate/collected/c__insecure-api-alloca.yaml,.,0,0,raptor-insecure-api-alloca,A2,Single or multiple positive pattern(s),"author,confidence,id,languages,message,metadata,pattern,references,severity",True,False,False,False,False,False,False,,,[],1,True,False,True,False,False,False,"C1,C3","no_metavar,unnamed_ellipsis"
/home/moscovin/Documents/eboss/semgrep-rules-aggregate/collected/c__insecure-api-atoi-atol-atof.yaml,.,0,0,raptor-insecure-api-atoi-atol-atof,A2,Single or multiple positive pattern(s),"author,confidence,id,languages,message,metadata,pattern,pattern-either,references,severity",True,False,False,False,False,False,False,,,[],3,True,False,True,False,False,False,"C1,C3","no_metavar,unnamed_ellipsis"
/home/moscovin/Documents/eboss/semgrep-rules-aggregate/collected/c__insecure-api-gets.yaml,.,0,0,raptor-insecure-api-gets,A2,Single or multiple positive pattern(s),"author,confidence,id,languages,message,metadata,pattern,references,severity",True,False,False,False,False,False,False,,,[],1,True,False,True,False,False,False,"C1,C3","no_metavar,unnamed_ellipsis"
/home/moscovin/Documents/eboss/semgrep-rules-aggregate/collected/c__insecure-api-mktemp-tmpnam-tempnam.yaml,.,0,0,raptor-insecure-api-mktemp-tmpnam-tempnam,A2,Single or multiple positive pattern(s),"author,confidence,id,languages,message,metadata,pattern,pattern-either,references,severity",True,False,False,False,False,False,False,,,[],3,True,False,True,False,False,False,"C1,C3","no_metavar,unnamed_ellipsis"
/home/moscovin/Documents/eboss/semgrep-rules-aggregate/collected/c__insecure-api-rand-srand.yaml,.,0,0,raptor-insecure-api-rand-srand,A2,Single or multiple positive pattern(s),"author,confidence,id,languages,message,metadata,pattern,pattern-either,references,severity",True,False,False,False,False,False,False,,,[],2,True,False,True,False,False,False,"C1,C3","no_metavar,unnamed_ellipsis"
/home/moscovin/Documents/eboss/semgrep-rules-aggregate/collected/c__insecure-api-scanf-etc.yaml,.,0,0,raptor-insecure-api-scanf-etc,A3,Conjunction / Intersection,"author,confidence,id,languages,message,metadata,metavariable,metavariable-regex,pattern,pattern-either,patterns,references,regex,severity",False,True,True,True,True,False,False,"$BUF,$FMT,$FS",$FMT,"[{""$FMT"": 2}, {""$FMT"": 2}, {""$FMT"": 2, ""$FS"": 1}, {""$FMT"": 2, ""$FS"": 1}, {""$BUF"": 1, ""$FMT"": 2}, {""$BUF"": 1, ""$FMT"": 2}, {""$FMT"": 2}, {""$FMT"": 2}, {""$FMT"": 2, ""$FS"": 1}, {""$FMT"": 2, ""$FS"": 1}, {""$BUF"": 1, ""$FMT"": 2}, {""$BUF"": 1, ""$FMT"": 2}]",12,False,True,True,False,False,False,"C2,C3","B3.5_redundant_metavariable,plain_metavar,unnamed_ellipsis"
/home/moscovin/Documents/eboss/semgrep-rules-aggregate/collected/c__insecure-api-sprintf-vsprintf.yaml,.,0,0,raptor-insecure-api-sprintf-vsprintf,A3,Conjunction / Intersection,"author,confidence,id,languages,message,metadata,metavariable,metavariable-regex,pattern,pattern-either,patterns,references,regex,severity",False,True,True,True,True,False,False,"$BUF,$FMT",$FMT,"[{""$BUF"": 1, ""$FMT"": 2}, {""$BUF"": 1, ""$FMT"": 2}]",2,False,True,True,False,False,False,"C2,C3","B3.5_redundant_metavariable,plain_metavar,unnamed_ellipsis"
/home/moscovin/Documents/eboss/semgrep-rules-aggregate/collected/c__insecure-api-strcpy-stpcpy-strcat.yaml,.,0,0,raptor-insecure-api-strcpy-stpcpy-strcat,A4,Negation / Filtering,"author,confidence,id,languages,message,metadata,pattern,pattern-either,pattern-not,patterns,references,severity",False,True,False,False,False,False,False,"$BUF,$FUN",,"[{""$BUF"": 1, ""$FUN"": 1}, {""$BUF"": 1, ""$FUN"": 1}, {""$BUF"": 1, ""$FUN"": 1}, {""$BUF"": 1, ""$FUN"": 1}, {""$BUF"": 1, ""$FUN"": 1}, {""$BUF"": 1, ""$FUN"": 1}]",7,True,True,True,False,False,False,"C1,C2,C3","no_metavar,plain_metavar,unnamed_ellipsis"
/home/moscovin/Documents/eboss/semgrep-rules-aggregate/collected/c__integer-truncation.yaml,.,0,0,raptor-integer-truncation,A2,Single or multiple positive pattern(s),"author,confidence,id,languages,message,metadata,pattern,pattern-either,references,severity",False,True,False,True,False,False,False,"$FUN,$LARGE,$NARROW",,"[{""$LARGE"": 1, ""$NARROW"": 1}, {""$LARGE"": 1, ""$NARROW"": 1}, {""$LARGE"": 1, ""$NARROW"": 1}, {""$LARGE"": 1, ""$NARROW"": 1}, {""$LARGE"": 1, ""$NARROW"": 1}, {""$LARGE"": 1, ""$NARROW"": 1}, {""$LARGE"": 1, ""$NARROW"": 1}, {""$LARGE"": 1, ""$NARROW"": 1}, {""$LARGE"": 1, ""$NARROW"": 1}, {""$LARGE"": 1, ""$NARROW"": 1}, {""$LARGE"": 1, ""$NARROW"": 1}, {""$FUN"": 1, ""$LARGE"": 1}, {""$FUN"": 1, ""$LARGE"": 1}, {""$FUN"": 1, ""$LARGE"": 1}, {""$LARGE"": 1, ""$NARROW"": 1}, {""$LARGE"": 1, ""$NARROW"": 1}, {""$LARGE"": 1, ""$NARROW"": 1}, {""$LARGE"": 1, ""$NARROW"": 1}, {""$LARGE"": 1, ""$NARROW"": 1}, {""$LARGE"": 1, ""$NARROW"": 1}, {""$LARGE"": 1, ""$NARROW"": 1}, {""$LARGE"": 1, ""$NARROW"": 1}, {""$LARGE"": 1, ""$NARROW"": 1}, {""$LARGE"": 1, ""$NARROW"": 1}, {""$LARGE"": 1, ""$NARROW"": 1}, {""$LARGE"": 1, ""$NARROW"": 1}, {""$LARGE"": 1, ""$NARROW"": 1}, {""$LARGE"": 1, ""$NARROW"": 1}, {""$LARGE"": 1, ""$NARROW"": 1}, {""$LARGE"": 1, ""$NARROW"": 1}, {""$FUN"": 1, ""$LARGE"": 1}, {""$FUN"": 1, ""$LARGE"": 1}, {""$LARGE"": 1, ""$NARROW"": 1}, {""$LARGE"": 1, ""$NARROW"": 1}, {""$LARGE"": 1, ""$NARROW"": 1}, {""$LARGE"": 1, ""$NARROW"": 1}, {""$LARGE"": 1, ""$NARROW"": 1}, {""$LARGE"": 1, ""$NARROW"": 1}, {""$FUN"": 1, ""$LARGE"": 1}, {""$LARGE"": 1, ""$NARROW"": 1}, {""$LARGE"": 1, ""$NARROW"": 1}]",41,False,True,True,False,True,False,"C2,C3,C5","B3.5_redundant_metavariable,deep_expression,plain_metavar,unnamed_ellipsis"
/home/moscovin/Documents/eboss/semgrep-rules-aggregate/collected/c__integer-wraparound.yaml,.,0,0,raptor-integer-wraparound,A5,Containment (inclusive),"author,confidence,id,languages,message,metadata,metavariable,metavariable-pattern,pattern,pattern-either,pattern-inside,patterns,references,severity",False,True,True,False,False,True,False,"$ARG1,$FUN,$N,$X,$Y","$FUN,$N","[{""$FUN"": 2, ""$X"": 1, ""$Y"": 1}, {""$FUN"": 2, ""$X"": 1, ""$Y"": 1}, {""$FUN"": 2, ""$N"": 2, ""$X"": 1, ""$Y"": 1}, {""$FUN"": 2, ""$N"": 2, ""$X"": 1, ""$Y"": 1}, {""$ARG1"": 1, ""$FUN"": 2, ""$X"": 1, ""$Y"": 1}, {""$ARG1"": 1, ""$FUN"": 2, ""$X"": 1, ""$Y"": 1}, {""$ARG1"": 1, ""$FUN"": 2, ""$X"": 1, ""$Y"": 1}, {""$ARG1"": 1, ""$FUN"": 2, ""$X"": 1, ""$Y"": 1}, {""$ARG1"": 1, ""$FUN"": 2, ""$N"": 2, ""$X"": 1, ""$Y"": 1}, {""$ARG1"": 1, ""$FUN"": 2, ""$N"": 2, ""$X"": 1, ""$Y"": 1}, {""$ARG1"": 1, ""$FUN"": 2, ""$N"": 2, ""$X"": 1, ""$Y"": 1}, {""$ARG1"": 1, ""$FUN"": 2, ""$N"": 2, ""$X"": 1, ""$Y"": 1}]",18,True,True,True,False,False,False,"C1,C2,C3","no_metavar,plain_metavar,unnamed_ellipsis"
/home/moscovin/Documents/eboss/semgrep-rules-aggregate/collected/c__interesting-api-calls.yaml,.,0,0,raptor-interesting-api-calls,A2,Single or multiple positive pattern(s),"author,confidence,id,languages,message,metadata,pattern-either,pattern-regex,references,severity",True,False,False,False,False,False,False,,,[],39,True,False,False,False,False,False,C1,no_metavar
/home/moscovin/Documents/eboss/semgrep-rules-aggregate/collected/c__memory-address-exposure.yaml,.,0,0,raptor-memory-address-exposure,A3,Conjunction / Intersection,"author,confidence,id,languages,message,metadata,metavariable,metavariable-regex,pattern,pattern-either,patterns,references,regex,severity",False,True,True,True,True,False,False,"$ARG1,$ARG2,$FMT",$FMT,"[{""$FMT"": 2}, {""$FMT"": 2}, {""$FMT"": 2}, {""$FMT"": 2}, {""$FMT"": 2}, {""$FMT"": 2}, {""$FMT"": 2}, {""$FMT"": 2}, {""$ARG1"": 1, ""$FMT"": 2}, {""$ARG1"": 1, ""$FMT"": 2}, {""$ARG1"": 1, ""$FMT"": 2}, {""$ARG1"": 1, ""$FMT"": 2}, {""$ARG1"": 1, ""$FMT"": 2}, {""$ARG1"": 1, ""$FMT"": 2}, {""$ARG1"": 1, ""$FMT"": 2}, {""$ARG1"": 1, ""$FMT"": 2}, {""$ARG1"": 1, ""$FMT"": 2}, {""$ARG1"": 1, ""$FMT"": 2}, {""$ARG1"": 1, ""$FMT"": 2}, {""$ARG1"": 1, ""$ARG2"": 1, ""$FMT"": 2}, {""$ARG1"": 1, ""$ARG2"": 1, ""$FMT"": 2}, {""$ARG1"": 1, ""$ARG2"": 1, ""$FMT"": 2}, {""$ARG1"": 1, ""$ARG2"": 1, ""$FMT"": 2}]",23,False,True,True,False,False,False,"C2,C3","B3.5_redundant_metavariable,plain_metavar,unnamed_ellipsis"
/home/moscovin/Documents/eboss/semgrep-rules-aggregate/collected/c__mismatched-memory-management.yaml,.,0,0,raptor-mismatched-memory-management,A6,Containment (exclusive),"author,confidence,id,languages,message,metadata,pattern,pattern-either,pattern-not-inside,patterns,references,severity",False,True,True,False,False,False,False,"$CAST,$PTR","$CAST,$PTR","[{""$CAST"": 3, ""$PTR"": 13}]",7,False,True,True,False,False,False,"C2,C3","plain_metavar,unnamed_ellipsis"
/home/moscovin/Documents/eboss/semgrep-rules-aggregate/collected/c__off-by-one.yaml,.,0,0,raptor-off-by-one,A5,Containment (inclusive),"author,confidence,id,languages,message,metadata,metavariable,metavariable-pattern,pattern,pattern-either,pattern-inside,pattern-not,patterns,references,severity",False,True,True,False,False,True,False,"$BUF,$DST,$EXPR,$I,$LEN,$SIZE,$SRC,$TYPE,$VAL","$BUF,$EXPR,$I,$LEN,$SIZE","[{""$BUF"": 2, ""$EXPR"": 1}, {""$BUF"": 3, ""$EXPR"": 2, ""$SIZE"": 3, ""$TYPE"": 1}, {""$I"": 3, ""$SIZE"": 1}, {""$I"": 3, ""$SIZE"": 1, ""$TYPE"": 1}, {""$I"": 1, ""$SIZE"": 1}, {""$I"": 1, ""$SIZE"": 1}, {""$DST"": 1, ""$SRC"": 1}, {""$DST"": 1, ""$SRC"": 1}, {""$DST"": 1, ""$SRC"": 1}, {""$DST"": 1, ""$SRC"": 1}, {""$DST"": 1, ""$LEN"": 2, ""$SRC"": 1, ""$VAL"": 1}]",13,False,True,True,False,True,False,"C2,C3,C5","deep_expression,plain_metavar,unnamed_ellipsis"
/home/moscovin/Documents/eboss/semgrep-rules-aggregate/collected/c__pointer-subtraction.yaml,.,0,0,raptor-pointer-subtraction,A5,Containment (inclusive),"author,confidence,id,languages,message,metadata,pattern,pattern-either,pattern-inside,patterns,references,severity",False,True,True,False,False,False,False,"$EXPR1,$EXPR2,$PTR1,$PTR2,$PTR3,$TYPE","$PTR1,$PTR2,$TYPE","[{""$PTR1"": 1, ""$PTR2"": 1}, {""$PTR1"": 1, ""$PTR2"": 1}, {""$PTR1"": 1, ""$PTR2"": 1}, {""$PTR1"": 1, ""$PTR2"": 1}, {""$PTR1"": 2, ""$PTR2"": 2, ""$TYPE"": 2}, {""$EXPR1"": 1, ""$EXPR2"": 1, ""$PTR1"": 2, ""$PTR2"": 2, ""$TYPE"": 2}, {""$EXPR1"": 1, ""$PTR1"": 2, ""$PTR2"": 2, ""$TYPE"": 2}, {""$EXPR2"": 1, ""$PTR1"": 2, ""$PTR2"": 2, ""$TYPE"": 2}, {""$PTR1"": 2, ""$PTR2"": 2, ""$PTR3"": 1, ""$TYPE"": 2}, {""$PTR1"": 2, ""$PTR2"": 2, ""$PTR3"": 1, ""$TYPE"": 2}, {""$PTR1"": 2, ""$PTR2"": 2, ""$TYPE"": 2}, {""$EXPR1"": 1, ""$EXPR2"": 1, ""$PTR1"": 2, ""$PTR2"": 2, ""$TYPE"": 2}, {""$EXPR1"": 1, ""$PTR1"": 2, ""$PTR2"": 2, ""$TYPE"": 2}, {""$EXPR2"": 1, ""$PTR1"": 2, ""$PTR2"": 2, ""$TYPE"": 2}, {""$PTR1"": 2, ""$PTR2"": 2, ""$PTR3"": 1, ""$TYPE"": 2}, {""$PTR1"": 2, ""$PTR2"": 2, ""$PTR3"": 1, ""$TYPE"": 2}]",12,False,True,True,False,False,False,"C2,C3","plain_metavar,unnamed_ellipsis"
/home/moscovin/Documents/eboss/semgrep-rules-aggregate/collected/c__ret-stack-address.yaml,.,0,0,raptor-ret-stack-address,A5,Containment (inclusive),"author,confidence,id,languages,message,metadata,pattern,pattern-either,pattern-inside,patterns,references,severity",False,True,True,False,False,False,False,"$ARR,$EXPR,$PTR,$SIZE,$TYPE,$VAR","$ARR,$PTR,$VAR","[{""$PTR"": 2, ""$SIZE"": 1, ""$TYPE"": 1}, {""$EXPR"": 1, ""$PTR"": 2, ""$SIZE"": 1, ""$TYPE"": 1}, {""$ARR"": 2, ""$PTR"": 2, ""$SIZE"": 1, ""$TYPE"": 1}, {""$ARR"": 2, ""$EXPR"": 1, ""$PTR"": 2, ""$SIZE"": 1, ""$TYPE"": 1}, {""$TYPE"": 1, ""$VAR"": 2}, {""$EXPR"": 1, ""$TYPE"": 1, ""$VAR"": 2}]",8,False,True,True,False,False,False,"C2,C3","plain_metavar,unnamed_ellipsis"
/home/moscovin/Documents/eboss/semgrep-rules-aggregate/collected/c__signed-unsigned-conversion.yaml,.,0,0,raptor-signed-unsigned-conversion,A2,Single or multiple positive pattern(s),"author,confidence,id,languages,message,metadata,pattern,pattern-either,references,severity",False,True,False,True,False,False,False,"$BUF,$CHAR,$CNT,$DST,$FD,$FL,$FUN,$LEN,$PTR,$SD,$SIGNED,$SRC,$UNSIGNED",,"[{""$SIGNED"": 1, ""$UNSIGNED"": 1}, {""$FUN"": 1, ""$SIGNED"": 1}, {""$SIGNED"": 1, ""$UNSIGNED"": 1}, {""$FUN"": 1, ""$SIGNED"": 1}, {""$SIGNED"": 1, ""$UNSIGNED"": 1}, {""$FUN"": 1, ""$SIGNED"": 1}, {""$SIGNED"": 1, ""$UNSIGNED"": 1}, {""$FUN"": 1, ""$SIGNED"": 1}, {""$DST"": 1, ""$LEN"": 1, ""$SRC"": 1}, {""$DST"": 1, ""$LEN"": 1, ""$SRC"": 1}, {""$DST"": 1, ""$LEN"": 1, ""$SRC"": 1}, {""$DST"": 1, ""$LEN"": 1, ""$SRC"": 1}, {""$DST"": 1, ""$LEN"": 1, ""$SRC"": 1}, {""$BUF"": 1, ""$LEN"": 1}, {""$BUF"": 1, ""$LEN"": 1}, {""$BUF"": 1, ""$LEN"": 1}, {""$DST"": 1, ""$LEN"": 1, ""$SRC"": 1}, {""$CHAR"": 1, ""$DST"": 1, ""$LEN"": 1, ""$SRC"": 1}, {""$DST"": 1, ""$LEN"": 1, ""$SRC"": 1}, {""$CHAR"": 1, ""$DST"": 1, ""$LEN"": 1}, {""$DST"": 1, ""$LEN"": 1, ""$SRC"": 1}, {""$LEN"": 1}, {""$LEN"": 1}, {""$CNT"": 1, ""$LEN"": 1}, {""$CNT"": 1, ""$LEN"": 1}, {""$LEN"": 1, ""$PTR"": 1}, {""$BUF"": 1, ""$FD"": 1, ""$LEN"": 1}, {""$BUF"": 1, ""$FL"": 1, ""$LEN"": 1, ""$SD"": 1}, {""$BUF"": 1, ""$FL"": 1, ""$LEN"": 1, ""$SD"": 1}, {""$SIGNED"": 1, ""$UNSIGNED"": 1}, {""$FUN"": 1, ""$UNSIGNED"": 1}, {""$SIGNED"": 1, ""$UNSIGNED"": 1}, {""$FUN"": 1, ""$UNSIGNED"": 1}, {""$SIGNED"": 1, ""$UNSIGNED"": 1}, {""$FUN"": 1, ""$UNSIGNED"": 1}, {""$SIGNED"": 1, ""$UNSIGNED"": 1}, {""$FUN"": 1, ""$UNSIGNED"": 1}]",37,False,True,True,False,True,False,"C2,C3,C5","B3.5_redundant_metavariable,deep_expression,plain_metavar,unnamed_ellipsis"
/home/moscovin/Documents/eboss/semgrep-rules-aggregate/collected/c__typos.yaml,.,0,0,raptor-typos,A6,Containment (exclusive),"author,confidence,id,languages,message,metadata,metavariable,metavariable-regex,pattern,pattern-either,pattern-not-inside,patterns,references,regex,severity",False,True,True,False,True,False,False,"$ARR,$COND,$EXPR,$EXPR1,$EXPR2,$EXPR3,$EXPR4,$SIZE,$TYPE","$EXPR,$EXPR1,$EXPR2,$SIZE","[{""$EXPR1"": 1, ""$EXPR2"": 1, ""$EXPR3"": 1, ""$EXPR4"": 1}, {""$EXPR1"": 1, ""$EXPR2"": 1}, {""$EXPR"": 6, ""$EXPR1"": 7, ""$EXPR2"": 7}, {""$EXPR"": 6, ""$EXPR1"": 7, ""$EXPR2"": 7}, {""$EXPR"": 6, ""$EXPR1"": 7, ""$EXPR2"": 7}, {""$EXPR1"": 1, ""$EXPR2"": 1}, {""$COND"": 1}, {""$EXPR1"": 1, ""$EXPR2"": 1, ""$EXPR3"": 1}, {""$ARR"": 1, ""$SIZE"": 2, ""$TYPE"": 1}, {""$ARR"": 1, ""$EXPR"": 1, ""$SIZE"": 2, ""$TYPE"": 1}]",28,False,True,True,False,True,False,"C2,C3,C5","deep_expression,plain_metavar,unnamed_ellipsis"
/home/moscovin/Documents/eboss/semgrep-rules-aggregate/collected/c__unchecked-ret-malloc-calloc-realloc.yaml,.,0,0,raptor-unchecked-ret-malloc-calloc-realloc,A6,Containment (exclusive),"author,confidence,id,languages,message,metadata,pattern,pattern-either,pattern-not-inside,patterns,references,severity",False,True,True,False,False,False,False,"$ALLOC,$CAST,$RET","$ALLOC,$RET","[{""$ALLOC"": 3, ""$RET"": 5}, {""$ALLOC"": 3, ""$CAST"": 1, ""$RET"": 5}, {""$ALLOC"": 3, ""$RET"": 5}, {""$ALLOC"": 3, ""$CAST"": 1, ""$RET"": 5}, {""$ALLOC"": 3, ""$RET"": 5}, {""$ALLOC"": 3, ""$CAST"": 1, ""$RET"": 5}]",27,False,True,True,False,True,False,"C2,C3,C5","deep_expression,plain_metavar,unnamed_ellipsis"
/home/moscovin/Documents/eboss/semgrep-rules-aggregate/collected/c__unchecked-ret-setuid-seteuid.yaml,.,0,0,raptor-unchecked-ret-setuid-seteuid,A6,Containment (exclusive),"author,confidence,id,languages,message,metadata,pattern,pattern-either,pattern-not-inside,patterns,references,severity",False,True,True,False,False,False,False,"$RET,$VAL",$VAL,"[{""$RET"": 1, ""$VAL"": 3}, {""$RET"": 1, ""$VAL"": 3}]",14,True,True,True,False,True,False,"C1,C2,C3,C5","deep_expression,no_metavar,plain_metavar,unnamed_ellipsis"
/home/moscovin/Documents/eboss/semgrep-rules-aggregate/collected/c__unsafe-ret-snprintf-vsnprintf.yaml,.,0,0,raptor-unsafe-ret-snprintf-vsnprintf,A2,Single or multiple positive pattern(s),"author,confidence,id,languages,message,metadata,pattern,pattern-either,references,severity",False,True,False,True,False,False,False,$RET,,"[{""$RET"": 1}, {""$RET"": 1}, {""$RET"": 1}, {""$RET"": 1}]",4,False,True,True,False,False,False,"C2,C3","B3.5_redundant_metavariable,plain_metavar,unnamed_ellipsis"
/home/moscovin/Documents/eboss/semgrep-rules-aggregate/collected/c__unsafe-ret-strlcpy-strlcat.yaml,.,0,0,raptor-unsafe-ret-strlcpy-strlcat,A2,Single or multiple positive pattern(s),"author,confidence,id,languages,message,metadata,pattern,pattern-either,references,severity",False,True,False,True,False,False,False,$RET,,"[{""$RET"": 1}, {""$RET"": 1}, {""$RET"": 1}, {""$RET"": 1}, {""$RET"": 1}, {""$RET"": 1}, {""$RET"": 1}, {""$RET"": 1}]",8,False,True,True,False,False,False,"C2,C3","B3.5_redundant_metavariable,plain_metavar,unnamed_ellipsis"
/home/moscovin/Documents/eboss/semgrep-rules-aggregate/collected/c__unsafe-strlen.yaml,.,0,0,raptor-unsafe-strlen,A2,Single or multiple positive pattern(s),"author,confidence,id,languages,message,metadata,pattern,pattern-either,references,severity",False,True,False,True,False,False,False,$LEN,,"[{""$LEN"": 1}, {""$LEN"": 1}, {""$LEN"": 1}, {""$LEN"": 1}, {""$LEN"": 1}, {""$LEN"": 1}, {""$LEN"": 1}, {""$LEN"": 1}]",8,False,True,True,False,False,False,"C2,C3","B3.5_redundant_metavariable,plain_metavar,unnamed_ellipsis"
/home/moscovin/Documents/eboss/semgrep-rules-aggregate/collected/c__unterminated-string-strncpy-stpncpy.yaml,.,0,0,raptor-unterminated-string-strncpy-stpncpy,A6,Containment (exclusive),"author,confidence,id,languages,message,metadata,pattern,pattern-either,pattern-not-inside,patterns,references,severity",False,True,True,False,False,False,False,"$DST,$N,$POS,$SRC","$DST,$N,$POS,$SRC","[{""$DST"": 6, ""$N"": 3, ""$POS"": 3, ""$SRC"": 3}, {""$DST"": 6, ""$N"": 3, ""$POS"": 3, ""$SRC"": 3}, {""$DST"": 6, ""$N"": 3, ""$POS"": 3, ""$SRC"": 3}, {""$DST"": 6, ""$N"": 3, ""$POS"": 3, ""$SRC"": 3}]",16,True,True,True,False,False,False,"C1,C2,C3","no_metavar,plain_metavar,unnamed_ellipsis"
/home/moscovin/Documents/eboss/semgrep-rules-aggregate/collected/c__use-after-free.yaml,.,0,0,raptor-use-after-free,A4,Negation / Filtering,"author,confidence,id,languages,message,metadata,metavariable,metavariable-pattern,pattern,pattern-either,pattern-not,patterns,references,severity",False,True,True,False,False,True,False,"$EXPR,$FUN,$MEM,$POS,$PTR","$FUN,$MEM,$PTR","[{""$EXPR"": 1, ""$FUN"": 3, ""$PTR"": 5}, {""$EXPR"": 1, ""$FUN"": 2, ""$MEM"": 2, ""$PTR"": 5}, {""$EXPR"": 1, ""$FUN"": 2, ""$PTR"": 5}, {""$EXPR"": 1, ""$PTR"": 5}, {""$EXPR"": 1, ""$POS"": 1, ""$PTR"": 5}]",11,True,True,True,False,False,False,"C1,C2,C3","no_metavar,plain_metavar,unnamed_ellipsis"
/home/moscovin/Documents/eboss/semgrep-rules-aggregate/collected/c__write-into-stack-buffer.yaml,.,0,0,raptor-write-into-stack-buffer,A5,Containment (inclusive),"author,confidence,id,languages,message,metadata,metavariable,metavariable-pattern,metavariable-regex,pattern,pattern-either,pattern-inside,pattern-not,patterns,references,regex,severity",False,True,True,False,True,True,False,"$ARG1,$BUF,$FMT,$FUN,$LEN,$SIZE,$TYPE","$ARG1,$BUF,$FMT,$FUN,$LEN","[{""$BUF"": 4, ""$FUN"": 4, ""$SIZE"": 1, ""$TYPE"": 1}, {""$BUF"": 4, ""$FUN"": 4, ""$SIZE"": 1, ""$TYPE"": 1}, {""$BUF"": 4, ""$FUN"": 4, ""$SIZE"": 1, ""$TYPE"": 1}, {""$BUF"": 4, ""$FUN"": 4, ""$SIZE"": 1, ""$TYPE"": 1}, {""$BUF"": 4, ""$FUN"": 4, ""$SIZE"": 1, ""$TYPE"": 1}, {""$BUF"": 4, ""$FUN"": 4, ""$SIZE"": 1, ""$TYPE"": 1}, {""$BUF"": 4, ""$FUN"": 4, ""$SIZE"": 1, ""$TYPE"": 1}, {""$BUF"": 4, ""$FUN"": 4, ""$SIZE"": 1, ""$TYPE"": 1}, {""$BUF"": 4, ""$FUN"": 4, ""$SIZE"": 1, ""$TYPE"": 1}, {""$BUF"": 4, ""$FUN"": 4, ""$SIZE"": 1, ""$TYPE"": 1}, {""$BUF"": 4, ""$FUN"": 4, ""$SIZE"": 1, ""$TYPE"": 1}, {""$BUF"": 4, ""$FUN"": 4, ""$SIZE"": 1, ""$TYPE"": 1}, {""$BUF"": 4, ""$FUN"": 4, ""$SIZE"": 1, ""$TYPE"": 1}, {""$BUF"": 4, ""$FUN"": 4, ""$SIZE"": 1, ""$TYPE"": 1}, {""$BUF"": 4, ""$FUN"": 4, ""$SIZE"": 1, ""$TYPE"": 1}, {""$BUF"": 4, ""$FUN"": 4, ""$SIZE"": 1, ""$TYPE"": 1}, {""$BUF"": 4, ""$FUN"": 4, ""$SIZE"": 1, ""$TYPE"": 1}, {""$BUF"": 4, ""$FUN"": 4, ""$SIZE"": 1, ""$TYPE"": 1}, {""$BUF"": 4, ""$FUN"": 4, ""$SIZE"": 1, ""$TYPE"": 1}, {""$BUF"": 4, ""$FUN"": 4, ""$SIZE"": 1, ""$TYPE"": 1}, {""$BUF"": 4, ""$FUN"": 4, ""$SIZE"": 1, ""$TYPE"": 1}, {""$BUF"": 4, ""$FUN"": 4, ""$SIZE"": 1, ""$TYPE"": 1}, {""$BUF"": 4, ""$FUN"": 4, ""$SIZE"": 1, ""$TYPE"": 1}, {""$BUF"": 3, ""$FMT"": 3, ""$FUN"": 3, ""$SIZE"": 1, ""$TYPE"": 1}, {""$BUF"": 3, ""$FMT"": 3, ""$FUN"": 3, ""$SIZE"": 1, ""$TYPE"": 1}, {""$BUF"": 3, ""$FMT"": 3, ""$FUN"": 3, ""$LEN"": 2, ""$SIZE"": 1, ""$TYPE"": 1}, {""$BUF"": 3, ""$FMT"": 3, ""$FUN"": 3, ""$LEN"": 2, ""$SIZE"": 1, ""$TYPE"": 1}, {""$BUF"": 3, ""$FUN"": 3, ""$SIZE"": 1, ""$TYPE"": 1}, {""$BUF"": 3, ""$FUN"": 3, ""$SIZE"": 1, ""$TYPE"": 1}, {""$BUF"": 3, ""$FUN"": 3, ""$SIZE"": 1, ""$TYPE"": 1}, {""$BUF"": 3, ""$FUN"": 3, ""$SIZE"": 1, ""$TYPE"": 1}, {""$ARG1"": 2, ""$BUF"": 4, ""$FUN"": 4, ""$SIZE"": 1, ""$TYPE"": 1}, {""$ARG1"": 2, ""$BUF"": 3, ""$FUN"": 3, ""$SIZE"": 1, ""$TYPE"": 1}, {""$ARG1"": 2, ""$BUF"": 3, ""$FUN"": 3, ""$SIZE"": 1, ""$TYPE"": 1}, {""$ARG1"": 2, ""$BUF"": 3, ""$FUN"": 3, ""$SIZE"": 1, ""$TYPE"": 1}, {""$ARG1"": 2, ""$BUF"": 3, ""$FUN"": 3, ""$SIZE"": 1, ""$TYPE"": 1}]",50,True,True,True,False,False,False,"C1,C2,C3","no_metavar,plain_metavar,unnamed_ellipsis"
/home/moscovin/Documents/eboss/semgrep-rules-aggregate/collected/community__c__lang__correctness__c-string-equality.yaml,.,0,0,c-string-equality,A3,Conjunction / Intersection,"category,comparison,fix,id,languages,message,metadata,metavariable,metavariable-comparison,pattern,patterns,severity,technology",False,True,True,True,False,False,True,"$X,$Y","$X,$Y","[{""$X"": 4, ""$Y"": 4}]",1,False,True,False,False,False,False,C2,"B3.5_redundant_metavariable,plain_metavar"
/home/moscovin/Documents/eboss/semgrep-rules-aggregate/collected/community__c__lang__correctness__goto-fail.yaml,.,0,0,double_goto,A2,Single or multiple positive pattern(s),"category,id,languages,message,metadata,pattern,severity,technology",False,True,True,False,False,False,False,"$COND,$FAIL",$FAIL,"[{""$COND"": 1, ""$FAIL"": 2}]",1,False,True,False,False,False,False,C2,plain_metavar
/home/moscovin/Documents/eboss/semgrep-rules-aggregate/collected/community__c__lang__correctness__incorrect-use-ato-fn.yaml,.,0,0,incorrect-use-ato-fn,A2,Single or multiple positive pattern(s),"category,id,languages,message,metadata,pattern,pattern-either,references,severity,technology",True,False,False,False,False,False,False,,,[],3,True,False,True,False,False,False,"C1,C3","no_metavar,unnamed_ellipsis"
/home/moscovin/Documents/eboss/semgrep-rules-aggregate/collected/community__c__lang__correctness__incorrect-use-sscanf-fn.yaml,.,0,0,incorrect-use-sscanf-fn,A3,Conjunction / Intersection,"category,id,languages,message,metadata,metavariable,metavariable-regex,pattern,patterns,references,regex,severity,technology",False,True,True,True,True,False,False,"$FMT,$PTR,$STR",$FMT,"[{""$FMT"": 2, ""$PTR"": 1, ""$STR"": 1}]",1,False,True,False,False,False,False,C2,"B3.5_redundant_metavariable,plain_metavar"
/home/moscovin/Documents/eboss/semgrep-rules-aggregate/collected/community__c__lang__security__double-free.yaml,.,0,0,double-free,A5,Containment (inclusive),"category,confidence,cwe,focus-metavariable,id,impact,languages,likelihood,message,metadata,metavariable,metavariable-pattern,owasp,pattern,pattern-inside,pattern-not,patterns,references,severity,subcategory,technology",False,True,True,False,False,True,False,"$FREE,$VAR","$FREE,$VAR","[{""$FREE"": 3, ""$VAR"": 9}]",4,True,True,True,False,False,False,"C1,C2,C3","no_metavar,plain_metavar,unnamed_ellipsis"
/home/moscovin/Documents/eboss/semgrep-rules-aggregate/collected/community__c__lang__security__function-use-after-free.yaml,.,0,0,function-use-after-free,A6,Containment (exclusive),"category,confidence,cwe,cwe2021-top25,cwe2022-top25,id,impact,languages,likelihood,message,metadata,metavariable,metavariable-regex,pattern,pattern-either,pattern-inside,pattern-not-inside,patterns,references,regex,severity,subcategory,technology",False,True,True,True,True,False,False,"$ACCESSOR,$FUNC,$NUM,$VAR","$FUNC,$VAR","[{""$FUNC"": 2, ""$VAR"": 7}, {""$ACCESSOR"": 1, ""$FUNC"": 2, ""$VAR"": 7}, {""$ACCESSOR"": 1, ""$FUNC"": 2, ""$VAR"": 7}, {""$FUNC"": 2, ""$NUM"": 1, ""$VAR"": 7}]",7,False,True,True,False,True,False,"C2,C3,C5","B3.5_redundant_metavariable,deep_expression,plain_metavar,unnamed_ellipsis"
/home/moscovin/Documents/eboss/semgrep-rules-aggregate/collected/community__c__lang__security__info-leak-on-non-formatted-string.yaml,.,0,0,info-leak-on-non-formated-string,A2,Single or multiple positive pattern(s),"category,confidence,cwe,id,impact,languages,likelihood,message,metadata,owasp,pattern,references,severity,subcategory,technology",False,True,False,False,False,False,False,$NUM,,"[{""$NUM"": 1}]",1,False,True,False,False,False,False,C2,plain_metavar
/home/moscovin/Documents/eboss/semgrep-rules-aggregate/collected/community__c__lang__security__insecure-use-gets-fn.yaml,.,0,0,insecure-use-gets-fn,A2,Single or multiple positive pattern(s),"category,confidence,cwe,id,impact,languages,likelihood,message,metadata,pattern,references,severity,subcategory,technology",True,False,False,False,False,False,False,,,[],1,True,False,True,False,False,False,"C1,C3","no_metavar,unnamed_ellipsis"
/home/moscovin/Documents/eboss/semgrep-rules-aggregate/collected/community__c__lang__security__insecure-use-memset.yaml,.,0,0,insecure-use-memset,A2,Single or multiple positive pattern(s),"category,confidence,cwe,fix,id,impact,languages,likelihood,message,metadata,owasp,pattern,references,severity,subcategory,technology",False,True,True,False,False,False,False,$...VARS,$...VARS,"[{""$...VARS"": 2}]",1,True,False,False,True,False,False,"C1,C4","ellipsis_metavar,no_metavar"
/home/moscovin/Documents/eboss/semgrep-rules-aggregate/collected/community__c__lang__security__insecure-use-printf-fn.yaml,.,0,0,insecure-use-printf-fn,A3,Conjunction / Intersection,"category,comparison,confidence,cwe,id,impact,languages,likelihood,message,metadata,metavariable,metavariable-comparison,pattern,pattern-either,patterns,references,severity,subcategory,technology",False,True,True,False,False,False,True,"$BUFFER,$FUNC,$NUM","$BUFFER,$NUM","[{""$BUFFER"": 2, ""$FUNC"": 1, ""$NUM"": 3}, {""$NUM"": 3}, {""$BUFFER"": 2, ""$FUNC"": 1, ""$NUM"": 3}, {""$NUM"": 3}, {""$BUFFER"": 2, ""$FUNC"": 1, ""$NUM"": 3}, {""$NUM"": 3}]",6,False,True,True,False,False,False,"C2,C3","plain_metavar,unnamed_ellipsis"
/home/moscovin/Documents/eboss/semgrep-rules-aggregate/collected/community__c__lang__security__insecure-use-scanf-fn.yaml,.,0,0,insecure-use-scanf-fn,A2,Single or multiple positive pattern(s),"category,confidence,cwe,id,impact,languages,likelihood,message,metadata,pattern,references,severity,subcategory,technology",True,False,False,False,False,False,False,,,[],1,True,False,True,False,False,False,"C1,C3","no_metavar,unnamed_ellipsis"
/home/moscovin/Documents/eboss/semgrep-rules-aggregate/collected/community__c__lang__security__insecure-use-strcat-fn.yaml,.,0,0,insecure-use-strcat-fn,A2,Single or multiple positive pattern(s),"category,confidence,cwe,id,impact,languages,likelihood,message,metadata,pattern,pattern-either,references,severity,subcategory,technology",True,False,False,False,False,False,False,,,[],2,True,False,True,False,False,False,"C1,C3","no_metavar,unnamed_ellipsis"
/home/moscovin/Documents/eboss/semgrep-rules-aggregate/collected/community__c__lang__security__insecure-use-string-copy-fn.yaml,.,0,0,insecure-use-string-copy-fn,A2,Single or multiple positive pattern(s),"category,confidence,cwe,id,impact,languages,likelihood,message,metadata,pattern,pattern-either,references,severity,subcategory,technology",True,False,False,False,False,False,False,,,[],2,True,False,True,False,False,False,"C1,C3","no_metavar,unnamed_ellipsis"
/home/moscovin/Documents/eboss/semgrep-rules-aggregate/collected/community__c__lang__security__insecure-use-strtok-fn.yaml,.,0,0,insecure-use-strtok-fn,A2,Single or multiple positive pattern(s),"category,confidence,cwe,id,impact,languages,likelihood,message,metadata,pattern,references,severity,subcategory,technology",True,False,False,False,False,False,False,,,[],1,True,False,True,False,False,False,"C1,C3","no_metavar,unnamed_ellipsis"
/home/moscovin/Documents/eboss/semgrep-rules-aggregate/collected/community__c__lang__security__random-fd-exhaustion.yaml,.,0,0,random-fd-exhaustion,A4,Negation / Filtering,"category,confidence,cwe,id,impact,languages,likelihood,message,metadata,pattern,pattern-either,pattern-not,patterns,references,severity,subcategory,technology",False,True,True,False,False,False,False,"$BYTES_READ,$FD",$FD,"[{""$BYTES_READ"": 1, ""$FD"": 4}, {""$BYTES_READ"": 1, ""$FD"": 4}]",4,False,True,True,False,False,False,"C2,C3","plain_metavar,unnamed_ellipsis"
/home/moscovin/Documents/eboss/semgrep-rules-aggregate/collected/community__c__lang__security__use-after-free.yaml,.,0,0,use-after-free,A6,Containment (exclusive),"category,confidence,cwe,cwe2021-top25,cwe2022-top25,id,impact,languages,likelihood,message,metadata,pattern,pattern-either,pattern-inside,pattern-not-inside,patterns,references,severity,subcategory,technology",False,True,True,True,False,False,False,"$ACCESSOR,$NUM,$VAR",$VAR,"[{""$ACCESSOR"": 1, ""$VAR"": 6}, {""$ACCESSOR"": 1, ""$VAR"": 6}, {""$NUM"": 1, ""$VAR"": 6}]",6,False,True,True,False,False,False,"C2,C3","B3.5_redundant_metavariable,plain_metavar,unnamed_ellipsis"
/home/moscovin/Documents/eboss/semgrep-rules-aggregate/collected/community__generic__unicode__security__bidi.yaml,.,0,0,contains-bidirectional-characters,A3,Conjunction / Intersection,"category,confidence,cwe,cwe2022-top25,id,impact,languages,likelihood,message,metadata,owasp,pattern-either,pattern-regex,patterns,references,severity,subcategory,technology",True,False,False,False,False,False,False,,,[],9,True,False,False,False,False,False,C1,no_metavar
/home/moscovin/Documents/eboss/semgrep-rules-aggregate/collected/elttam__rules-audit__c__lang__security__audit__exec.yaml,.,0,0,exec,A3,Conjunction / Intersection,"category,confidence,id,impact,languages,likelihood,message,metadata,metavariable,metavariable-regex,pattern,pattern-either,patterns,regex,severity,subcategory,technology",False,True,True,False,True,False,False,"$EXEC,$SYSCALL","$EXEC,$SYSCALL","[{""$EXEC"": 3}, {""$EXEC"": 1, ""$SYSCALL"": 2}]",2,False,True,True,False,False,False,"C2,C3","plain_metavar,unnamed_ellipsis"
/home/moscovin/Documents/eboss/semgrep-rules-aggregate/collected/gitlab__c__access__rule-RpcImpersonateClient-ImpersonateLoggedOnUser.yaml,.,0,0,c_access_rule-RpcImpersonateClient-ImpersonateLoggedOnUser,A2,Single or multiple positive pattern(s),"category,cwe,id,languages,message,metadata,owasp,pattern,pattern-either,security-severity,severity,shortDescription",True,False,False,False,False,False,False,,,[],7,True,False,True,False,False,False,"C1,C3","no_metavar,unnamed_ellipsis"
/home/moscovin/Documents/eboss/semgrep-rules-aggregate/collected/gitlab__c__access__rule-umask.yaml,.,0,0,c_access_rule-umask,A2,Single or multiple positive pattern(s),"category,cwe,id,languages,message,metadata,owasp,pattern,security-severity,severity,shortDescription",True,False,False,False,False,False,False,,,[],1,True,False,True,False,False,False,"C1,C3","no_metavar,unnamed_ellipsis"
/home/moscovin/Documents/eboss/semgrep-rules-aggregate/collected/gitlab__c__buffer__rule-MultiByteToWideChar.yaml,.,0,0,c_buffer_rule-MultiByteToWideChar,A2,Single or multiple positive pattern(s),"category,cwe,id,languages,message,metadata,owasp,pattern,security-severity,severity,shortDescription",True,False,False,False,False,False,False,,,[],1,True,False,True,False,False,False,"C1,C3","no_metavar,unnamed_ellipsis"
/home/moscovin/Documents/eboss/semgrep-rules-aggregate/collected/gitlab__c__buffer__rule-StrCat-StrCatA.yaml,.,0,0,c_buffer_rule-StrCat-StrCatA,A2,Single or multiple positive pattern(s),"category,cwe,id,languages,message,metadata,owasp,pattern,pattern-either,security-severity,severity,shortDescription",True,False,False,False,False,False,False,,,[],21,True,False,True,False,False,False,"C1,C3","no_metavar,unnamed_ellipsis"
/home/moscovin/Documents/eboss/semgrep-rules-aggregate/collected/gitlab__c__buffer__rule-fscanf-sscanf.yaml,.,0,0,c_buffer_rule-fscanf-sscanf,A2,Single or multiple positive pattern(s),"category,cwe,id,languages,message,metadata,owasp,pattern,pattern-either,security-severity,severity,shortDescription",True,False,False,False,False,False,False,,,[],8,True,False,True,False,False,False,"C1,C3","no_metavar,unnamed_ellipsis"
/home/moscovin/Documents/eboss/semgrep-rules-aggregate/collected/gitlab__c__buffer__rule-g-get-home-dir.yaml,.,0,0,c_buffer_rule-g-get-home-dir,A2,Single or multiple positive pattern(s),"category,cwe,id,languages,message,metadata,owasp,pattern,security-severity,severity,shortDescription",True,False,False,False,False,False,False,,,[],1,True,False,True,False,False,False,"C1,C3","no_metavar,unnamed_ellipsis"
/home/moscovin/Documents/eboss/semgrep-rules-aggregate/collected/gitlab__c__buffer__rule-g-get-tmp-dir.yaml,.,0,0,c_buffer_rule-g-get-tmp-dir,A2,Single or multiple positive pattern(s),"category,cwe,id,languages,message,metadata,owasp,pattern,security-severity,severity,shortDescription",True,False,False,False,False,False,False,,,[],1,True,False,True,False,False,False,"C1,C3","no_metavar,unnamed_ellipsis"
/home/moscovin/Documents/eboss/semgrep-rules-aggregate/collected/gitlab__c__buffer__rule-getenv-curl-getenv.yaml,.,0,0,c_buffer_rule-getenv-curl-getenv,A2,Single or multiple positive pattern(s),"category,cwe,id,languages,message,metadata,owasp,pattern,pattern-either,security-severity,severity,shortDescription",True,False,False,False,False,False,False,,,[],2,True,False,True,False,False,False,"C1,C3","no_metavar,unnamed_ellipsis"
/home/moscovin/Documents/eboss/semgrep-rules-aggregate/collected/gitlab__c__buffer__rule-gets--getts.yaml,.,0,0,c_buffer_rule-gets--getts,A2,Single or multiple positive pattern(s),"category,cwe,id,languages,message,metadata,owasp,pattern,pattern-either,security-severity,severity,shortDescription",True,False,False,False,False,False,False,,,[],3,True,False,True,False,False,False,"C1,C3","no_metavar,unnamed_ellipsis"
/home/moscovin/Documents/eboss/semgrep-rules-aggregate/collected/gitlab__c__buffer__rule-getwd.yaml,.,0,0,c_buffer_rule-getwd,A2,Single or multiple positive pattern(s),"category,cwe,id,languages,message,metadata,owasp,pattern,security-severity,severity,shortDescription",True,False,False,False,False,False,False,,,[],1,True,False,True,False,False,False,"C1,C3","no_metavar,unnamed_ellipsis"
/home/moscovin/Documents/eboss/semgrep-rules-aggregate/collected/gitlab__c__buffer__rule-lstrcat-wcscat.yaml,.,0,0,c_buffer_rule-lstrcat-wcscat,A2,Single or multiple positive pattern(s),"category,cwe,id,languages,message,metadata,owasp,pattern,pattern-either,security-severity,severity,shortDescription",True,False,False,False,False,False,False,,,[],4,True,False,True,False,False,False,"C1,C3","no_metavar,unnamed_ellipsis"
/home/moscovin/Documents/eboss/semgrep-rules-aggregate/collected/gitlab__c__buffer__rule-lstrcatn-wcsncat.yaml,.,0,0,c_buffer_rule-lstrcatn-wcsncat,A2,Single or multiple positive pattern(s),"category,cwe,id,languages,message,metadata,owasp,pattern,pattern-either,security-severity,severity,shortDescription",True,False,False,False,False,False,False,,,[],4,True,False,True,False,False,False,"C1,C3","no_metavar,unnamed_ellipsis"
/home/moscovin/Documents/eboss/semgrep-rules-aggregate/collected/gitlab__c__buffer__rule-lstrcpy-wcscpy.yaml,.,0,0,c_buffer_rule-lstrcpy-wcscpy,A2,Single or multiple positive pattern(s),"category,cwe,id,languages,message,metadata,owasp,pattern,pattern-either,security-severity,severity,shortDescription",True,False,False,False,False,False,False,,,[],4,True,False,True,False,False,False,"C1,C3","no_metavar,unnamed_ellipsis"
/home/moscovin/Documents/eboss/semgrep-rules-aggregate/collected/gitlab__c__buffer__rule-lstrcpyn-wcsncpy.yaml,.,0,0,c_buffer_rule-lstrcpyn-wcsncpy,A2,Single or multiple positive pattern(s),"category,cwe,id,languages,message,metadata,owasp,pattern,pattern-either,security-severity,severity,shortDescription",True,False,False,False,False,False,False,,,[],4,True,False,True,False,False,False,"C1,C3","no_metavar,unnamed_ellipsis"
/home/moscovin/Documents/eboss/semgrep-rules-aggregate/collected/gitlab__c__buffer__rule-memcpy-CopyMemory.yaml,.,0,0,c_buffer_rule-memcpy-CopyMemory,A2,Single or multiple positive pattern(s),"category,cwe,id,languages,message,metadata,owasp,pattern,pattern-either,security-severity,severity,shortDescription",True,False,False,False,False,False,False,,,[],3,True,False,True,False,False,False,"C1,C3","no_metavar,unnamed_ellipsis"
/home/moscovin/Documents/eboss/semgrep-rules-aggregate/collected/gitlab__c__buffer__rule-realpath.yaml,.,0,0,c_buffer_rule-realpath,A2,Single or multiple positive pattern(s),"category,cwe,id,languages,message,metadata,owasp,pattern,security-severity,severity,shortDescription",True,False,False,False,False,False,False,,,[],1,True,False,True,False,False,False,"C1,C3","no_metavar,unnamed_ellipsis"
/home/moscovin/Documents/eboss/semgrep-rules-aggregate/collected/gitlab__c__buffer__rule-scanf-vscanf.yaml,.,0,0,c_buffer_rule-scanf-vscanf,A4,Negation / Filtering,"category,cwe,id,languages,message,metadata,owasp,pattern,pattern-either,pattern-not,patterns,security-severity,severity,shortDescription",False,True,False,False,False,False,False,$FMT,,"[{""$FMT"": 1}, {""$FMT"": 1}, {""$FMT"": 1}, {""$FMT"": 1}]",10,True,True,True,False,False,False,"C1,C2,C3","no_metavar,plain_metavar,unnamed_ellipsis"
/home/moscovin/Documents/eboss/semgrep-rules-aggregate/collected/gitlab__c__buffer__rule-sprintf-vsprintf.yaml,.,0,0,c_buffer_rule-sprintf-vsprintf,A2,Single or multiple positive pattern(s),"category,cwe,id,languages,message,metadata,owasp,pattern,pattern-either,security-severity,severity,shortDescription",True,False,False,False,False,False,False,,,[],6,True,False,True,False,False,False,"C1,C3","no_metavar,unnamed_ellipsis"
/home/moscovin/Documents/eboss/semgrep-rules-aggregate/collected/gitlab__c__buffer__rule-strcat.yaml,.,0,0,c_buffer_rule-strcat,A2,Single or multiple positive pattern(s),"category,cwe,id,languages,message,metadata,owasp,pattern,security-severity,severity,shortDescription",True,False,False,False,False,False,False,,,[],1,True,False,True,False,False,False,"C1,C3","no_metavar,unnamed_ellipsis"
/home/moscovin/Documents/eboss/semgrep-rules-aggregate/collected/gitlab__c__buffer__rule-strccpy-strcadd.yaml,.,0,0,c_buffer_rule-strccpy-strcadd,A2,Single or multiple positive pattern(s),"category,cwe,id,languages,message,metadata,owasp,pattern,pattern-either,security-severity,severity,shortDescription",True,False,False,False,False,False,False,,,[],2,True,False,True,False,False,False,"C1,C3","no_metavar,unnamed_ellipsis"
/home/moscovin/Documents/eboss/semgrep-rules-aggregate/collected/gitlab__c__buffer__rule-strcpy.yaml,.,0,0,c_buffer_rule-strcpy,A2,Single or multiple positive pattern(s),"category,cwe,id,languages,message,metadata,owasp,pattern,security-severity,severity,shortDescription",True,False,False,False,False,False,False,,,[],1,True,False,True,False,False,False,"C1,C3","no_metavar,unnamed_ellipsis"
/home/moscovin/Documents/eboss/semgrep-rules-aggregate/collected/gitlab__c__buffer__rule-strcpyA-strcpyW.yaml,.,0,0,c_buffer_rule-strcpyA-strcpyW,A2,Single or multiple positive pattern(s),"category,cwe,id,languages,message,metadata,owasp,pattern,pattern-either,security-severity,severity,shortDescription",True,False,False,False,False,False,False,,,[],19,True,False,True,False,False,False,"C1,C3","no_metavar,unnamed_ellipsis"
/home/moscovin/Documents/eboss/semgrep-rules-aggregate/collected/gitlab__c__buffer__rule-streadd-strecpy.yaml,.,0,0,c_buffer_rule-streadd-strecpy,A2,Single or multiple positive pattern(s),"category,cwe,id,languages,message,metadata,owasp,pattern,pattern-either,security-severity,severity,shortDescription",True,False,False,False,False,False,False,,,[],2,True,False,True,False,False,False,"C1,C3","no_metavar,unnamed_ellipsis"
/home/moscovin/Documents/eboss/semgrep-rules-aggregate/collected/gitlab__c__buffer__rule-strlen-wcslen.yaml,.,0,0,c_buffer_rule-strlen-wcslen,A2,Single or multiple positive pattern(s),"category,cwe,id,languages,message,metadata,owasp,pattern,pattern-either,security-severity,severity,shortDescription",True,False,False,False,False,False,False,,,[],4,True,False,True,False,False,False,"C1,C3","no_metavar,unnamed_ellipsis"
/home/moscovin/Documents/eboss/semgrep-rules-aggregate/collected/gitlab__c__buffer__rule-strncat.yaml,.,0,0,c_buffer_rule-strncat,A2,Single or multiple positive pattern(s),"category,cwe,id,languages,message,metadata,owasp,pattern,security-severity,severity,shortDescription",True,False,False,False,False,False,False,,,[],1,True,False,True,False,False,False,"C1,C3","no_metavar,unnamed_ellipsis"
/home/moscovin/Documents/eboss/semgrep-rules-aggregate/collected/gitlab__c__buffer__rule-strncpy.yaml,.,0,0,c_buffer_rule-strncpy,A2,Single or multiple positive pattern(s),"category,cwe,id,languages,message,metadata,owasp,pattern,security-severity,severity,shortDescription",True,False,False,False,False,False,False,,,[],1,True,False,True,False,False,False,"C1,C3","no_metavar,unnamed_ellipsis"
/home/moscovin/Documents/eboss/semgrep-rules-aggregate/collected/gitlab__c__buffer__rule-strtrns.yaml,.,0,0,c_buffer_rule-strtrns,A2,Single or multiple positive pattern(s),"category,cwe,id,languages,message,metadata,owasp,pattern,security-severity,severity,shortDescription",True,False,False,False,False,False,False,,,[],1,True,False,True,False,False,False,"C1,C3","no_metavar,unnamed_ellipsis"
/home/moscovin/Documents/eboss/semgrep-rules-aggregate/collected/gitlab__c__crypto__rule-EVP-des-ecb-EVP-des-cbc.yaml,.,0,0,c_crypto_rule-EVP-des-ecb-EVP-des-cbc,A2,Single or multiple positive pattern(s),"category,cwe,id,languages,message,metadata,owasp,pattern,pattern-either,security-severity,severity,shortDescription",True,False,False,False,False,False,False,,,[],5,True,False,True,False,False,False,"C1,C3","no_metavar,unnamed_ellipsis"
/home/moscovin/Documents/eboss/semgrep-rules-aggregate/collected/gitlab__c__crypto__rule-EVP-rc4-40-EVP-rc2-40-cbc.yaml,.,0,0,c_crypto_rule-EVP-rc4-40-EVP-rc2-40-cbc,A2,Single or multiple positive pattern(s),"category,cwe,id,languages,message,metadata,owasp,pattern,pattern-either,security-severity,severity,shortDescription",True,False,False,False,False,False,False,,,[],3,True,False,True,False,False,False,"C1,C3","no_metavar,unnamed_ellipsis"
/home/moscovin/Documents/eboss/semgrep-rules-aggregate/collected/gitlab__c__crypto__rule-crypt-crypt-r.yaml,.,0,0,c_crypto_rule-crypt-crypt-r,A2,Single or multiple positive pattern(s),"category,cwe,id,languages,message,metadata,owasp,pattern,pattern-either,security-severity,severity,shortDescription",True,False,False,False,False,False,False,,,[],2,True,False,True,False,False,False,"C1,C3","no_metavar,unnamed_ellipsis"
/home/moscovin/Documents/eboss/semgrep-rules-aggregate/collected/gitlab__c__format__rule-fprintf-vfprintf.yaml,.,0,0,c_format_rule-fprintf-vfprintf,A4,Negation / Filtering,"category,cwe,id,languages,message,metadata,owasp,pattern,pattern-either,pattern-not,patterns,security-severity,severity,shortDescription",False,True,True,False,False,False,False,"$ARGS,$FD,$FMT","$ARGS,$FD","[{""$FD"": 2, ""$FMT"": 1}, {""$ARGS"": 2, ""$FMT"": 1}, {""$FD"": 2, ""$FMT"": 1}, {""$FD"": 2, ""$FMT"": 1}, {""$FD"": 2, ""$FMT"": 1}]",10,False,True,True,False,False,False,"C2,C3","plain_metavar,unnamed_ellipsis"
/home/moscovin/Documents/eboss/semgrep-rules-aggregate/collected/gitlab__c__format__rule-printf-vprintf.yaml,.,0,0,c_format_rule-printf-vprintf,A4,Negation / Filtering,"category,cwe,id,languages,message,metadata,owasp,pattern,pattern-either,pattern-not,patterns,security-severity,severity,shortDescription",False,True,True,False,False,False,False,"$FILE,$FMT",$FILE,"[{""$FMT"": 1}, {""$FMT"": 1}, {""$FILE"": 2, ""$FMT"": 1}, {""$FILE"": 2, ""$FMT"": 1}, {""$FMT"": 1}]",12,True,True,True,False,False,False,"C1,C2,C3","no_metavar,plain_metavar,unnamed_ellipsis"
/home/moscovin/Documents/eboss/semgrep-rules-aggregate/collected/gitlab__c__format__rule-snprintf-vsnprintf.yaml,.,0,0,c_format_rule-snprintf-vsnprintf,A4,Negation / Filtering,"category,cwe,id,languages,message,metadata,owasp,pattern,pattern-either,pattern-not,patterns,security-severity,severity,shortDescription",False,True,True,False,False,False,False,"$BUF,$FMT,$SIZE,$VAR","$BUF,$FMT,$SIZE,$VAR","[{""$BUF"": 2, ""$FMT"": 1, ""$SIZE"": 2}, {""$BUF"": 2, ""$FMT"": 1, ""$SIZE"": 2}, {""$BUF"": 2, ""$FMT"": 2, ""$SIZE"": 2}, {""$FMT"": 1, ""$VAR"": 2}, {""$FMT"": 1, ""$VAR"": 2}]",10,False,True,True,False,False,False,"C2,C3","plain_metavar,unnamed_ellipsis"
/home/moscovin/Documents/eboss/semgrep-rules-aggregate/collected/gitlab__c__format__rule-syslog.yaml,.,0,0,c_format_rule-syslog,A4,Negation / Filtering,"category,cwe,id,languages,message,metadata,owasp,pattern,pattern-either,pattern-not,patterns,security-severity,severity,shortDescription",False,True,True,False,False,False,False,$FUNC,$FUNC,"[{""$FUNC"": 2}]",2,False,True,True,False,False,False,"C2,C3","plain_metavar,unnamed_ellipsis"
/home/moscovin/Documents/eboss/semgrep-rules-aggregate/collected/gitlab__c__free__rule-memalign.yaml,.,0,0,c_free_rule-memalign,A2,Single or multiple positive pattern(s),"category,cwe,id,languages,message,metadata,owasp,pattern,pattern-either,pattern-regex,security-severity,severity,shortDescription",True,False,False,False,False,False,False,,,[],2,True,False,True,False,False,False,"C1,C3","no_metavar,unnamed_ellipsis"
/home/moscovin/Documents/eboss/semgrep-rules-aggregate/collected/gitlab__c__integer__rule-atoi-atol.yaml,.,0,0,c_integer_rule-atoi-atol,A2,Single or multiple positive pattern(s),"category,cwe,id,languages,message,metadata,owasp,pattern,pattern-either,security-severity,severity,shortDescription",True,False,False,False,False,False,False,,,[],4,True,False,True,False,False,False,"C1,C3","no_metavar,unnamed_ellipsis"
/home/moscovin/Documents/eboss/semgrep-rules-aggregate/collected/gitlab__c__misc__rule-AddAccessAllowedAce.yaml,.,0,0,c_misc_rule-AddAccessAllowedAce,A2,Single or multiple positive pattern(s),"category,cwe,id,languages,message,metadata,owasp,pattern,security-severity,severity,shortDescription",True,False,False,False,False,False,False,,,[],1,True,False,True,False,False,False,"C1,C3","no_metavar,unnamed_ellipsis"
/home/moscovin/Documents/eboss/semgrep-rules-aggregate/collected/gitlab__c__misc__rule-LoadLibrary.yaml,.,0,0,c_misc_rule-LoadLibrary,A2,Single or multiple positive pattern(s),"category,cwe,id,languages,message,metadata,owasp,pattern,security-severity,severity,shortDescription",True,False,False,False,False,False,False,,,[],1,True,False,True,False,False,False,"C1,C3","no_metavar,unnamed_ellipsis"
/home/moscovin/Documents/eboss/semgrep-rules-aggregate/collected/gitlab__c__misc__rule-LoadLibraryEx.yaml,.,0,0,c_misc_rule-LoadLibraryEx,A2,Single or multiple positive pattern(s),"category,cwe,id,languages,message,metadata,owasp,pattern,security-severity,severity,shortDescription",True,False,False,False,False,False,False,,,[],1,True,False,True,False,False,False,"C1,C3","no_metavar,unnamed_ellipsis"
/home/moscovin/Documents/eboss/semgrep-rules-aggregate/collected/gitlab__c__misc__rule-SetSecurityDescriptorDacl.yaml,.,0,0,c_misc_rule-SetSecurityDescriptorDacl,A2,Single or multiple positive pattern(s),"category,cwe,id,languages,message,metadata,owasp,pattern,security-severity,severity,shortDescription",True,False,False,False,False,False,False,,,[],1,True,False,True,False,False,False,"C1,C3","no_metavar,unnamed_ellipsis"
/home/moscovin/Documents/eboss/semgrep-rules-aggregate/collected/gitlab__c__misc__rule-cuserid.yaml,.,0,0,c_misc_rule-cuserid,A2,Single or multiple positive pattern(s),"category,cwe,id,languages,message,metadata,owasp,pattern,security-severity,severity,shortDescription",True,False,False,False,False,False,False,,,[],1,True,False,True,False,False,False,"C1,C3","no_metavar,unnamed_ellipsis"
/home/moscovin/Documents/eboss/semgrep-rules-aggregate/collected/gitlab__c__misc__rule-fopen-open.yaml,.,0,0,c_misc_rule-fopen-open,A2,Single or multiple positive pattern(s),"category,cwe,id,languages,message,metadata,owasp,pattern,pattern-either,security-severity,severity,shortDescription",True,False,False,False,False,False,False,,,[],2,True,False,True,False,False,False,"C1,C3","no_metavar,unnamed_ellipsis"
/home/moscovin/Documents/eboss/semgrep-rules-aggregate/collected/gitlab__c__misc__rule-getlogin.yaml,.,0,0,c_misc_rule-getlogin,A2,Single or multiple positive pattern(s),"category,cwe,id,languages,message,metadata,owasp,pattern,security-severity,severity,shortDescription",True,False,False,False,False,False,False,,,[],1,True,False,True,False,False,False,"C1,C3","no_metavar,unnamed_ellipsis"
/home/moscovin/Documents/eboss/semgrep-rules-aggregate/collected/gitlab__c__misc__rule-getpass.yaml,.,0,0,c_misc_rule-getpass,A2,Single or multiple positive pattern(s),"category,cwe,id,languages,message,metadata,owasp,pattern,security-severity,severity,shortDescription",True,False,False,False,False,False,False,,,[],1,True,False,True,False,False,False,"C1,C3","no_metavar,unnamed_ellipsis"
/home/moscovin/Documents/eboss/semgrep-rules-aggregate/collected/gitlab__c__obsolete__rule-gsignal-ssignal.yaml,.,0,0,c_obsolete_rule-gsignal-ssignal,A2,Single or multiple positive pattern(s),"category,cwe,id,languages,message,metadata,owasp,pattern,pattern-either,security-severity,severity,shortDescription",True,False,False,False,False,False,False,,,[],2,True,False,True,False,False,False,"C1,C3","no_metavar,unnamed_ellipsis"
/home/moscovin/Documents/eboss/semgrep-rules-aggregate/collected/gitlab__c__obsolete__rule-ulimit.yaml,.,0,0,c_obsolete_rule-ulimit,A2,Single or multiple positive pattern(s),"category,cwe,id,languages,message,metadata,owasp,pattern,security-severity,severity,shortDescription",True,False,False,False,False,False,False,,,[],1,True,False,True,False,False,False,"C1,C3","no_metavar,unnamed_ellipsis"
/home/moscovin/Documents/eboss/semgrep-rules-aggregate/collected/gitlab__c__obsolete__rule-usleep.yaml,.,0,0,c_obsolete_rule-usleep,A2,Single or multiple positive pattern(s),"category,cwe,id,languages,message,metadata,owasp,pattern,security-severity,severity,shortDescription",True,False,False,False,False,False,False,,,[],1,True,False,True,False,False,False,"C1,C3","no_metavar,unnamed_ellipsis"
/home/moscovin/Documents/eboss/semgrep-rules-aggregate/collected/gitlab__c__race__rule-access.yaml,.,0,0,c_race_rule-access,A2,Single or multiple positive pattern(s),"category,cwe,id,languages,message,metadata,owasp,pattern,security-severity,severity,shortDescription",True,False,False,False,False,False,False,,,[],1,True,False,True,False,False,False,"C1,C3","no_metavar,unnamed_ellipsis"
/home/moscovin/Documents/eboss/semgrep-rules-aggregate/collected/gitlab__c__race__rule-chmod.yaml,.,0,0,c_race_rule-chmod,A2,Single or multiple positive pattern(s),"category,cwe,id,languages,message,metadata,owasp,pattern,security-severity,severity,shortDescription",True,False,False,False,False,False,False,,,[],1,True,False,True,False,False,False,"C1,C3","no_metavar,unnamed_ellipsis"
/home/moscovin/Documents/eboss/semgrep-rules-aggregate/collected/gitlab__c__race__rule-chown.yaml,.,0,0,c_race_rule-chown,A2,Single or multiple positive pattern(s),"category,cwe,id,languages,message,metadata,owasp,pattern,security-severity,severity,shortDescription",True,False,False,False,False,False,False,,,[],1,True,False,True,False,False,False,"C1,C3","no_metavar,unnamed_ellipsis"
/home/moscovin/Documents/eboss/semgrep-rules-aggregate/collected/gitlab__c__race__rule-readlink.yaml,.,0,0,c_race_rule-readlink,A2,Single or multiple positive pattern(s),"category,cwe,id,languages,message,metadata,owasp,pattern,security-severity,severity,shortDescription",True,False,False,False,False,False,False,,,[],1,True,False,True,False,False,False,"C1,C3","no_metavar,unnamed_ellipsis"
/home/moscovin/Documents/eboss/semgrep-rules-aggregate/collected/gitlab__c__race__rule-vfork.yaml,.,0,0,c_race_rule-vfork,A2,Single or multiple positive pattern(s),"category,cwe,id,languages,message,metadata,owasp,pattern,security-severity,severity,shortDescription",True,False,False,False,False,False,False,,,[],1,True,False,True,False,False,False,"C1,C3","no_metavar,unnamed_ellipsis"
/home/moscovin/Documents/eboss/semgrep-rules-aggregate/collected/gitlab__c__random__rule-drand48-erand48.yaml,.,0,0,c_random_rule-drand48-erand48,A2,Single or multiple positive pattern(s),"category,cwe,id,languages,message,metadata,owasp,pattern,pattern-either,pattern-regex,security-severity,severity,shortDescription",True,False,False,False,False,False,False,,,[],24,True,False,True,False,False,False,"C1,C3","no_metavar,unnamed_ellipsis"
/home/moscovin/Documents/eboss/semgrep-rules-aggregate/collected/gitlab__c__shell__rule-CreateProcess.yaml,.,0,0,c_shell_rule-CreateProcess,A2,Single or multiple positive pattern(s),"category,cwe,id,languages,message,metadata,owasp,pattern,security-severity,severity,shortDescription",True,False,False,False,False,False,False,,,[],1,True,False,True,False,False,False,"C1,C3","no_metavar,unnamed_ellipsis"
/home/moscovin/Documents/eboss/semgrep-rules-aggregate/collected/gitlab__c__shell__rule-CreateProcessAsUser-CreateProcessWithLogon.yaml,.,0,0,c_shell_rule-CreateProcessAsUser-CreateProcessWithLogon,A2,Single or multiple positive pattern(s),"category,cwe,id,languages,message,metadata,owasp,pattern,pattern-either,security-severity,severity,shortDescription",True,False,False,False,False,False,False,,,[],2,True,False,True,False,False,False,"C1,C3","no_metavar,unnamed_ellipsis"
/home/moscovin/Documents/eboss/semgrep-rules-aggregate/collected/gitlab__c__shell__rule-execl-execlp.yaml,.,0,0,c_shell_rule-execl-execlp,A2,Single or multiple positive pattern(s),"category,cwe,id,languages,message,metadata,owasp,pattern,pattern-either,security-severity,severity,shortDescription",True,False,False,False,False,False,False,,,[],8,True,False,True,False,False,False,"C1,C3","no_metavar,unnamed_ellipsis"
/home/moscovin/Documents/eboss/semgrep-rules-aggregate/collected/gitlab__c__shell__rule-system.yaml,.,0,0,c_shell_rule-system,A2,Single or multiple positive pattern(s),"category,cwe,id,languages,message,metadata,owasp,pattern,security-severity,severity,shortDescription",True,False,False,False,False,False,False,,,[],1,True,False,True,False,False,False,"C1,C3","no_metavar,unnamed_ellipsis"
/home/moscovin/Documents/eboss/semgrep-rules-aggregate/collected/gitlab__c__tmpfile__rule-GetTempFileName.yaml,.,0,0,c_tmpfile_rule-GetTempFileName,A2,Single or multiple positive pattern(s),"category,cwe,id,languages,message,metadata,owasp,pattern,security-severity,severity,shortDescription",True,False,False,False,False,False,False,,,[],1,True,False,True,False,False,False,"C1,C3","no_metavar,unnamed_ellipsis"
/home/moscovin/Documents/eboss/semgrep-rules-aggregate/collected/gitlab__c__tmpfile__rule-mkstemp.yaml,.,0,0,c_tmpfile_rule-mkstemp,A2,Single or multiple positive pattern(s),"category,cwe,id,languages,message,metadata,owasp,pattern,security-severity,severity,shortDescription",True,False,False,False,False,False,False,,,[],1,True,False,True,False,False,False,"C1,C3","no_metavar,unnamed_ellipsis"
/home/moscovin/Documents/eboss/semgrep-rules-aggregate/collected/gitlab__c__tmpfile__rule-mktemp.yaml,.,0,0,c_tmpfile_rule-mktemp,A2,Single or multiple positive pattern(s),"category,cwe,id,languages,message,metadata,owasp,pattern,security-severity,severity,shortDescription",True,False,False,False,False,False,False,,,[],1,True,False,True,False,False,False,"C1,C3","no_metavar,unnamed_ellipsis"
/home/moscovin/Documents/eboss/semgrep-rules-aggregate/collected/gitlab__c__tmpfile__rule-tmpfile.yaml,.,0,0,c_tmpfile_rule-tmpfile,A2,Single or multiple positive pattern(s),"category,cwe,id,languages,message,metadata,owasp,pattern,security-severity,severity,shortDescription",True,False,False,False,False,False,False,,,[],1,True,False,True,False,False,False,"C1,C3","no_metavar,unnamed_ellipsis"
/home/moscovin/Documents/eboss/semgrep-rules-aggregate/collected/gitlab__c__tmpfile__rule-tmpnam-tempnam.yaml,.,0,0,c_tmpfile_rule-tmpnam-tempnam,A2,Single or multiple positive pattern(s),"category,cwe,id,languages,message,metadata,owasp,pattern,pattern-either,security-severity,severity,shortDescription",True,False,False,False,False,False,False,,,[],2,True,False,True,False,False,False,"C1,C3","no_metavar,unnamed_ellipsis"
/home/moscovin/Documents/eboss/semgrep-rules-aggregate/collected/semgrep-hotspots__cpp__arrays-out-of-bounds-access.yaml,.,0,0,arrays-out-of-bounds-access,A3,Conjunction / Intersection,"category,comparison,id,languages,message,metadata,metavariable,metavariable-comparison,pattern,pattern-either,patterns,severity",False,True,True,False,False,False,True,"$BUF,$INDEX,$SIZE,$TYPE,$VALUE,$VAR","$BUF,$INDEX,$SIZE","[{""$BUF"": 4, ""$INDEX"": 5, ""$SIZE"": 3, ""$TYPE"": 1, ""$VALUE"": 1}, {""$BUF"": 4, ""$INDEX"": 5, ""$SIZE"": 3, ""$TYPE"": 1, ""$VAR"": 1}]",2,False,True,True,False,False,False,"C2,C3","plain_metavar,unnamed_ellipsis"
/home/moscovin/Documents/eboss/semgrep-rules-aggregate/collected/semgrep-hotspots__cpp__encode-decode-function-name.yaml,.,0,0,encode-decode-function-name,A3,Conjunction / Intersection,"category,id,languages,message,metadata,metavariable,metavariable-regex,pattern,patterns,references,regex,severity",False,True,True,True,True,False,False,$FUNC,$FUNC,"[{""$FUNC"": 3}]",1,False,True,True,False,False,False,"C2,C3","B3.5_redundant_metavariable,plain_metavar,unnamed_ellipsis"
/home/moscovin/Documents/eboss/semgrep-rules-aggregate/collected/semgrep-hotspots__cpp__encrypt-decrypt-function-name.yaml,.,0,0,encrypt-decrypt-function-name,A3,Conjunction / Intersection,"category,id,languages,message,metadata,metavariable,metavariable-regex,pattern,patterns,references,regex,severity",False,True,True,True,True,False,False,$FUNC,$FUNC,"[{""$FUNC"": 3}]",1,False,True,True,False,False,False,"C2,C3","B3.5_redundant_metavariable,plain_metavar,unnamed_ellipsis"
/home/moscovin/Documents/eboss/semgrep-rules-aggregate/collected/semgrep-hotspots__cpp__memcpy-insecure-use.yaml,.,0,0,memcpy-insecure-use,A2,Single or multiple positive pattern(s),"category,id,languages,message,metadata,pattern,references,severity",False,True,True,False,False,False,False,"$BUF,$SIZE,$TYPE",$BUF,"[{""$BUF"": 2, ""$SIZE"": 1, ""$TYPE"": 1}]",1,False,True,True,False,False,False,"C2,C3","plain_metavar,unnamed_ellipsis"
/home/moscovin/Documents/eboss/semgrep-rules-aggregate/collected/semgrep-hotspots__cpp__potentially-uninitialized-pointer.yaml,.,0,0,potentially-uninitialized-pointer,A6,Containment (exclusive),"category,id,languages,message,metadata,pattern,pattern-not-inside,patterns,severity",False,True,True,False,False,False,False,"$BUF,$FUNC,$SIZE,$TYPE,$VALUE","$BUF,$FUNC,$SIZE,$TYPE","[{""$BUF"": 6, ""$FUNC"": 2, ""$SIZE"": 2, ""$TYPE"": 2, ""$VALUE"": 1}]",2,False,True,True,False,False,False,"C2,C3","plain_metavar,unnamed_ellipsis"
/home/moscovin/Documents/eboss/semgrep-rules-aggregate/collected/semgrep-hotspots__cpp__snprintf-insecure-use.yaml,.,0,0,snprintf-insecure-use,A3,Conjunction / Intersection,"category,id,languages,message,metadata,pattern,pattern-either,patterns,references,severity",False,True,True,False,False,False,False,"$BUF,$LEN,$NULL,$P,$RET,$VAR","$BUF,$LEN,$RET","[{""$BUF"": 2, ""$RET"": 2, ""$VAR"": 1}, {""$LEN"": 2, ""$NULL"": 1, ""$P"": 1}]",2,False,True,True,False,False,False,"C2,C3","plain_metavar,unnamed_ellipsis"
/home/moscovin/Documents/eboss/semgrep-rules-aggregate/collected/semgrep_rules__c_baseline.yaml,.,0,0,detect-buffer-overflow,A3,Conjunction / Intersection,"fix,id,languages,message,pattern,patterns,severity",False,True,True,True,False,False,False,"$BUF,$DST,$FMT,$SRC","$DST,$SRC","[{""$BUF"": 1, ""$DST"": 5, ""$FMT"": 1, ""$SRC"": 2}]",2,False,True,True,False,False,False,"C2,C3","B3.5_redundant_metavariable,plain_metavar,unnamed_ellipsis"
/home/moscovin/Documents/eboss/semgrep-rules-aggregate/collected/semgrep_rules__c_baseline.yaml,.,0,1,detect-use-after-free,A3,Conjunction / Intersection,"fix,id,languages,message,pattern,patterns,severity",False,True,True,False,False,False,False,"$PTR,$VAR",$PTR,"[{""$PTR"": 4, ""$VAR"": 1}]",1,False,True,False,False,False,False,C2,plain_metavar
/home/moscovin/Documents/eboss/semgrep-rules-aggregate/collected/semgrep_rules__c_baseline.yaml,.,0,2,detect-integer-overflow,A3,Conjunction / Intersection,"fix,id,languages,message,pattern,patterns,severity",False,True,True,True,False,False,False,"$VAR,$X,$Y","$VAR,$X,$Y","[{""$VAR"": 3, ""$X"": 4, ""$Y"": 4}]",2,False,True,False,False,False,False,C2,"B3.5_redundant_metavariable,plain_metavar"
/home/moscovin/Documents/eboss/semgrep-rules-aggregate/collected/semgrep_rules__c_baseline.yaml,.,0,3,detect-command-injection,A3,Conjunction / Intersection,"fix,id,languages,message,pattern,patterns,severity",False,True,True,True,False,False,False,"$CMD,$MODE",$CMD,"[{""$CMD"": 4, ""$MODE"": 1}]",2,False,True,False,False,False,False,C2,"B3.5_redundant_metavariable,plain_metavar"
/home/moscovin/Documents/eboss/semgrep-rules-aggregate/collected/semgrep_rules__c_baseline.yaml,.,0,4,detect-strncpy-misuse,A3,Conjunction / Intersection,"fix,id,languages,message,pattern,patterns,severity",False,True,True,True,False,False,False,"$DST,$SIZE,$SRC","$DST,$SIZE,$SRC","[{""$DST"": 3, ""$SIZE"": 3, ""$SRC"": 2}]",1,False,True,False,False,False,False,C2,"B3.5_redundant_metavariable,plain_metavar"
/home/moscovin/Documents/eboss/semgrep-rules-aggregate/collected/semgrep_rules__c_baseline.yaml,.,0,5,detect-unsafe-pointer-arithmetic,A3,Conjunction / Intersection,"fix,id,languages,message,pattern,patterns,severity",False,True,True,False,False,False,False,"$BUF_END,$OFFSET,$PTR","$OFFSET,$PTR","[{""$BUF_END"": 1, ""$OFFSET"": 3, ""$PTR"": 5}]",1,False,True,False,False,False,False,C2,plain_metavar
/home/moscovin/Documents/eboss/semgrep-rules-aggregate/collected/semgrep_rules__c_baseline.yaml,.,0,6,detect-memory-leak,A3,Conjunction / Intersection,"fix,id,languages,message,pattern,patterns,severity",False,True,True,True,False,False,False,"$PTR,$RESULT,$SIZE","$PTR,$RESULT","[{""$PTR"": 2, ""$RESULT"": 2, ""$SIZE"": 1}]",1,False,True,False,False,False,False,C2,"B3.5_redundant_metavariable,plain_metavar"
