file,directory,document_index,rule_index,rule_id,logical_group,logical_class,operators,B1_no_metavariable,B2_metavariable_binding,B3_repeated_metavariable,B3_5_redundant_metavariable,B4_metavariable_regex,B5_metavariable_pattern,B6_metavariable_comparison_or_type,metavars,repeated_metavars,binding_scopes_json,pattern_count,has_no_metavar,has_plain_metavar,has_unnamed_ellipsis,has_ellipsis_metavar,has_deep_expression,has_no_pattern_fields,shape_groups,shape_labels
/home/moscovin/Documents/eboss/semgrep-rules-aggregate/scrap/0xBugatti-SEMGREP10K/bash__code-execution.yaml,0xBugatti-SEMGREP10K,0,0,bidirectional-char,A3,Conjunction / Intersection,"category,confidence,id,languages,license,message,metadata,pattern-either,pattern-regex,patterns,references,severity,technology",True,False,False,False,False,False,False,,,[],9,True,False,False,False,False,False,C1,no_metavar
/home/moscovin/Documents/eboss/semgrep-rules-aggregate/scrap/0xBugatti-SEMGREP10K/bash__other.yaml,0xBugatti-SEMGREP10K,0,0,line-length,A1,Only regex pattern(s),"id,languages,message,pattern-regex,severity",True,False,False,False,False,False,False,,,[],1,True,False,False,False,False,False,C1,no_metavar
/home/moscovin/Documents/eboss/semgrep-rules-aggregate/scrap/0xBugatti-SEMGREP10K/c__access-control.yaml,0xBugatti-SEMGREP10K,0,0,flawfinder.RpcImpersonateClient-1.ImpersonateLoggedOnUser-1.CoImpersonateClient-1.ImpersonateNamedPipeClient-1.ImpersonateDdeClientWindow-1.ImpersonateSecurityContext-1.SetThreadToken-1,A2,Single or multiple positive pattern(s),"category,cwe,id,languages,message,metadata,name,owasp,pattern,pattern-either,primary_identifier,secondary_identifiers,security-severity,severity,shortDescription,type,value",True,False,False,False,False,False,False,,,[],7,True,False,True,False,False,False,"C1,C3","no_metavar,unnamed_ellipsis"
/home/moscovin/Documents/eboss/semgrep-rules-aggregate/scrap/0xBugatti-SEMGREP10K/c__access-control.yaml,0xBugatti-SEMGREP10K,0,1,flawfinder.AddAccessAllowedAce-1,A2,Single or multiple positive pattern(s),"category,cwe,id,languages,message,metadata,name,owasp,pattern,primary_identifier,secondary_identifiers,security-severity,severity,shortDescription,type,value",True,False,False,False,False,False,False,,,[],1,True,False,True,False,False,False,"C1,C3","no_metavar,unnamed_ellipsis"
/home/moscovin/Documents/eboss/semgrep-rules-aggregate/scrap/0xBugatti-SEMGREP10K/c__access-control.yaml,0xBugatti-SEMGREP10K,0,2,flawfinder.SetSecurityDescriptorDacl-1,A2,Single or multiple positive pattern(s),"category,cwe,id,languages,message,metadata,name,owasp,pattern,primary_identifier,secondary_identifiers,security-severity,severity,shortDescription,type,value",True,False,False,False,False,False,False,,,[],1,True,False,True,False,False,False,"C1,C3","no_metavar,unnamed_ellipsis"
/home/moscovin/Documents/eboss/semgrep-rules-aggregate/scrap/0xBugatti-SEMGREP10K/c__access-control.yaml,0xBugatti-SEMGREP10K,0,3,flawfinder.fopen-1.open-1,A2,Single or multiple positive pattern(s),"category,cwe,id,languages,message,metadata,name,owasp,pattern,pattern-either,primary_identifier,secondary_identifiers,security-severity,severity,shortDescription,type,value",True,False,False,False,False,False,False,,,[],2,True,False,True,False,False,False,"C1,C3","no_metavar,unnamed_ellipsis"
/home/moscovin/Documents/eboss/semgrep-rules-aggregate/scrap/0xBugatti-SEMGREP10K/c__access-control.yaml,0xBugatti-SEMGREP10K,0,4,flawfinder.access-1,A2,Single or multiple positive pattern(s),"category,cwe,id,languages,message,metadata,name,owasp,pattern,primary_identifier,secondary_identifiers,security-severity,severity,shortDescription,type,value",True,False,False,False,False,False,False,,,[],1,True,False,True,False,False,False,"C1,C3","no_metavar,unnamed_ellipsis"
/home/moscovin/Documents/eboss/semgrep-rules-aggregate/scrap/0xBugatti-SEMGREP10K/c__access-control.yaml,0xBugatti-SEMGREP10K,0,5,flawfinder.chown-1,A2,Single or multiple positive pattern(s),"category,cwe,id,languages,message,metadata,name,owasp,pattern,primary_identifier,secondary_identifiers,security-severity,severity,shortDescription,type,value",True,False,False,False,False,False,False,,,[],1,True,False,True,False,False,False,"C1,C3","no_metavar,unnamed_ellipsis"
/home/moscovin/Documents/eboss/semgrep-rules-aggregate/scrap/0xBugatti-SEMGREP10K/c__access-control.yaml,0xBugatti-SEMGREP10K,0,6,flawfinder.readlink-1,A2,Single or multiple positive pattern(s),"category,cwe,id,languages,message,metadata,name,owasp,pattern,primary_identifier,secondary_identifiers,security-severity,severity,shortDescription,type,value",True,False,False,False,False,False,False,,,[],1,True,False,True,False,False,False,"C1,C3","no_metavar,unnamed_ellipsis"
/home/moscovin/Documents/eboss/semgrep-rules-aggregate/scrap/0xBugatti-SEMGREP10K/c__access-control.yaml,0xBugatti-SEMGREP10K,0,7,flawfinder.vfork-1,A2,Single or multiple positive pattern(s),"category,cwe,id,languages,message,metadata,name,owasp,pattern,primary_identifier,secondary_identifiers,security-severity,severity,shortDescription,type,value",True,False,False,False,False,False,False,,,[],1,True,False,True,False,False,False,"C1,C3","no_metavar,unnamed_ellipsis"
/home/moscovin/Documents/eboss/semgrep-rules-aggregate/scrap/0xBugatti-SEMGREP10K/c__access-control.yaml,0xBugatti-SEMGREP10K,0,8,flawfinder.GetTempFileName-1,A2,Single or multiple positive pattern(s),"category,cwe,id,languages,message,metadata,name,owasp,pattern,primary_identifier,secondary_identifiers,security-severity,severity,shortDescription,type,value",True,False,False,False,False,False,False,,,[],1,True,False,True,False,False,False,"C1,C3","no_metavar,unnamed_ellipsis"
/home/moscovin/Documents/eboss/semgrep-rules-aggregate/scrap/0xBugatti-SEMGREP10K/c__access-control.yaml,0xBugatti-SEMGREP10K,0,9,flawfinder.mkstemp-1,A2,Single or multiple positive pattern(s),"category,cwe,id,languages,message,metadata,name,owasp,pattern,primary_identifier,secondary_identifiers,security-severity,severity,shortDescription,type,value",True,False,False,False,False,False,False,,,[],1,True,False,True,False,False,False,"C1,C3","no_metavar,unnamed_ellipsis"
/home/moscovin/Documents/eboss/semgrep-rules-aggregate/scrap/0xBugatti-SEMGREP10K/c__access-control.yaml,0xBugatti-SEMGREP10K,0,10,flawfinder.mktemp-1,A2,Single or multiple positive pattern(s),"category,cwe,id,languages,message,metadata,name,owasp,pattern,primary_identifier,secondary_identifiers,security-severity,severity,shortDescription,type,value",True,False,False,False,False,False,False,,,[],1,True,False,True,False,False,False,"C1,C3","no_metavar,unnamed_ellipsis"
/home/moscovin/Documents/eboss/semgrep-rules-aggregate/scrap/0xBugatti-SEMGREP10K/c__access-control.yaml,0xBugatti-SEMGREP10K,0,11,flawfinder.tmpfile-1,A2,Single or multiple positive pattern(s),"category,cwe,id,languages,message,metadata,name,owasp,pattern,primary_identifier,secondary_identifiers,security-severity,severity,shortDescription,type,value",True,False,False,False,False,False,False,,,[],1,True,False,True,False,False,False,"C1,C3","no_metavar,unnamed_ellipsis"
/home/moscovin/Documents/eboss/semgrep-rules-aggregate/scrap/0xBugatti-SEMGREP10K/c__access-control.yaml,0xBugatti-SEMGREP10K,0,12,flawfinder.tmpnam-1.tempnam-1,A2,Single or multiple positive pattern(s),"category,cwe,id,languages,message,metadata,name,owasp,pattern,pattern-either,primary_identifier,secondary_identifiers,security-severity,severity,shortDescription,type,value",True,False,False,False,False,False,False,,,[],2,True,False,True,False,False,False,"C1,C3","no_metavar,unnamed_ellipsis"
/home/moscovin/Documents/eboss/semgrep-rules-aggregate/scrap/0xBugatti-SEMGREP10K/c__best-practice.yaml,0xBugatti-SEMGREP10K,0,0,flawfinder.cuserid-1,A2,Single or multiple positive pattern(s),"category,cwe,id,languages,message,metadata,name,owasp,pattern,primary_identifier,secondary_identifiers,security-severity,severity,shortDescription,type,value",True,False,False,False,False,False,False,,,[],1,True,False,True,False,False,False,"C1,C3","no_metavar,unnamed_ellipsis"
/home/moscovin/Documents/eboss/semgrep-rules-aggregate/scrap/0xBugatti-SEMGREP10K/c__best-practice.yaml,0xBugatti-SEMGREP10K,0,1,flawfinder.getlogin-1,A2,Single or multiple positive pattern(s),"category,cwe,id,languages,message,metadata,name,owasp,pattern,primary_identifier,secondary_identifiers,security-severity,severity,shortDescription,type,value",True,False,False,False,False,False,False,,,[],1,True,False,True,False,False,False,"C1,C3","no_metavar,unnamed_ellipsis"
/home/moscovin/Documents/eboss/semgrep-rules-aggregate/scrap/0xBugatti-SEMGREP10K/c__best-practice.yaml,0xBugatti-SEMGREP10K,0,2,flawfinder.getpass-1,A2,Single or multiple positive pattern(s),"category,cwe,id,languages,message,metadata,name,owasp,pattern,primary_identifier,secondary_identifiers,security-severity,severity,shortDescription,type,value",True,False,False,False,False,False,False,,,[],1,True,False,True,False,False,False,"C1,C3","no_metavar,unnamed_ellipsis"
/home/moscovin/Documents/eboss/semgrep-rules-aggregate/scrap/0xBugatti-SEMGREP10K/c__best-practice.yaml,0xBugatti-SEMGREP10K,0,3,flawfinder.gsignal-1.ssignal-1,A2,Single or multiple positive pattern(s),"category,cwe,id,languages,message,metadata,name,owasp,pattern,pattern-either,primary_identifier,secondary_identifiers,security-severity,severity,shortDescription,type,value",True,False,False,False,False,False,False,,,[],2,True,False,True,False,False,False,"C1,C3","no_metavar,unnamed_ellipsis"
/home/moscovin/Documents/eboss/semgrep-rules-aggregate/scrap/0xBugatti-SEMGREP10K/c__best-practice.yaml,0xBugatti-SEMGREP10K,0,4,flawfinder.ulimit-1,A2,Single or multiple positive pattern(s),"category,cwe,id,languages,message,metadata,name,owasp,pattern,primary_identifier,secondary_identifiers,security-severity,severity,shortDescription,type,value",True,False,False,False,False,False,False,,,[],1,True,False,True,False,False,False,"C1,C3","no_metavar,unnamed_ellipsis"
/home/moscovin/Documents/eboss/semgrep-rules-aggregate/scrap/0xBugatti-SEMGREP10K/c__best-practice.yaml,0xBugatti-SEMGREP10K,0,5,flawfinder.usleep-1,A2,Single or multiple positive pattern(s),"category,cwe,id,languages,message,metadata,name,owasp,pattern,primary_identifier,secondary_identifiers,security-severity,severity,shortDescription,type,value",True,False,False,False,False,False,False,,,[],1,True,False,True,False,False,False,"C1,C3","no_metavar,unnamed_ellipsis"
/home/moscovin/Documents/eboss/semgrep-rules-aggregate/scrap/0xBugatti-SEMGREP10K/c__best-practice.yaml,0xBugatti-SEMGREP10K,0,6,raptor-insecure-api-signal,A2,Single or multiple positive pattern(s),"author,confidence,id,languages,message,metadata,pattern,references,severity",True,False,False,False,False,False,False,,,[],1,True,False,True,False,False,False,"C1,C3","no_metavar,unnamed_ellipsis"
/home/moscovin/Documents/eboss/semgrep-rules-aggregate/scrap/0xBugatti-SEMGREP10K/c__code-execution.yaml,0xBugatti-SEMGREP10K,0,0,raptor-incorrect-use-of-strncpy-stpncpy-strlcpy,A5,Containment (inclusive),"author,confidence,id,languages,message,metadata,metavariable,metavariable-pattern,pattern,pattern-either,pattern-inside,patterns,references,severity",False,True,True,False,False,True,False,"$DST,$EXPR,$FUN,$LEN,$SRC,$TYPE","$FUN,$LEN,$SRC","[{""$DST"": 1, ""$FUN"": 2, ""$LEN"": 2, ""$SRC"": 2, ""$TYPE"": 1}, {""$DST"": 1, ""$EXPR"": 1, ""$FUN"": 2, ""$LEN"": 2, ""$SRC"": 2, ""$TYPE"": 1}, {""$DST"": 1, ""$FUN"": 2, ""$LEN"": 2, ""$SRC"": 2, ""$TYPE"": 1}, {""$DST"": 1, ""$EXPR"": 1, ""$FUN"": 2, ""$LEN"": 2, ""$SRC"": 2, ""$TYPE"": 1}, {""$DST"": 1, ""$FUN"": 2, ""$LEN"": 2, ""$SRC"": 2, ""$TYPE"": 1}, {""$DST"": 1, ""$EXPR"": 1, ""$FUN"": 2, ""$LEN"": 2, ""$SRC"": 2, ""$TYPE"": 1}, {""$DST"": 1, ""$FUN"": 2, ""$LEN"": 2, ""$SRC"": 2, ""$TYPE"": 1}, {""$DST"": 1, ""$EXPR"": 1, ""$FUN"": 2, ""$LEN"": 2, ""$SRC"": 2, ""$TYPE"": 1}, {""$DST"": 1, ""$FUN"": 2, ""$SRC"": 2}, {""$DST"": 1, ""$FUN"": 2, ""$SRC"": 2}, {""$DST"": 1, ""$FUN"": 2, ""$SRC"": 2}, {""$DST"": 1, ""$FUN"": 2, ""$SRC"": 2}]",12,True,True,True,False,True,False,"C1,C2,C3,C5","deep_expression,no_metavar,plain_metavar,unnamed_ellipsis"
/home/moscovin/Documents/eboss/semgrep-rules-aggregate/scrap/0xBugatti-SEMGREP10K/c__code-execution.yaml,0xBugatti-SEMGREP10K,0,1,raptor-mismatched-memory-management,A6,Containment (exclusive),"author,confidence,id,languages,message,metadata,pattern,pattern-either,pattern-not-inside,patterns,references,severity",False,True,True,False,False,False,False,"$CAST,$PTR","$CAST,$PTR","[{""$CAST"": 3, ""$PTR"": 13}]",7,False,True,True,False,False,False,"C2,C3","plain_metavar,unnamed_ellipsis"
/home/moscovin/Documents/eboss/semgrep-rules-aggregate/scrap/0xBugatti-SEMGREP10K/c__code-execution.yaml,0xBugatti-SEMGREP10K,0,2,raptor-missing-break-in-switch,A4,Negation / Filtering,"author,confidence,focus-metavariable,id,languages,message,metadata,pattern,pattern-not,patterns,references,severity",False,True,True,True,False,False,False,"$LOC,$RET,$VAL1,$VAL2,$VAR","$LOC,$RET,$VAL1,$VAL2,$VAR","[{""$LOC"": 2, ""$RET"": 4, ""$VAL1"": 11, ""$VAL2"": 11, ""$VAR"": 12}]",11,False,True,True,False,False,False,"C2,C3","B3.5_redundant_metavariable,plain_metavar,unnamed_ellipsis"
/home/moscovin/Documents/eboss/semgrep-rules-aggregate/scrap/0xBugatti-SEMGREP10K/c__code-execution.yaml,0xBugatti-SEMGREP10K,0,3,raptor-unsafe-ret-strlcpy-strlcat,A2,Single or multiple positive pattern(s),"author,confidence,id,languages,message,metadata,pattern,pattern-either,references,severity",False,True,False,True,False,False,False,$RET,,"[{""$RET"": 1}, {""$RET"": 1}, {""$RET"": 1}, {""$RET"": 1}, {""$RET"": 1}, {""$RET"": 1}, {""$RET"": 1}, {""$RET"": 1}]",8,False,True,True,False,False,False,"C2,C3","B3.5_redundant_metavariable,plain_metavar,unnamed_ellipsis"
/home/moscovin/Documents/eboss/semgrep-rules-aggregate/scrap/0xBugatti-SEMGREP10K/c__code-execution.yaml,0xBugatti-SEMGREP10K,0,4,exec,A3,Conjunction / Intersection,"category,confidence,id,impact,languages,likelihood,message,metadata,metavariable,metavariable-regex,pattern,pattern-either,patterns,regex,severity,subcategory,technology",False,True,True,False,True,False,False,"$EXEC,$SYSCALL","$EXEC,$SYSCALL","[{""$EXEC"": 3}, {""$EXEC"": 1, ""$SYSCALL"": 2}]",2,False,True,True,False,False,False,"C2,C3","plain_metavar,unnamed_ellipsis"
/home/moscovin/Documents/eboss/semgrep-rules-aggregate/scrap/0xBugatti-SEMGREP10K/c__code-execution.yaml,0xBugatti-SEMGREP10K,0,5,raptor-use-after-free,A6,Containment (exclusive),"author,confidence,id,languages,message,metadata,metavariable,metavariable-pattern,pattern,pattern-either,pattern-inside,pattern-not,pattern-not-inside,patterns,references,severity",False,True,True,False,False,True,False,"$EXPR,$FUN,$MEM,$POS,$PTR","$FUN,$PTR","[{""$EXPR"": 1, ""$MEM"": 1, ""$PTR"": 4}, {""$EXPR"": 1, ""$POS"": 1, ""$PTR"": 4}, {""$EXPR"": 1, ""$PTR"": 4}, {""$EXPR"": 1, ""$PTR"": 4}, {""$EXPR"": 1, ""$FUN"": 2, ""$PTR"": 4}, {""$EXPR"": 1, ""$FUN"": 2, ""$MEM"": 1, ""$PTR"": 4}, {""$EXPR"": 1, ""$FUN"": 2, ""$POS"": 1, ""$PTR"": 4}, {""$EXPR"": 1, ""$FUN"": 2, ""$PTR"": 4}, {""$EXPR"": 1, ""$FUN"": 2, ""$PTR"": 4}]",12,True,True,True,False,True,False,"C1,C2,C3,C5","deep_expression,no_metavar,plain_metavar,unnamed_ellipsis"
/home/moscovin/Documents/eboss/semgrep-rules-aggregate/scrap/0xBugatti-SEMGREP10K/c__code-execution.yaml,0xBugatti-SEMGREP10K,0,6,raptor-missing-break-in-switch-2,A4,Negation / Filtering,"author,category,confidence,cwe,focus-metavariable,id,impact,languages,likelihood,message,metadata,owasp,pattern,pattern-not,patterns,references,severity,subcategory,technology,vulnerability_class",False,True,True,True,False,False,False,"$VAL1,$VAL2,$VAR,$_","$VAL1,$VAL2,$VAR,$_","[{""$VAL1"": 11, ""$VAL2"": 11, ""$VAR"": 12, ""$_"": 6}]",11,False,True,True,False,False,False,"C2,C3","B3.5_redundant_metavariable,plain_metavar,unnamed_ellipsis"
/home/moscovin/Documents/eboss/semgrep-rules-aggregate/scrap/0xBugatti-SEMGREP10K/c__code-execution.yaml,0xBugatti-SEMGREP10K,0,7,raptor-missing-default-in-switch,A4,Negation / Filtering,"author,category,confidence,cwe,focus-metavariable,id,impact,languages,likelihood,message,metadata,owasp,pattern,pattern-not,patterns,references,severity,subcategory,technology,vulnerability_class",False,True,True,True,False,False,False,$VAR,$VAR,"[{""$VAR"": 3}]",2,False,True,True,False,False,False,"C2,C3","B3.5_redundant_metavariable,plain_metavar,unnamed_ellipsis"
/home/moscovin/Documents/eboss/semgrep-rules-aggregate/scrap/0xBugatti-SEMGREP10K/c__code-execution.yaml,0xBugatti-SEMGREP10K,0,8,raptor-unsafe-ret-strlcpy-strlcat-2,A3,Conjunction / Intersection,"author,category,confidence,cwe,id,impact,languages,likelihood,message,metadata,metavariable,metavariable-pattern,owasp,pattern,pattern-either,patterns,references,severity,subcategory,technology,vulnerability_class",False,True,True,True,False,True,False,"$FUN,$_",$FUN,"[{""$FUN"": 2, ""$_"": 1}, {""$FUN"": 2, ""$_"": 1}, {""$FUN"": 2, ""$_"": 1}, {""$FUN"": 2, ""$_"": 1}, {""$FUN"": 2, ""$_"": 1}, {""$FUN"": 2, ""$_"": 1}, {""$FUN"": 2, ""$_"": 1}, {""$FUN"": 2, ""$_"": 1}, {""$FUN"": 2, ""$_"": 1}, {""$FUN"": 2, ""$_"": 1}, {""$FUN"": 2, ""$_"": 1}, {""$FUN"": 2, ""$_"": 1}]",8,True,True,True,False,False,False,"C1,C2,C3","B3.5_redundant_metavariable,no_metavar,plain_metavar,unnamed_ellipsis"
/home/moscovin/Documents/eboss/semgrep-rules-aggregate/scrap/0xBugatti-SEMGREP10K/c__code-execution.yaml,0xBugatti-SEMGREP10K,0,9,raptor-use-after-free-2,A6,Containment (exclusive),"author,category,confidence,cwe,id,impact,languages,likelihood,message,metadata,metavariable,metavariable-pattern,owasp,pattern,pattern-either,pattern-inside,pattern-not,pattern-not-inside,patterns,references,severity,subcategory,technology,vulnerability_class",False,True,True,False,False,True,False,"$FUN,$PTR,$_","$FUN,$PTR","[{""$PTR"": 4, ""$_"": 1}, {""$PTR"": 4, ""$_"": 1}, {""$PTR"": 4}, {""$PTR"": 4}, {""$FUN"": 2, ""$PTR"": 4}, {""$FUN"": 2, ""$PTR"": 4}]",9,True,True,True,False,True,False,"C1,C2,C3,C5","deep_expression,no_metavar,plain_metavar,unnamed_ellipsis"
/home/moscovin/Documents/eboss/semgrep-rules-aggregate/scrap/0xBugatti-SEMGREP10K/c__code-execution.yaml,0xBugatti-SEMGREP10K,0,10,raptor-use-of-source-size-in-copy,A6,Containment (exclusive),"author,category,confidence,cwe,id,impact,languages,likelihood,message,metadata,metavariable,metavariable-pattern,owasp,pattern,pattern-either,pattern-inside,pattern-not,pattern-not-inside,patterns,references,severity,subcategory,technology,vulnerability_class",False,True,True,False,False,True,False,"$DST,$FUN,$LEN,$SRC,$_","$DST,$FUN,$LEN,$SRC,$_","[{""$DST"": 4, ""$FUN"": 3, ""$LEN"": 5, ""$SRC"": 2, ""$_"": 3}, {""$DST"": 4, ""$FUN"": 3, ""$LEN"": 5, ""$SRC"": 2, ""$_"": 3}, {""$DST"": 4, ""$FUN"": 3, ""$LEN"": 5, ""$SRC"": 2, ""$_"": 3}, {""$DST"": 4, ""$FUN"": 3, ""$LEN"": 5, ""$SRC"": 2, ""$_"": 3}, {""$DST"": 4, ""$FUN"": 3, ""$LEN"": 5, ""$SRC"": 2, ""$_"": 3}, {""$DST"": 4, ""$FUN"": 3, ""$LEN"": 5, ""$SRC"": 2, ""$_"": 3}, {""$DST"": 4, ""$FUN"": 3, ""$LEN"": 5, ""$SRC"": 2, ""$_"": 3}, {""$DST"": 4, ""$FUN"": 3, ""$LEN"": 5, ""$SRC"": 2, ""$_"": 3}, {""$DST"": 4, ""$FUN"": 3, ""$LEN"": 5, ""$SRC"": 2, ""$_"": 3}, {""$DST"": 4, ""$FUN"": 3, ""$LEN"": 5, ""$SRC"": 2, ""$_"": 3}, {""$DST"": 4, ""$FUN"": 3, ""$LEN"": 5, ""$SRC"": 2, ""$_"": 3}, {""$DST"": 4, ""$FUN"": 3, ""$LEN"": 5, ""$SRC"": 2, ""$_"": 3}, {""$DST"": 4, ""$FUN"": 3, ""$LEN"": 5, ""$SRC"": 2, ""$_"": 3}, {""$DST"": 4, ""$FUN"": 3, ""$LEN"": 5, ""$SRC"": 2, ""$_"": 3}, {""$DST"": 4, ""$FUN"": 3, ""$LEN"": 5, ""$SRC"": 2, ""$_"": 3}, {""$DST"": 4, ""$FUN"": 3, ""$LEN"": 5, ""$SRC"": 2, ""$_"": 3}, {""$DST"": 4, ""$FUN"": 3, ""$LEN"": 5, ""$SRC"": 2, ""$_"": 3}, {""$DST"": 4, ""$FUN"": 3, ""$LEN"": 5, ""$SRC"": 2, ""$_"": 3}, {""$DST"": 4, ""$FUN"": 3, ""$LEN"": 5, ""$SRC"": 2, ""$_"": 3}, {""$DST"": 4, ""$FUN"": 3, ""$LEN"": 5, ""$SRC"": 2, ""$_"": 3}, {""$DST"": 2, ""$FUN"": 3, ""$SRC"": 3}, {""$DST"": 2, ""$FUN"": 3, ""$SRC"": 3}, {""$DST"": 2, ""$FUN"": 3, ""$SRC"": 3}, {""$DST"": 2, ""$FUN"": 3, ""$SRC"": 3}, {""$DST"": 2, ""$FUN"": 3, ""$SRC"": 3}, {""$DST"": 2, ""$FUN"": 3, ""$SRC"": 3}, {""$DST"": 2, ""$FUN"": 3, ""$SRC"": 3}, {""$DST"": 2, ""$FUN"": 3, ""$SRC"": 3}, {""$DST"": 2, ""$FUN"": 3, ""$SRC"": 3}, {""$DST"": 2, ""$FUN"": 3, ""$SRC"": 3}, {""$DST"": 1, ""$FUN"": 2, ""$SRC"": 2}, {""$DST"": 1, ""$FUN"": 2, ""$SRC"": 2}, {""$DST"": 1, ""$FUN"": 2, ""$SRC"": 2}, {""$DST"": 1, ""$FUN"": 2, ""$SRC"": 2}]",35,True,True,True,False,True,False,"C1,C2,C3,C5","deep_expression,no_metavar,plain_metavar,unnamed_ellipsis"
/home/moscovin/Documents/eboss/semgrep-rules-aggregate/scrap/0xBugatti-SEMGREP10K/c__code-execution.yaml,0xBugatti-SEMGREP10K,0,11,raptor-missing-break-in-switch-3,A4,Negation / Filtering,"author,confidence,id,languages,message,metadata,pattern,pattern-not,patterns,references,severity",False,True,True,True,False,False,False,"$RET,$VAL1,$VAL2,$VAR","$RET,$VAL1,$VAL2,$VAR","[{""$RET"": 4, ""$VAL1"": 9, ""$VAL2"": 9, ""$VAR"": 9}]",9,False,True,True,False,False,False,"C2,C3","B3.5_redundant_metavariable,plain_metavar,unnamed_ellipsis"
/home/moscovin/Documents/eboss/semgrep-rules-aggregate/scrap/0xBugatti-SEMGREP10K/c__code-execution.yaml,0xBugatti-SEMGREP10K,0,12,raptor-missing-default-in-switch-2,A4,Negation / Filtering,"author,confidence,id,languages,message,metadata,pattern,pattern-not,patterns,references,severity",False,True,True,True,False,False,False,$VAR,$VAR,"[{""$VAR"": 2}]",2,False,True,True,False,False,False,"C2,C3","B3.5_redundant_metavariable,plain_metavar,unnamed_ellipsis"
/home/moscovin/Documents/eboss/semgrep-rules-aggregate/scrap/0xBugatti-SEMGREP10K/c__code-execution.yaml,0xBugatti-SEMGREP10K,0,13,memcpy-insecure-use,A2,Single or multiple positive pattern(s),"category,id,languages,message,metadata,pattern,references,severity",False,True,True,False,False,False,False,"$BUF,$SIZE,$TYPE",$BUF,"[{""$BUF"": 2, ""$SIZE"": 1, ""$TYPE"": 1}]",1,False,True,True,False,False,False,"C2,C3","plain_metavar,unnamed_ellipsis"
/home/moscovin/Documents/eboss/semgrep-rules-aggregate/scrap/0xBugatti-SEMGREP10K/c__code-execution.yaml,0xBugatti-SEMGREP10K,0,14,Uncontrolled-Format-String,A4,Negation / Filtering,"author,category,confidence,cwe,id,languages,message,metadata,owasp,pattern,pattern-either,pattern-not,patterns,references,severity,technology,vulnerability_class",False,True,True,False,False,False,False,"$BUF,$ERRNO,$EXITCODE,$FD,$FMT,$FUNC,$PRIORITY,$PTR,$SIZE,$STREAM,$_",$_,"[{""$FMT"": 1, ""$FUNC"": 1, ""$_"": 7}, {""$FMT"": 1, ""$FUNC"": 1, ""$_"": 7}, {""$FMT"": 1, ""$FUNC"": 1, ""$_"": 7}, {""$FMT"": 1, ""$FUNC"": 1, ""$_"": 7}, {""$FMT"": 1, ""$FUNC"": 1, ""$_"": 7}, {""$FMT"": 1, ""$FUNC"": 1, ""$_"": 7}, {""$FMT"": 1, ""$FUNC"": 1, ""$_"": 7}, {""$FMT"": 1, ""$FUNC"": 1, ""$_"": 7}, {""$FMT"": 1, ""$FUNC"": 1, ""$_"": 7}, {""$FMT"": 1, ""$FUNC"": 1, ""$_"": 7}, {""$FMT"": 1, ""$FUNC"": 1, ""$_"": 7}, {""$FMT"": 1, ""$FUNC"": 1, ""$_"": 7}, {""$FMT"": 1, ""$FUNC"": 1, ""$_"": 7}, {""$FMT"": 1, ""$FUNC"": 1, ""$_"": 7}, {""$FMT"": 1, ""$FUNC"": 1, ""$_"": 7}, {""$FMT"": 1, ""$FUNC"": 1, ""$_"": 7}, {""$FMT"": 1, ""$FUNC"": 1, ""$_"": 7}, {""$FMT"": 1, ""$FUNC"": 1, ""$_"": 7}, {""$FMT"": 1, ""$FUNC"": 1, ""$_"": 7}, {""$FMT"": 1, ""$FUNC"": 1, ""$STREAM"": 1, ""$_"": 10}, {""$FMT"": 1, ""$FUNC"": 1, ""$STREAM"": 1, ""$_"": 10}, {""$FMT"": 1, ""$FUNC"": 1, ""$STREAM"": 1, ""$_"": 10}, {""$FMT"": 1, ""$FUNC"": 1, ""$STREAM"": 1, ""$_"": 10}, {""$BUF"": 1, ""$FMT"": 1, ""$FUNC"": 1, ""$_"": 10}, {""$BUF"": 1, ""$FMT"": 1, ""$FUNC"": 1, ""$_"": 10}, {""$FMT"": 1, ""$FUNC"": 1, ""$PTR"": 1, ""$_"": 10}, {""$FMT"": 1, ""$FUNC"": 1, ""$PTR"": 1, ""$_"": 10}, {""$FD"": 1, ""$FMT"": 1, ""$FUNC"": 1, ""$_"": 10}, {""$FD"": 1, ""$FMT"": 1, ""$FUNC"": 1, ""$_"": 10}, {""$BUF"": 1, ""$FMT"": 1, ""$FUNC"": 1, ""$_"": 10}, {""$FMT"": 1, ""$FUNC"": 1, ""$STREAM"": 1, ""$_"": 10}, {""$FMT"": 1, ""$FUNC"": 1, ""$STREAM"": 1, ""$_"": 10}, {""$FMT"": 1, ""$FUNC"": 1, ""$STREAM"": 1, ""$_"": 10}, {""$FMT"": 1, ""$FUNC"": 1, ""$STREAM"": 1, ""$_"": 10}, {""$FMT"": 1, ""$FUNC"": 1, ""$STREAM"": 1, ""$_"": 10}, {""$FMT"": 1, ""$FUNC"": 1, ""$STREAM"": 1, ""$_"": 10}, {""$BUF"": 1, ""$FMT"": 1, ""$FUNC"": 1, ""$_"": 10}, {""$BUF"": 1, ""$FMT"": 1, ""$FUNC"": 1, ""$_"": 10}, {""$BUF"": 1, ""$FMT"": 1, ""$FUNC"": 1, ""$_"": 10}, {""$BUF"": 1, ""$FMT"": 1, ""$FUNC"": 1, ""$_"": 10}, {""$BUF"": 1, ""$FMT"": 1, ""$FUNC"": 1, ""$_"": 10}, {""$BUF"": 1, ""$FMT"": 1, ""$FUNC"": 1, ""$_"": 10}, {""$FMT"": 1, ""$FUNC"": 1, ""$PRIORITY"": 1, ""$_"": 10}, {""$FMT"": 1, ""$FUNC"": 1, ""$PRIORITY"": 1, ""$_"": 10}, {""$EXITCODE"": 1, ""$FMT"": 1, ""$FUNC"": 1, ""$_"": 10}, {""$EXITCODE"": 1, ""$FMT"": 1, ""$FUNC"": 1, ""$_"": 10}, {""$EXITCODE"": 1, ""$FMT"": 1, ""$FUNC"": 1, ""$_"": 10}, {""$EXITCODE"": 1, ""$FMT"": 1, ""$FUNC"": 1, ""$_"": 10}, {""$ERRNO"": 1, ""$FMT"": 1, ""$FUNC"": 1, ""$_"": 10}, {""$ERRNO"": 1, ""$FMT"": 1, ""$FUNC"": 1, ""$_"": 10}, {""$BUF"": 1, ""$FMT"": 1, ""$FUNC"": 1, ""$SIZE"": 1, ""$_"": 12}, {""$BUF"": 1, ""$FMT"": 1, ""$FUNC"": 1, ""$SIZE"": 1, ""$_"": 12}, {""$BUF"": 1, ""$FMT"": 1, ""$FUNC"": 1, ""$SIZE"": 1, ""$_"": 12}, {""$BUF"": 1, ""$FMT"": 1, ""$FUNC"": 1, ""$SIZE"": 1, ""$_"": 12}, {""$ERRNO"": 1, ""$EXITCODE"": 1, ""$FMT"": 1, ""$FUNC"": 1, ""$_"": 12}, {""$ERRNO"": 1, ""$EXITCODE"": 1, ""$FMT"": 1, ""$FUNC"": 1, ""$_"": 12}]",72,False,True,True,False,False,False,"C2,C3","plain_metavar,unnamed_ellipsis"
/home/moscovin/Documents/eboss/semgrep-rules-aggregate/scrap/0xBugatti-SEMGREP10K/c__code-execution.yaml,0xBugatti-SEMGREP10K,0,15,Use-After-Free,A4,Negation / Filtering,"author,category,confidence,cwe,id,languages,message,metadata,metavariable,metavariable-pattern,pattern,pattern-either,pattern-not,patterns,references,severity,vulnerability_class",False,True,True,False,False,True,False,"$FIELD,$FUNC,$IDX,$NEW,$PTR","$FIELD,$FUNC,$IDX,$PTR","[{""$FIELD"": 2, ""$NEW"": 1, ""$PTR"": 5}, {""$FIELD"": 2, ""$NEW"": 1, ""$PTR"": 5}, {""$IDX"": 2, ""$NEW"": 1, ""$PTR"": 5}, {""$NEW"": 1, ""$PTR"": 5}, {""$NEW"": 1, ""$PTR"": 5}, {""$NEW"": 1, ""$PTR"": 5}, {""$FUNC"": 3, ""$NEW"": 1, ""$PTR"": 5}, {""$FIELD"": 2, ""$FUNC"": 3, ""$NEW"": 1, ""$PTR"": 5}, {""$FIELD"": 2, ""$NEW"": 1, ""$PTR"": 5}, {""$FIELD"": 2, ""$NEW"": 1, ""$PTR"": 5}, {""$IDX"": 2, ""$NEW"": 1, ""$PTR"": 5}, {""$NEW"": 1, ""$PTR"": 5}, {""$FIELD"": 2, ""$NEW"": 1, ""$PTR"": 5}, {""$FIELD"": 2, ""$NEW"": 1, ""$PTR"": 5}, {""$IDX"": 2, ""$NEW"": 1, ""$PTR"": 5}, {""$NEW"": 1, ""$PTR"": 5}]",36,True,True,True,False,False,False,"C1,C2,C3","no_metavar,plain_metavar,unnamed_ellipsis"
/home/moscovin/Documents/eboss/semgrep-rules-aggregate/scrap/0xBugatti-SEMGREP10K/c__command-injection.yaml,0xBugatti-SEMGREP10K,0,0,detect-command-injection,A3,Conjunction / Intersection,"fix,id,languages,message,pattern,patterns,severity",False,True,True,True,False,False,False,"$CMD,$MODE",$CMD,"[{""$CMD"": 4, ""$MODE"": 1}]",2,False,True,False,False,False,False,C2,"B3.5_redundant_metavariable,plain_metavar"
/home/moscovin/Documents/eboss/semgrep-rules-aggregate/scrap/0xBugatti-SEMGREP10K/c__command-injection.yaml,0xBugatti-SEMGREP10K,0,1,Command-inject INFO check 1,A3,Conjunction / Intersection,"author,id,languages,message,metadata,pattern,pattern-either,pattern-regex,patterns,severity",True,False,False,False,False,False,False,,,[],4,True,False,True,False,False,False,"C1,C3","no_metavar,unnamed_ellipsis"
/home/moscovin/Documents/eboss/semgrep-rules-aggregate/scrap/0xBugatti-SEMGREP10K/c__command-injection.yaml,0xBugatti-SEMGREP10K,0,2,raptor-command-injection,A4,Negation / Filtering,"author,confidence,id,languages,message,metadata,pattern,pattern-either,pattern-not,patterns,references,severity",False,True,False,False,False,False,False,$FUN,,"[{""$FUN"": 1}, {""$FUN"": 1}]",3,True,True,True,False,False,False,"C1,C2,C3","no_metavar,plain_metavar,unnamed_ellipsis"
/home/moscovin/Documents/eboss/semgrep-rules-aggregate/scrap/0xBugatti-SEMGREP10K/c__command-injection.yaml,0xBugatti-SEMGREP10K,0,3,Command-inject WARNING check 2,A4,Negation / Filtering,"author,id,languages,message,metadata,pattern,pattern-either,pattern-not,patterns,severity",False,True,False,False,False,False,False,$FUN,,"[{""$FUN"": 1}]",2,True,True,True,False,False,False,"C1,C2,C3","no_metavar,plain_metavar,unnamed_ellipsis"
/home/moscovin/Documents/eboss/semgrep-rules-aggregate/scrap/0xBugatti-SEMGREP10K/c__command-injection.yaml,0xBugatti-SEMGREP10K,0,4,Command-inject WARNING check 3,A3,Conjunction / Intersection,"author,id,languages,message,metadata,metavariable,metavariable-pattern,pattern,pattern-either,patterns,severity",False,True,True,False,False,True,False,"$ARG,$FUN","$ARG,$FUN","[{""$ARG"": 2, ""$FUN"": 2}, {""$ARG"": 2, ""$FUN"": 2}, {""$ARG"": 2, ""$FUN"": 2}, {""$ARG"": 2, ""$FUN"": 2}, {""$ARG"": 2, ""$FUN"": 2}, {""$ARG"": 2, ""$FUN"": 2}, {""$ARG"": 2, ""$FUN"": 2}, {""$ARG"": 2, ""$FUN"": 2}, {""$ARG"": 2, ""$FUN"": 2}, {""$ARG"": 2, ""$FUN"": 2}]",7,True,True,True,False,False,False,"C1,C2,C3","no_metavar,plain_metavar,unnamed_ellipsis"
/home/moscovin/Documents/eboss/semgrep-rules-aggregate/scrap/0xBugatti-SEMGREP10K/c__command-injection.yaml,0xBugatti-SEMGREP10K,0,5,flawfinder.execl-1.execlp-1.execle-1.execv-1.execvp-1.popen-1.WinExec-1.ShellExecute-1,A2,Single or multiple positive pattern(s),"category,cwe,id,languages,message,metadata,name,owasp,pattern,pattern-either,primary_identifier,secondary_identifiers,security-severity,severity,shortDescription,type,value",True,False,False,False,False,False,False,,,[],8,True,False,True,False,False,False,"C1,C3","no_metavar,unnamed_ellipsis"
/home/moscovin/Documents/eboss/semgrep-rules-aggregate/scrap/0xBugatti-SEMGREP10K/c__command-injection.yaml,0xBugatti-SEMGREP10K,0,6,raptor-argv-envp-access,A3,Conjunction / Intersection,"author,confidence,id,languages,message,metadata,pattern,pattern-either,patterns,references,severity",True,False,False,False,False,False,False,,,[],2,True,False,False,False,False,False,C1,no_metavar
/home/moscovin/Documents/eboss/semgrep-rules-aggregate/scrap/0xBugatti-SEMGREP10K/c__command-injection.yaml,0xBugatti-SEMGREP10K,0,7,raptor-command-injection-2,A4,Negation / Filtering,"author,category,confidence,cwe,id,impact,languages,likelihood,message,metadata,owasp,pattern,pattern-either,pattern-not,patterns,references,severity,subcategory,technology,vulnerability_class",False,True,False,False,False,False,False,$_,,"[{""$_"": 1}, {""$_"": 1}, {""$_"": 1}, {""$_"": 1}]",5,True,True,True,False,False,False,"C1,C2,C3","no_metavar,plain_metavar,unnamed_ellipsis"
/home/moscovin/Documents/eboss/semgrep-rules-aggregate/scrap/0xBugatti-SEMGREP10K/c__command-injection.yaml,0xBugatti-SEMGREP10K,0,8,OS-Command-Injection,A5,Containment (inclusive),"author,category,confidence,cwe,id,languages,message,meta,metavariable,metavariable-pattern,metavariable-regex,owasp,pattern,pattern-either,pattern-inside,pattern-not,patterns,references,regex,severity,technology,vulnerability_class",False,True,True,False,True,True,False,"$APP,$ARG0,$ARGV,$BASE,$BUF,$CMD,$DEST,$ENVP,$EXEC,$FILE,$FLAGS,$FMT,$FUNC,$HWND,$IDX,$INPUT,$MODE,$N,$NAME,$OP,$OVERRIDE,$PARAMS,$PATH,$PID,$SIZE,$SRC,$STRING,$TYPE,$USER_INPUT,$VALUE,$VAR","$APP,$BUF,$CMD,$DEST,$EXEC,$FMT,$FUNC,$HWND,$INPUT,$MODE,$N,$NAME,$OP,$SIZE,$SRC,$VALUE,$VAR","[{""$CMD"": 1, ""$FUNC"": 2}, {""$CMD"": 1, ""$FUNC"": 2}, {""$CMD"": 1, ""$FUNC"": 2}, {""$CMD"": 1, ""$FUNC"": 2, ""$MODE"": 1}, {""$CMD"": 1, ""$FUNC"": 2, ""$MODE"": 1}, {""$CMD"": 1, ""$FUNC"": 2, ""$MODE"": 1}, {""$ARG0"": 1, ""$FUNC"": 2, ""$PATH"": 1}, {""$ARG0"": 1, ""$FUNC"": 2, ""$PATH"": 1}, {""$ARG0"": 1, ""$FUNC"": 2, ""$PATH"": 1}, {""$ARGV"": 1, ""$FUNC"": 2, ""$PATH"": 1}, {""$ARGV"": 1, ""$FUNC"": 2, ""$PATH"": 1}, {""$ARGV"": 1, ""$ENVP"": 1, ""$FUNC"": 2, ""$PATH"": 1}, {""$APP"": 3, ""$CMD"": 1, ""$FUNC"": 2}, {""$APP"": 3, ""$CMD"": 1, ""$FUNC"": 2}, {""$FILE"": 1, ""$FUNC"": 2, ""$HWND"": 3, ""$OP"": 3, ""$PARAMS"": 1}, {""$FILE"": 1, ""$FUNC"": 2, ""$HWND"": 3, ""$OP"": 3, ""$PARAMS"": 1}, {""$FUNC"": 2, ""$MODE"": 2, ""$PATH"": 1, ""$PID"": 1}, {""$FUNC"": 2, ""$MODE"": 3, ""$PATH"": 1}, {""$FUNC"": 2, ""$MODE"": 3, ""$PATH"": 1}, {""$FUNC"": 2, ""$MODE"": 3, ""$PATH"": 1}, {""$FUNC"": 2, ""$MODE"": 3, ""$PATH"": 1}, {""$FUNC"": 2, ""$MODE"": 3, ""$PATH"": 1}, {""$FUNC"": 2, ""$MODE"": 3, ""$PATH"": 1}, {""$FUNC"": 2, ""$MODE"": 3, ""$PATH"": 1}, {""$FUNC"": 2, ""$MODE"": 3, ""$PATH"": 1}, {""$BUF"": 3, ""$FMT"": 2, ""$INPUT"": 1, ""$SIZE"": 1}, {""$BUF"": 3, ""$FMT"": 2, ""$INPUT"": 1, ""$SIZE"": 2}, {""$BUF"": 3, ""$FMT"": 2, ""$INPUT"": 1, ""$SIZE"": 1}, {""$BUF"": 3, ""$FMT"": 2, ""$INPUT"": 1, ""$SIZE"": 1}, {""$BUF"": 3, ""$FMT"": 2, ""$INPUT"": 1, ""$SIZE"": 1}, {""$BUF"": 3, ""$FMT"": 2, ""$INPUT"": 1, ""$MODE"": 1, ""$SIZE"": 1}, {""$BUF"": 3, ""$FMT"": 2, ""$INPUT"": 1, ""$MODE"": 1, ""$SIZE"": 1}, {""$BUF"": 3, ""$FMT"": 2, ""$INPUT"": 1, ""$MODE"": 1, ""$SIZE"": 1}, {""$BUF"": 3, ""$FMT"": 2, ""$INPUT"": 1, ""$SIZE"": 2}, {""$BUF"": 3, ""$FMT"": 2, ""$INPUT"": 1, ""$SIZE"": 2}, {""$BUF"": 3, ""$FMT"": 2, ""$INPUT"": 1, ""$SIZE"": 2}, {""$BUF"": 3, ""$FMT"": 2, ""$INPUT"": 1, ""$MODE"": 1, ""$SIZE"": 2}, {""$BUF"": 3, ""$FMT"": 2, ""$INPUT"": 1, ""$MODE"": 1, ""$SIZE"": 2}, {""$BUF"": 3, ""$FMT"": 2, ""$INPUT"": 1, ""$MODE"": 1, ""$SIZE"": 2}, {""$DEST"": 5, ""$N"": 1, ""$SIZE"": 1, ""$SRC"": 1}, {""$DEST"": 5, ""$N"": 2, ""$SIZE"": 1, ""$SRC"": 1}, {""$DEST"": 6, ""$N"": 1, ""$SIZE"": 1, ""$SRC"": 2}, {""$DEST"": 6, ""$N"": 2, ""$SIZE"": 1, ""$SRC"": 2}, {""$DEST"": 6, ""$MODE"": 1, ""$N"": 1, ""$SIZE"": 1, ""$SRC"": 2}, {""$DEST"": 6, ""$MODE"": 1, ""$N"": 2, ""$SIZE"": 1, ""$SRC"": 2}, {""$DEST"": 4, ""$N"": 1, ""$SIZE"": 1, ""$SRC"": 1}, {""$DEST"": 4, ""$N"": 2, ""$SIZE"": 1, ""$SRC"": 1}, {""$DEST"": 4, ""$N"": 1, ""$SIZE"": 1, ""$SRC"": 1}, {""$DEST"": 4, ""$N"": 2, ""$SIZE"": 1, ""$SRC"": 1}, {""$DEST"": 4, ""$N"": 1, ""$SIZE"": 1, ""$SRC"": 1}, {""$DEST"": 4, ""$N"": 2, ""$SIZE"": 1, ""$SRC"": 1}, {""$BASE"": 1, ""$USER_INPUT"": 1, ""$VAR"": 5}, {""$BASE"": 1, ""$USER_INPUT"": 1, ""$VAR"": 5}, {""$CMD"": 1}, {""$CMD"": 1}, {""$CMD"": 1}, {""$CMD"": 2, ""$IDX"": 1, ""$TYPE"": 1}, {""$CMD"": 2, ""$IDX"": 1, ""$MODE"": 1, ""$TYPE"": 1}, {""$CMD"": 2, ""$IDX"": 1, ""$TYPE"": 1}, {""$CMD"": 2, ""$TYPE"": 1}, {""$CMD"": 2, ""$MODE"": 1, ""$TYPE"": 1}, {""$CMD"": 2, ""$TYPE"": 1}, {""$CMD"": 3, ""$SIZE"": 1}, {""$CMD"": 3, ""$MODE"": 1, ""$SIZE"": 1}, {""$CMD"": 3, ""$SIZE"": 1}, {""$CMD"": 3, ""$MODE"": 1, ""$SIZE"": 1}, {""$NAME"": 1, ""$OVERRIDE"": 1, ""$VALUE"": 1}, {""$STRING"": 1}, {""$STRING"": 1}, {""$STRING"": 1}, {""$NAME"": 1, ""$OVERRIDE"": 1, ""$SIZE"": 1, ""$VALUE"": 3}, {""$SIZE"": 1, ""$STRING"": 1, ""$VALUE"": 2}, {""$NAME"": 2, ""$OVERRIDE"": 1, ""$SIZE"": 1, ""$VALUE"": 3}, {""$NAME"": 1, ""$SIZE"": 1, ""$STRING"": 1, ""$VALUE"": 2}, {""$FLAGS"": 1, ""$PATH"": 1}, {""$PATH"": 1}, {""$PATH"": 1}, {""$PATH"": 1}, {""$CMD"": 3, ""$IDX"": 1, ""$INPUT"": 2, ""$TYPE"": 1}, {""$CMD"": 3, ""$IDX"": 1, ""$INPUT"": 2, ""$MODE"": 1, ""$TYPE"": 1}, {""$CMD"": 3, ""$IDX"": 1, ""$INPUT"": 2, ""$TYPE"": 1}, {""$APP"": 1, ""$BUF"": 3, ""$FMT"": 2, ""$INPUT"": 1, ""$SIZE"": 1}, {""$APP"": 1, ""$BUF"": 3, ""$FMT"": 2, ""$INPUT"": 1, ""$SIZE"": 1}, {""$BUF"": 3, ""$FMT"": 2, ""$HWND"": 1, ""$INPUT"": 1, ""$OP"": 1, ""$SIZE"": 1}, {""$BUF"": 3, ""$FMT"": 2, ""$HWND"": 1, ""$INPUT"": 1, ""$OP"": 1, ""$SIZE"": 1}, {""$APP"": 1, ""$BUF"": 3, ""$FMT"": 2, ""$INPUT"": 1, ""$SIZE"": 2}, {""$APP"": 1, ""$BUF"": 3, ""$FMT"": 2, ""$INPUT"": 1, ""$SIZE"": 2}, {""$BUF"": 3, ""$FMT"": 2, ""$HWND"": 1, ""$INPUT"": 1, ""$OP"": 1, ""$SIZE"": 2}, {""$BUF"": 3, ""$FMT"": 2, ""$HWND"": 1, ""$INPUT"": 1, ""$OP"": 1, ""$SIZE"": 2}, {""$APP"": 1, ""$DEST"": 5, ""$SIZE"": 1, ""$SRC"": 1}, {""$DEST"": 5, ""$HWND"": 1, ""$OP"": 1, ""$SIZE"": 1, ""$SRC"": 1}, {""$APP"": 1, ""$DEST"": 5, ""$SIZE"": 1, ""$SRC"": 1}, {""$DEST"": 5, ""$HWND"": 1, ""$OP"": 1, ""$SIZE"": 1, ""$SRC"": 1}, {""$DEST"": 6, ""$N"": 2, ""$SIZE"": 1, ""$SRC"": 1}, {""$DEST"": 6, ""$N"": 3, ""$SIZE"": 1, ""$SRC"": 1}, {""$DEST"": 6, ""$N"": 2, ""$SIZE"": 1, ""$SRC"": 1}, {""$DEST"": 6, ""$N"": 3, ""$SIZE"": 1, ""$SRC"": 1}, {""$CMD"": 1, ""$EXEC"": 4, ""$FUNC"": 1}]",165,True,True,True,False,False,False,"C1,C2,C3","no_metavar,plain_metavar,unnamed_ellipsis"
/home/moscovin/Documents/eboss/semgrep-rules-aggregate/scrap/0xBugatti-SEMGREP10K/c__correctness.yaml,0xBugatti-SEMGREP10K,0,0,c-string-equality,A2,Single or multiple positive pattern(s),"category,fix,id,languages,message,metadata,pattern,severity",False,True,True,False,False,False,False,"$X,$Y","$X,$Y","[{""$X"": 2, ""$Y"": 2}]",1,False,True,False,False,False,False,C2,plain_metavar
/home/moscovin/Documents/eboss/semgrep-rules-aggregate/scrap/0xBugatti-SEMGREP10K/c__correctness.yaml,0xBugatti-SEMGREP10K,0,1,detect-buffer-overflow,A3,Conjunction / Intersection,"fix,id,languages,message,pattern,patterns,severity",False,True,True,True,False,False,False,"$BUF,$DST,$FMT,$SRC","$DST,$SRC","[{""$BUF"": 1, ""$DST"": 5, ""$FMT"": 1, ""$SRC"": 2}]",2,False,True,True,False,False,False,"C2,C3","B3.5_redundant_metavariable,plain_metavar,unnamed_ellipsis"
/home/moscovin/Documents/eboss/semgrep-rules-aggregate/scrap/0xBugatti-SEMGREP10K/c__correctness.yaml,0xBugatti-SEMGREP10K,0,2,detect-use-after-free,A3,Conjunction / Intersection,"fix,id,languages,message,pattern,patterns,severity",False,True,True,False,False,False,False,"$PTR,$VAR",$PTR,"[{""$PTR"": 4, ""$VAR"": 1}]",1,False,True,False,False,False,False,C2,plain_metavar
/home/moscovin/Documents/eboss/semgrep-rules-aggregate/scrap/0xBugatti-SEMGREP10K/c__correctness.yaml,0xBugatti-SEMGREP10K,0,3,detect-integer-overflow,A3,Conjunction / Intersection,"fix,id,languages,message,pattern,patterns,severity",False,True,True,True,False,False,False,"$VAR,$X,$Y","$VAR,$X,$Y","[{""$VAR"": 3, ""$X"": 4, ""$Y"": 4}]",2,False,True,False,False,False,False,C2,"B3.5_redundant_metavariable,plain_metavar"
/home/moscovin/Documents/eboss/semgrep-rules-aggregate/scrap/0xBugatti-SEMGREP10K/c__correctness.yaml,0xBugatti-SEMGREP10K,0,4,raptor-double-free,A4,Negation / Filtering,"author,confidence,id,languages,message,metadata,pattern,pattern-not,patterns,references,severity",False,True,True,False,False,False,False,"$EXPR,$PTR",$PTR,"[{""$EXPR"": 1, ""$PTR"": 5}]",2,False,True,True,False,False,False,"C2,C3","plain_metavar,unnamed_ellipsis"
/home/moscovin/Documents/eboss/semgrep-rules-aggregate/scrap/0xBugatti-SEMGREP10K/c__correctness.yaml,0xBugatti-SEMGREP10K,0,5,Format-string WARNING check 1,A4,Negation / Filtering,"author,id,languages,message,metadata,metavariable,metavariable-pattern,pattern,pattern-either,pattern-not,patterns,severity",False,True,True,False,False,True,False,"$ARG,$ARG1,$BUF,$FUN,$SIZE,$TYPE","$ARG,$ARG1,$BUF,$FUN,$TYPE","[{""$BUF"": 7, ""$FUN"": 5, ""$TYPE"": 3}, {""$BUF"": 7, ""$FUN"": 5, ""$TYPE"": 3}, {""$BUF"": 7, ""$FUN"": 5, ""$TYPE"": 3}, {""$BUF"": 7, ""$FUN"": 5, ""$TYPE"": 3}, {""$BUF"": 7, ""$FUN"": 5, ""$TYPE"": 3}, {""$BUF"": 7, ""$FUN"": 5, ""$TYPE"": 3}, {""$BUF"": 7, ""$FUN"": 5, ""$TYPE"": 3}, {""$BUF"": 7, ""$FUN"": 5, ""$TYPE"": 3}, {""$BUF"": 7, ""$FUN"": 5, ""$SIZE"": 1, ""$TYPE"": 3}, {""$BUF"": 7, ""$FUN"": 5, ""$SIZE"": 1, ""$TYPE"": 3}, {""$BUF"": 7, ""$FUN"": 5, ""$SIZE"": 1, ""$TYPE"": 3}, {""$BUF"": 7, ""$FUN"": 5, ""$SIZE"": 1, ""$TYPE"": 3}, {""$BUF"": 7, ""$FUN"": 5, ""$SIZE"": 1, ""$TYPE"": 3}, {""$BUF"": 7, ""$FUN"": 5, ""$SIZE"": 1, ""$TYPE"": 3}, {""$BUF"": 7, ""$FUN"": 5, ""$SIZE"": 1, ""$TYPE"": 3}, {""$BUF"": 7, ""$FUN"": 5, ""$SIZE"": 1, ""$TYPE"": 3}, {""$ARG"": 4, ""$BUF"": 7, ""$FUN"": 5, ""$TYPE"": 3}, {""$ARG"": 4, ""$BUF"": 7, ""$FUN"": 5, ""$TYPE"": 3}, {""$ARG"": 4, ""$BUF"": 7, ""$FUN"": 5, ""$TYPE"": 3}, {""$ARG"": 4, ""$BUF"": 7, ""$FUN"": 5, ""$TYPE"": 3}, {""$ARG"": 4, ""$BUF"": 7, ""$FUN"": 5, ""$TYPE"": 3}, {""$ARG"": 4, ""$BUF"": 7, ""$FUN"": 5, ""$TYPE"": 3}, {""$ARG"": 4, ""$BUF"": 7, ""$FUN"": 5, ""$TYPE"": 3}, {""$ARG"": 4, ""$BUF"": 7, ""$FUN"": 5, ""$TYPE"": 3}, {""$ARG"": 4, ""$BUF"": 7, ""$FUN"": 5, ""$TYPE"": 3}, {""$ARG"": 4, ""$BUF"": 7, ""$FUN"": 5, ""$TYPE"": 3}, {""$ARG"": 4, ""$BUF"": 7, ""$FUN"": 5, ""$SIZE"": 1, ""$TYPE"": 3}, {""$ARG"": 4, ""$BUF"": 7, ""$FUN"": 5, ""$SIZE"": 1, ""$TYPE"": 3}, {""$ARG"": 4, ""$BUF"": 7, ""$FUN"": 5, ""$SIZE"": 1, ""$TYPE"": 3}, {""$ARG"": 4, ""$BUF"": 7, ""$FUN"": 5, ""$SIZE"": 1, ""$TYPE"": 3}, {""$ARG"": 4, ""$BUF"": 7, ""$FUN"": 5, ""$SIZE"": 1, ""$TYPE"": 3}, {""$ARG"": 4, ""$BUF"": 7, ""$FUN"": 5, ""$SIZE"": 1, ""$TYPE"": 3}, {""$ARG"": 4, ""$BUF"": 7, ""$FUN"": 5, ""$SIZE"": 1, ""$TYPE"": 3}, {""$ARG"": 4, ""$BUF"": 7, ""$FUN"": 5, ""$SIZE"": 1, ""$TYPE"": 3}, {""$ARG"": 4, ""$BUF"": 7, ""$FUN"": 5, ""$SIZE"": 1, ""$TYPE"": 3}, {""$ARG"": 4, ""$BUF"": 7, ""$FUN"": 5, ""$SIZE"": 1, ""$TYPE"": 3}, {""$ARG"": 4, ""$ARG1"": 4, ""$BUF"": 7, ""$FUN"": 5, ""$TYPE"": 3}, {""$ARG"": 4, ""$ARG1"": 4, ""$BUF"": 7, ""$FUN"": 5, ""$TYPE"": 3}, {""$ARG"": 4, ""$ARG1"": 4, ""$BUF"": 7, ""$FUN"": 5, ""$SIZE"": 1, ""$TYPE"": 3}, {""$ARG"": 4, ""$ARG1"": 4, ""$BUF"": 7, ""$FUN"": 5, ""$SIZE"": 1, ""$TYPE"": 3}]",35,True,True,True,False,False,False,"C1,C2,C3","no_metavar,plain_metavar,unnamed_ellipsis"
/home/moscovin/Documents/eboss/semgrep-rules-aggregate/scrap/0xBugatti-SEMGREP10K/c__correctness.yaml,0xBugatti-SEMGREP10K,0,6,Heap-overflow INFO check 1,A3,Conjunction / Intersection,"author,id,languages,message,metadata,metavariable,metavariable-pattern,pattern,pattern-either,patterns,severity",False,True,True,False,False,True,False,"$FUN,$PTR,$SIZE","$FUN,$PTR","[{""$FUN"": 2, ""$PTR"": 2, ""$SIZE"": 1}, {""$FUN"": 2, ""$PTR"": 2, ""$SIZE"": 1}, {""$FUN"": 2, ""$PTR"": 2, ""$SIZE"": 1}]",4,True,True,True,False,False,False,"C1,C2,C3","no_metavar,plain_metavar,unnamed_ellipsis"
/home/moscovin/Documents/eboss/semgrep-rules-aggregate/scrap/0xBugatti-SEMGREP10K/c__correctness.yaml,0xBugatti-SEMGREP10K,0,7,Heap-overflow WARNING check 1,A3,Conjunction / Intersection,"author,id,languages,message,metadata,metavariable,metavariable-pattern,pattern,pattern-either,patterns,severity",False,True,True,False,False,True,False,"$BYTE,$FUN,$I,$PTR,$SIZE,$TYPE","$FUN,$I,$PTR,$SIZE","[{""$BYTE"": 1, ""$FUN"": 2, ""$PTR"": 2, ""$SIZE"": 2}, {""$BYTE"": 1, ""$FUN"": 2, ""$PTR"": 2, ""$SIZE"": 2}, {""$BYTE"": 1, ""$FUN"": 2, ""$PTR"": 2, ""$SIZE"": 2}, {""$BYTE"": 1, ""$FUN"": 2, ""$I"": 4, ""$PTR"": 2, ""$SIZE"": 2}, {""$BYTE"": 1, ""$FUN"": 2, ""$I"": 4, ""$PTR"": 2, ""$SIZE"": 2}, {""$BYTE"": 1, ""$FUN"": 2, ""$I"": 4, ""$PTR"": 2, ""$SIZE"": 2}, {""$BYTE"": 1, ""$FUN"": 2, ""$I"": 4, ""$PTR"": 2, ""$SIZE"": 2}, {""$BYTE"": 1, ""$FUN"": 2, ""$I"": 4, ""$PTR"": 2, ""$SIZE"": 2}, {""$BYTE"": 1, ""$FUN"": 2, ""$I"": 4, ""$PTR"": 2, ""$SIZE"": 2}, {""$BYTE"": 1, ""$FUN"": 2, ""$I"": 4, ""$PTR"": 2, ""$SIZE"": 2, ""$TYPE"": 1}, {""$BYTE"": 1, ""$FUN"": 2, ""$I"": 4, ""$PTR"": 2, ""$SIZE"": 2, ""$TYPE"": 1}, {""$BYTE"": 1, ""$FUN"": 2, ""$I"": 4, ""$PTR"": 2, ""$SIZE"": 2, ""$TYPE"": 1}, {""$BYTE"": 1, ""$FUN"": 2, ""$I"": 4, ""$PTR"": 2, ""$SIZE"": 2, ""$TYPE"": 1}, {""$BYTE"": 1, ""$FUN"": 2, ""$I"": 4, ""$PTR"": 2, ""$SIZE"": 2, ""$TYPE"": 1}, {""$BYTE"": 1, ""$FUN"": 2, ""$I"": 4, ""$PTR"": 2, ""$SIZE"": 2, ""$TYPE"": 1}, {""$BYTE"": 1, ""$FUN"": 2, ""$I"": 2, ""$PTR"": 2, ""$SIZE"": 2}, {""$BYTE"": 1, ""$FUN"": 2, ""$I"": 2, ""$PTR"": 2, ""$SIZE"": 2}, {""$BYTE"": 1, ""$FUN"": 2, ""$I"": 2, ""$PTR"": 2, ""$SIZE"": 2}]",24,True,True,True,False,True,False,"C1,C2,C3,C5","deep_expression,no_metavar,plain_metavar,unnamed_ellipsis"
/home/moscovin/Documents/eboss/semgrep-rules-aggregate/scrap/0xBugatti-SEMGREP10K/c__correctness.yaml,0xBugatti-SEMGREP10K,0,8,raptor-incorrect-unsigned-comparison,A2,Single or multiple positive pattern(s),"author,confidence,id,languages,message,metadata,pattern,pattern-either,references,severity",False,True,False,True,False,False,False,$UNSIGNED,,"[{""$UNSIGNED"": 1}, {""$UNSIGNED"": 1}, {""$UNSIGNED"": 1}, {""$UNSIGNED"": 1}, {""$UNSIGNED"": 1}, {""$UNSIGNED"": 1}, {""$UNSIGNED"": 1}, {""$UNSIGNED"": 1}, {""$UNSIGNED"": 1}, {""$UNSIGNED"": 1}, {""$UNSIGNED"": 1}, {""$UNSIGNED"": 1}, {""$UNSIGNED"": 1}, {""$UNSIGNED"": 1}, {""$UNSIGNED"": 1}, {""$UNSIGNED"": 1}, {""$UNSIGNED"": 1}, {""$UNSIGNED"": 1}]",18,False,True,False,False,False,False,C2,"B3.5_redundant_metavariable,plain_metavar"
/home/moscovin/Documents/eboss/semgrep-rules-aggregate/scrap/0xBugatti-SEMGREP10K/c__correctness.yaml,0xBugatti-SEMGREP10K,0,9,raptor-incorrect-use-of-sizeof,A5,Containment (inclusive),"author,confidence,id,languages,message,metadata,pattern,pattern-either,pattern-inside,pattern-not,patterns,references,severity",False,True,True,False,False,False,False,"$EXPR,$PTR,$TYPE",$PTR,"[{""$PTR"": 1}, {""$PTR"": 1}, {""$PTR"": 1}, {""$PTR"": 1}, {""$PTR"": 2, ""$TYPE"": 1}, {""$EXPR"": 1, ""$PTR"": 2, ""$TYPE"": 1}]",8,True,True,True,False,False,False,"C1,C2,C3","no_metavar,plain_metavar,unnamed_ellipsis"
/home/moscovin/Documents/eboss/semgrep-rules-aggregate/scrap/0xBugatti-SEMGREP10K/c__correctness.yaml,0xBugatti-SEMGREP10K,0,10,raptor-insecure-api-atoi-atol-atof,A2,Single or multiple positive pattern(s),"author,confidence,id,languages,message,metadata,pattern,pattern-either,references,severity",True,False,False,False,False,False,False,,,[],3,True,False,True,False,False,False,"C1,C3","no_metavar,unnamed_ellipsis"
/home/moscovin/Documents/eboss/semgrep-rules-aggregate/scrap/0xBugatti-SEMGREP10K/c__correctness.yaml,0xBugatti-SEMGREP10K,0,11,raptor-integer-truncation,A2,Single or multiple positive pattern(s),"author,confidence,id,languages,message,metadata,pattern,pattern-either,references,severity",False,True,False,True,False,False,False,"$FUN,$LARGE,$NARROW",,"[{""$LARGE"": 1, ""$NARROW"": 1}, {""$LARGE"": 1, ""$NARROW"": 1}, {""$LARGE"": 1, ""$NARROW"": 1}, {""$LARGE"": 1, ""$NARROW"": 1}, {""$LARGE"": 1, ""$NARROW"": 1}, {""$LARGE"": 1, ""$NARROW"": 1}, {""$LARGE"": 1, ""$NARROW"": 1}, {""$LARGE"": 1, ""$NARROW"": 1}, {""$LARGE"": 1, ""$NARROW"": 1}, {""$LARGE"": 1, ""$NARROW"": 1}, {""$LARGE"": 1, ""$NARROW"": 1}, {""$FUN"": 1, ""$LARGE"": 1}, {""$FUN"": 1, ""$LARGE"": 1}, {""$FUN"": 1, ""$LARGE"": 1}, {""$LARGE"": 1, ""$NARROW"": 1}, {""$LARGE"": 1, ""$NARROW"": 1}, {""$LARGE"": 1, ""$NARROW"": 1}, {""$LARGE"": 1, ""$NARROW"": 1}, {""$LARGE"": 1, ""$NARROW"": 1}, {""$LARGE"": 1, ""$NARROW"": 1}, {""$LARGE"": 1, ""$NARROW"": 1}, {""$LARGE"": 1, ""$NARROW"": 1}, {""$LARGE"": 1, ""$NARROW"": 1}, {""$LARGE"": 1, ""$NARROW"": 1}, {""$LARGE"": 1, ""$NARROW"": 1}, {""$LARGE"": 1, ""$NARROW"": 1}, {""$LARGE"": 1, ""$NARROW"": 1}, {""$LARGE"": 1, ""$NARROW"": 1}, {""$LARGE"": 1, ""$NARROW"": 1}, {""$LARGE"": 1, ""$NARROW"": 1}, {""$FUN"": 1, ""$LARGE"": 1}, {""$FUN"": 1, ""$LARGE"": 1}, {""$LARGE"": 1, ""$NARROW"": 1}, {""$LARGE"": 1, ""$NARROW"": 1}, {""$LARGE"": 1, ""$NARROW"": 1}, {""$LARGE"": 1, ""$NARROW"": 1}, {""$LARGE"": 1, ""$NARROW"": 1}, {""$LARGE"": 1, ""$NARROW"": 1}, {""$FUN"": 1, ""$LARGE"": 1}, {""$LARGE"": 1, ""$NARROW"": 1}, {""$LARGE"": 1, ""$NARROW"": 1}]",41,False,True,True,False,True,False,"C2,C3,C5","B3.5_redundant_metavariable,deep_expression,plain_metavar,unnamed_ellipsis"
/home/moscovin/Documents/eboss/semgrep-rules-aggregate/scrap/0xBugatti-SEMGREP10K/c__correctness.yaml,0xBugatti-SEMGREP10K,0,12,raptor-integer-wraparound,A5,Containment (inclusive),"author,confidence,id,languages,message,metadata,metavariable,metavariable-pattern,pattern,pattern-either,pattern-inside,patterns,references,severity",False,True,True,False,False,True,False,"$ARG1,$FUN,$N,$X,$Y","$FUN,$N","[{""$FUN"": 2, ""$X"": 1, ""$Y"": 1}, {""$FUN"": 2, ""$X"": 1, ""$Y"": 1}, {""$FUN"": 2, ""$N"": 2, ""$X"": 1, ""$Y"": 1}, {""$FUN"": 2, ""$N"": 2, ""$X"": 1, ""$Y"": 1}, {""$ARG1"": 1, ""$FUN"": 2, ""$X"": 1, ""$Y"": 1}, {""$ARG1"": 1, ""$FUN"": 2, ""$X"": 1, ""$Y"": 1}, {""$ARG1"": 1, ""$FUN"": 2, ""$X"": 1, ""$Y"": 1}, {""$ARG1"": 1, ""$FUN"": 2, ""$X"": 1, ""$Y"": 1}, {""$ARG1"": 1, ""$FUN"": 2, ""$N"": 2, ""$X"": 1, ""$Y"": 1}, {""$ARG1"": 1, ""$FUN"": 2, ""$N"": 2, ""$X"": 1, ""$Y"": 1}, {""$ARG1"": 1, ""$FUN"": 2, ""$N"": 2, ""$X"": 1, ""$Y"": 1}, {""$ARG1"": 1, ""$FUN"": 2, ""$N"": 2, ""$X"": 1, ""$Y"": 1}]",18,True,True,True,False,False,False,"C1,C2,C3","no_metavar,plain_metavar,unnamed_ellipsis"
/home/moscovin/Documents/eboss/semgrep-rules-aggregate/scrap/0xBugatti-SEMGREP10K/c__correctness.yaml,0xBugatti-SEMGREP10K,0,13,raptor-integer-wraparound-2,A5,Containment (inclusive),"author,confidence,id,languages,message,metadata,metavariable,metavariable-pattern,pattern,pattern-either,pattern-inside,patterns,references,severity",False,True,True,False,False,True,False,"$ARG1,$FUN,$MAX,$N,$X,$Y","$FUN,$MAX,$N,$X","[{""$FUN"": 2, ""$X"": 1, ""$Y"": 1}, {""$FUN"": 2, ""$X"": 1, ""$Y"": 1}, {""$FUN"": 2, ""$N"": 2, ""$X"": 1, ""$Y"": 1}, {""$FUN"": 2, ""$N"": 2, ""$X"": 1, ""$Y"": 1}, {""$FUN"": 2, ""$X"": 1, ""$Y"": 1}, {""$FUN"": 2, ""$X"": 1, ""$Y"": 1}, {""$FUN"": 2, ""$N"": 2, ""$X"": 1, ""$Y"": 1}, {""$FUN"": 2, ""$N"": 2, ""$X"": 1, ""$Y"": 1}, {""$ARG1"": 1, ""$FUN"": 2, ""$X"": 1, ""$Y"": 1}, {""$ARG1"": 1, ""$FUN"": 2, ""$X"": 1, ""$Y"": 1}, {""$ARG1"": 1, ""$FUN"": 2, ""$X"": 1, ""$Y"": 1}, {""$ARG1"": 1, ""$FUN"": 2, ""$X"": 1, ""$Y"": 1}, {""$ARG1"": 1, ""$FUN"": 2, ""$N"": 2, ""$X"": 1, ""$Y"": 1}, {""$ARG1"": 1, ""$FUN"": 2, ""$N"": 2, ""$X"": 1, ""$Y"": 1}, {""$ARG1"": 1, ""$FUN"": 2, ""$N"": 2, ""$X"": 1, ""$Y"": 1}, {""$ARG1"": 1, ""$FUN"": 2, ""$N"": 2, ""$X"": 1, ""$Y"": 1}, {""$ARG1"": 1, ""$FUN"": 2, ""$X"": 1, ""$Y"": 1}, {""$ARG1"": 1, ""$FUN"": 2, ""$X"": 1, ""$Y"": 1}, {""$ARG1"": 1, ""$FUN"": 2, ""$X"": 1, ""$Y"": 1}, {""$ARG1"": 1, ""$FUN"": 2, ""$X"": 1, ""$Y"": 1}, {""$ARG1"": 1, ""$FUN"": 2, ""$N"": 2, ""$X"": 1, ""$Y"": 1}, {""$ARG1"": 1, ""$FUN"": 2, ""$N"": 2, ""$X"": 1, ""$Y"": 1}, {""$ARG1"": 1, ""$FUN"": 2, ""$N"": 2, ""$X"": 1, ""$Y"": 1}, {""$ARG1"": 1, ""$FUN"": 2, ""$N"": 2, ""$X"": 1, ""$Y"": 1}, {""$MAX"": 2, ""$X"": 2, ""$Y"": 1}, {""$MAX"": 2, ""$X"": 2, ""$Y"": 1}, {""$MAX"": 2, ""$X"": 2, ""$Y"": 1}, {""$MAX"": 2, ""$X"": 2, ""$Y"": 1}, {""$MAX"": 2, ""$X"": 2, ""$Y"": 1}, {""$MAX"": 2, ""$X"": 2, ""$Y"": 1}, {""$MAX"": 2, ""$X"": 2, ""$Y"": 1}, {""$MAX"": 2, ""$X"": 2, ""$Y"": 1}, {""$MAX"": 2, ""$X"": 2, ""$Y"": 1}, {""$MAX"": 2, ""$X"": 2, ""$Y"": 1}, {""$MAX"": 2, ""$X"": 2, ""$Y"": 1}, {""$MAX"": 2, ""$X"": 2, ""$Y"": 1}, {""$MAX"": 2, ""$X"": 2, ""$Y"": 1}, {""$MAX"": 2, ""$X"": 2, ""$Y"": 1}, {""$MAX"": 2, ""$X"": 2, ""$Y"": 1}, {""$MAX"": 2, ""$X"": 2, ""$Y"": 1}]",52,True,True,True,False,False,False,"C1,C2,C3","no_metavar,plain_metavar,unnamed_ellipsis"
/home/moscovin/Documents/eboss/semgrep-rules-aggregate/scrap/0xBugatti-SEMGREP10K/c__correctness.yaml,0xBugatti-SEMGREP10K,0,14,c-string-equality-2,A3,Conjunction / Intersection,"category,comparison,fix,id,languages,message,metadata,metavariable,metavariable-comparison,pattern,patterns,severity,technology",False,True,True,True,False,False,True,"$X,$Y","$X,$Y","[{""$X"": 4, ""$Y"": 4}]",1,False,True,False,False,False,False,C2,"B3.5_redundant_metavariable,plain_metavar"
/home/moscovin/Documents/eboss/semgrep-rules-aggregate/scrap/0xBugatti-SEMGREP10K/c__correctness.yaml,0xBugatti-SEMGREP10K,0,15,double_goto,A2,Single or multiple positive pattern(s),"category,id,languages,message,metadata,pattern,severity,technology",False,True,True,False,False,False,False,"$COND,$FAIL",$FAIL,"[{""$COND"": 1, ""$FAIL"": 2}]",1,False,True,False,False,False,False,C2,plain_metavar
/home/moscovin/Documents/eboss/semgrep-rules-aggregate/scrap/0xBugatti-SEMGREP10K/c__correctness.yaml,0xBugatti-SEMGREP10K,0,16,incorrect-use-ato-fn,A2,Single or multiple positive pattern(s),"category,id,languages,message,metadata,pattern,pattern-either,references,severity,technology",True,False,False,False,False,False,False,,,[],3,True,False,True,False,False,False,"C1,C3","no_metavar,unnamed_ellipsis"
/home/moscovin/Documents/eboss/semgrep-rules-aggregate/scrap/0xBugatti-SEMGREP10K/c__correctness.yaml,0xBugatti-SEMGREP10K,0,17,incorrect-use-sscanf-fn,A3,Conjunction / Intersection,"category,id,languages,message,metadata,metavariable,metavariable-regex,pattern,patterns,references,regex,severity,technology",False,True,True,True,True,False,False,"$FMT,$PTR,$STR",$FMT,"[{""$FMT"": 2, ""$PTR"": 1, ""$STR"": 1}]",1,False,True,False,False,False,False,C2,"B3.5_redundant_metavariable,plain_metavar"
/home/moscovin/Documents/eboss/semgrep-rules-aggregate/scrap/0xBugatti-SEMGREP10K/c__correctness.yaml,0xBugatti-SEMGREP10K,0,18,c.lang.security.insecure-use-strcat-fn.insecure-use-strcat-fn,A2,Single or multiple positive pattern(s),"category,id,languages,license,message,metadata,pattern,pattern-either,references,severity,source,technology",True,False,False,False,False,False,False,,,[],2,True,False,True,False,False,False,"C1,C3","no_metavar,unnamed_ellipsis"
/home/moscovin/Documents/eboss/semgrep-rules-aggregate/scrap/0xBugatti-SEMGREP10K/c__correctness.yaml,0xBugatti-SEMGREP10K,0,19,raptor-signed-unsigned-conversion,A2,Single or multiple positive pattern(s),"author,confidence,id,languages,message,metadata,pattern,pattern-either,references,severity",False,True,False,True,False,False,False,"$BUF,$CHAR,$CNT,$DST,$FD,$FL,$FUN,$LEN,$PTR,$SD,$SIGNED,$SRC,$UNSIGNED",,"[{""$SIGNED"": 1, ""$UNSIGNED"": 1}, {""$FUN"": 1, ""$SIGNED"": 1}, {""$SIGNED"": 1, ""$UNSIGNED"": 1}, {""$FUN"": 1, ""$SIGNED"": 1}, {""$SIGNED"": 1, ""$UNSIGNED"": 1}, {""$FUN"": 1, ""$SIGNED"": 1}, {""$SIGNED"": 1, ""$UNSIGNED"": 1}, {""$FUN"": 1, ""$SIGNED"": 1}, {""$DST"": 1, ""$LEN"": 1, ""$SRC"": 1}, {""$DST"": 1, ""$LEN"": 1, ""$SRC"": 1}, {""$DST"": 1, ""$LEN"": 1, ""$SRC"": 1}, {""$DST"": 1, ""$LEN"": 1, ""$SRC"": 1}, {""$DST"": 1, ""$LEN"": 1, ""$SRC"": 1}, {""$BUF"": 1, ""$LEN"": 1}, {""$BUF"": 1, ""$LEN"": 1}, {""$BUF"": 1, ""$LEN"": 1}, {""$DST"": 1, ""$LEN"": 1, ""$SRC"": 1}, {""$CHAR"": 1, ""$DST"": 1, ""$LEN"": 1, ""$SRC"": 1}, {""$DST"": 1, ""$LEN"": 1, ""$SRC"": 1}, {""$CHAR"": 1, ""$DST"": 1, ""$LEN"": 1}, {""$DST"": 1, ""$LEN"": 1, ""$SRC"": 1}, {""$LEN"": 1}, {""$LEN"": 1}, {""$CNT"": 1, ""$LEN"": 1}, {""$CNT"": 1, ""$LEN"": 1}, {""$LEN"": 1, ""$PTR"": 1}, {""$BUF"": 1, ""$FD"": 1, ""$LEN"": 1}, {""$BUF"": 1, ""$FL"": 1, ""$LEN"": 1, ""$SD"": 1}, {""$BUF"": 1, ""$FL"": 1, ""$LEN"": 1, ""$SD"": 1}, {""$SIGNED"": 1, ""$UNSIGNED"": 1}, {""$FUN"": 1, ""$UNSIGNED"": 1}, {""$SIGNED"": 1, ""$UNSIGNED"": 1}, {""$FUN"": 1, ""$UNSIGNED"": 1}, {""$SIGNED"": 1, ""$UNSIGNED"": 1}, {""$FUN"": 1, ""$UNSIGNED"": 1}, {""$SIGNED"": 1, ""$UNSIGNED"": 1}, {""$FUN"": 1, ""$UNSIGNED"": 1}]",37,False,True,True,False,True,False,"C2,C3,C5","B3.5_redundant_metavariable,deep_expression,plain_metavar,unnamed_ellipsis"
/home/moscovin/Documents/eboss/semgrep-rules-aggregate/scrap/0xBugatti-SEMGREP10K/c__correctness.yaml,0xBugatti-SEMGREP10K,0,20,raptor-signed-unsigned-conversion-2,A3,Conjunction / Intersection,"author,confidence,focus-metavariable,id,languages,message,metadata,pattern,pattern-either,patterns,references,severity",False,True,True,False,False,False,False,"$BUF,$CHAR,$CNT,$DST,$FD,$FL,$FS,$FUN,$LEN,$NITEMS,$PTR,$SD,$SIGNED,$SRC,$UNSIGNED",$FUN,"[{""$SIGNED"": 1, ""$UNSIGNED"": 1}, {""$SIGNED"": 1, ""$UNSIGNED"": 1}, {""$SIGNED"": 1, ""$UNSIGNED"": 1}, {""$SIGNED"": 1, ""$UNSIGNED"": 1}, {""$FUN"": 2, ""$SIGNED"": 1}, {""$FUN"": 2, ""$SIGNED"": 1}, {""$FUN"": 2, ""$SIGNED"": 1}, {""$FUN"": 2, ""$SIGNED"": 1}, {""$DST"": 1, ""$LEN"": 1, ""$SRC"": 1}, {""$DST"": 1, ""$LEN"": 1, ""$SRC"": 1}, {""$DST"": 1, ""$LEN"": 1, ""$SRC"": 1}, {""$DST"": 1, ""$LEN"": 1, ""$SRC"": 1}, {""$DST"": 1, ""$LEN"": 1, ""$SRC"": 1}, {""$DST"": 1, ""$LEN"": 1, ""$SRC"": 1}, {""$BUF"": 1, ""$LEN"": 1}, {""$BUF"": 1, ""$LEN"": 1}, {""$BUF"": 1, ""$LEN"": 1}, {""$DST"": 1, ""$LEN"": 1, ""$SRC"": 1}, {""$CHAR"": 1, ""$DST"": 1, ""$LEN"": 1, ""$SRC"": 1}, {""$DST"": 1, ""$LEN"": 1, ""$SRC"": 1}, {""$CHAR"": 1, ""$DST"": 1, ""$LEN"": 1}, {""$DST"": 1, ""$LEN"": 1, ""$SRC"": 1}, {""$LEN"": 1}, {""$LEN"": 1}, {""$CNT"": 1, ""$LEN"": 1}, {""$CNT"": 1, ""$LEN"": 1}, {""$LEN"": 1, ""$PTR"": 1}, {""$BUF"": 1, ""$FD"": 1, ""$LEN"": 1}, {""$BUF"": 1, ""$FL"": 1, ""$LEN"": 1, ""$SD"": 1}, {""$BUF"": 1, ""$FL"": 1, ""$LEN"": 1, ""$SD"": 1}, {""$FS"": 1, ""$LEN"": 1, ""$NITEMS"": 1, ""$PTR"": 1}, {""$SIGNED"": 1, ""$UNSIGNED"": 1}, {""$SIGNED"": 1, ""$UNSIGNED"": 1}, {""$SIGNED"": 1, ""$UNSIGNED"": 1}, {""$SIGNED"": 1, ""$UNSIGNED"": 1}, {""$FUN"": 2, ""$UNSIGNED"": 1}, {""$FUN"": 2, ""$UNSIGNED"": 1}, {""$FUN"": 2, ""$UNSIGNED"": 1}, {""$FUN"": 2, ""$UNSIGNED"": 1}]",39,False,True,True,False,True,False,"C2,C3,C5","deep_expression,plain_metavar,unnamed_ellipsis"
/home/moscovin/Documents/eboss/semgrep-rules-aggregate/scrap/0xBugatti-SEMGREP10K/c__correctness.yaml,0xBugatti-SEMGREP10K,0,21,Stack-overflow INFO check 1,A5,Containment (inclusive),"author,id,languages,message,metadata,metavariable,metavariable-pattern,pattern,pattern-either,pattern-inside,pattern-not,patterns,severity",False,True,True,False,False,True,False,"$BUF,$FUN,$SIZE,$TYPE","$BUF,$FUN","[{""$BUF"": 4, ""$FUN"": 4, ""$SIZE"": 1, ""$TYPE"": 1}, {""$BUF"": 4, ""$FUN"": 4, ""$SIZE"": 1, ""$TYPE"": 1}, {""$BUF"": 4, ""$FUN"": 4, ""$SIZE"": 1, ""$TYPE"": 1}]",6,True,True,True,False,False,False,"C1,C2,C3","no_metavar,plain_metavar,unnamed_ellipsis"
/home/moscovin/Documents/eboss/semgrep-rules-aggregate/scrap/0xBugatti-SEMGREP10K/c__correctness.yaml,0xBugatti-SEMGREP10K,0,22,Stack-overflow INFO check 2,A5,Containment (inclusive),"author,id,languages,message,metadata,metavariable,metavariable-pattern,pattern,pattern-either,pattern-inside,pattern-regex,patterns,severity",False,True,True,False,False,True,False,"$BUF,$BUF1,$FUN,$SIZE,$SIZE1,$TYPE,$TYPE1","$BUF,$BUF1,$FUN,$SIZE","[{""$BUF"": 3, ""$BUF1"": 3, ""$FUN"": 3, ""$SIZE"": 3, ""$SIZE1"": 1, ""$TYPE"": 1, ""$TYPE1"": 1}, {""$BUF"": 3, ""$BUF1"": 3, ""$FUN"": 3, ""$SIZE"": 3, ""$SIZE1"": 1, ""$TYPE"": 1, ""$TYPE1"": 1}, {""$BUF"": 3, ""$BUF1"": 3, ""$FUN"": 3, ""$SIZE"": 3, ""$SIZE1"": 1, ""$TYPE"": 1, ""$TYPE1"": 1}, {""$BUF"": 3, ""$BUF1"": 3, ""$FUN"": 3, ""$SIZE"": 3, ""$SIZE1"": 1, ""$TYPE"": 1, ""$TYPE1"": 1}]",6,True,True,True,False,False,False,"C1,C2,C3","no_metavar,plain_metavar,unnamed_ellipsis"
/home/moscovin/Documents/eboss/semgrep-rules-aggregate/scrap/0xBugatti-SEMGREP10K/c__correctness.yaml,0xBugatti-SEMGREP10K,0,23,Stack-overflow INFO check 3,A5,Containment (inclusive),"author,id,languages,message,metadata,metavariable,metavariable-pattern,pattern,pattern-either,pattern-inside,pattern-regex,patterns,severity",False,True,True,False,False,True,False,"$BUF,$BUF1,$FUN,$SIZE,$SIZE1,$TYPE,$TYPE1","$BUF,$BUF1,$FUN","[{""$BUF"": 3, ""$BUF1"": 3, ""$FUN"": 3, ""$SIZE"": 1, ""$SIZE1"": 1, ""$TYPE"": 1, ""$TYPE1"": 1}, {""$BUF"": 3, ""$BUF1"": 3, ""$FUN"": 3, ""$SIZE"": 1, ""$SIZE1"": 1, ""$TYPE"": 1, ""$TYPE1"": 1}, {""$BUF"": 3, ""$BUF1"": 3, ""$FUN"": 3, ""$SIZE"": 1, ""$SIZE1"": 1, ""$TYPE"": 1, ""$TYPE1"": 1}, {""$BUF"": 3, ""$BUF1"": 3, ""$FUN"": 3, ""$SIZE"": 1, ""$SIZE1"": 1, ""$TYPE"": 1, ""$TYPE1"": 1}, {""$BUF"": 3, ""$BUF1"": 3, ""$FUN"": 3, ""$SIZE"": 1, ""$SIZE1"": 1, ""$TYPE"": 1, ""$TYPE1"": 1}, {""$BUF"": 3, ""$BUF1"": 3, ""$FUN"": 3, ""$SIZE"": 1, ""$SIZE1"": 1, ""$TYPE"": 1, ""$TYPE1"": 1}]",7,True,True,True,False,False,False,"C1,C2,C3","no_metavar,plain_metavar,unnamed_ellipsis"
/home/moscovin/Documents/eboss/semgrep-rules-aggregate/scrap/0xBugatti-SEMGREP10K/c__correctness.yaml,0xBugatti-SEMGREP10K,0,24,Stack-overflow WARNING check 1,A5,Containment (inclusive),"author,id,languages,message,metadata,metavariable,metavariable-pattern,pattern,pattern-either,pattern-inside,pattern-not,patterns,severity",False,True,True,False,False,True,False,"$BUF,$FUN,$SIZE,$TYPE","$BUF,$FUN","[{""$BUF"": 4, ""$FUN"": 4, ""$SIZE"": 1, ""$TYPE"": 1}, {""$BUF"": 4, ""$FUN"": 4, ""$SIZE"": 1, ""$TYPE"": 1}, {""$BUF"": 4, ""$FUN"": 4, ""$SIZE"": 1, ""$TYPE"": 1}]",6,True,True,True,False,False,False,"C1,C2,C3","no_metavar,plain_metavar,unnamed_ellipsis"
/home/moscovin/Documents/eboss/semgrep-rules-aggregate/scrap/0xBugatti-SEMGREP10K/c__correctness.yaml,0xBugatti-SEMGREP10K,0,25,Stack-overflow WARNING check 2,A5,Containment (inclusive),"author,id,languages,message,metadata,metavariable,metavariable-pattern,pattern,pattern-either,pattern-inside,pattern-regex,patterns,severity",False,True,True,False,False,True,False,"$BUF,$FUN,$SIZE,$TYPE","$BUF,$FUN","[{""$BUF"": 3, ""$FUN"": 3, ""$SIZE"": 1, ""$TYPE"": 1}, {""$BUF"": 3, ""$FUN"": 3, ""$SIZE"": 1, ""$TYPE"": 1}]",5,True,True,True,False,False,False,"C1,C2,C3","no_metavar,plain_metavar,unnamed_ellipsis"
/home/moscovin/Documents/eboss/semgrep-rules-aggregate/scrap/0xBugatti-SEMGREP10K/c__correctness.yaml,0xBugatti-SEMGREP10K,0,26,Stack-overflow WARNING check 3,A5,Containment (inclusive),"author,id,languages,message,metadata,metavariable,metavariable-pattern,pattern,pattern-either,pattern-inside,pattern-regex,patterns,severity",False,True,True,False,False,True,False,"$BUF,$FUN,$SIZE,$TYPE","$BUF,$FUN","[{""$BUF"": 3, ""$FUN"": 3, ""$SIZE"": 1, ""$TYPE"": 1}, {""$BUF"": 3, ""$FUN"": 3, ""$SIZE"": 1, ""$TYPE"": 1}]",5,True,True,True,False,False,False,"C1,C2,C3","no_metavar,plain_metavar,unnamed_ellipsis"
/home/moscovin/Documents/eboss/semgrep-rules-aggregate/scrap/0xBugatti-SEMGREP10K/c__correctness.yaml,0xBugatti-SEMGREP10K,0,27,Stack-overflow WARNING check 4,A5,Containment (inclusive),"author,id,languages,message,metadata,metavariable,metavariable-pattern,pattern,pattern-either,pattern-inside,pattern-regex,patterns,severity",False,True,True,False,False,True,False,"$BUF,$BUF1,$FUN,$SIZE,$SIZE1,$TYPE,$TYPE1","$BUF,$BUF1,$FUN","[{""$BUF"": 3, ""$BUF1"": 3, ""$FUN"": 3, ""$SIZE"": 1, ""$SIZE1"": 1, ""$TYPE"": 1, ""$TYPE1"": 1}, {""$BUF"": 3, ""$BUF1"": 3, ""$FUN"": 3, ""$SIZE"": 1, ""$SIZE1"": 1, ""$TYPE"": 1, ""$TYPE1"": 1}]",5,True,True,True,False,False,False,"C1,C2,C3","no_metavar,plain_metavar,unnamed_ellipsis"
/home/moscovin/Documents/eboss/semgrep-rules-aggregate/scrap/0xBugatti-SEMGREP10K/c__correctness.yaml,0xBugatti-SEMGREP10K,0,28,raptor-unchecked-ret-malloc-calloc-realloc,A6,Containment (exclusive),"author,confidence,id,languages,message,metadata,pattern,pattern-either,pattern-not-inside,patterns,references,severity",False,True,True,False,False,False,False,"$ALLOC,$CAST,$RET","$ALLOC,$RET","[{""$ALLOC"": 3, ""$RET"": 5}, {""$ALLOC"": 3, ""$CAST"": 1, ""$RET"": 5}, {""$ALLOC"": 3, ""$RET"": 5}, {""$ALLOC"": 3, ""$CAST"": 1, ""$RET"": 5}, {""$ALLOC"": 3, ""$RET"": 5}, {""$ALLOC"": 3, ""$CAST"": 1, ""$RET"": 5}]",27,False,True,True,False,True,False,"C2,C3,C5","deep_expression,plain_metavar,unnamed_ellipsis"
/home/moscovin/Documents/eboss/semgrep-rules-aggregate/scrap/0xBugatti-SEMGREP10K/c__correctness.yaml,0xBugatti-SEMGREP10K,0,29,raptor-unsafe-strlen,A2,Single or multiple positive pattern(s),"author,confidence,id,languages,message,metadata,pattern,pattern-either,references,severity",False,True,False,True,False,False,False,$LEN,,"[{""$LEN"": 1}, {""$LEN"": 1}, {""$LEN"": 1}, {""$LEN"": 1}, {""$LEN"": 1}, {""$LEN"": 1}, {""$LEN"": 1}, {""$LEN"": 1}]",8,False,True,True,False,False,False,"C2,C3","B3.5_redundant_metavariable,plain_metavar,unnamed_ellipsis"
/home/moscovin/Documents/eboss/semgrep-rules-aggregate/scrap/0xBugatti-SEMGREP10K/c__correctness.yaml,0xBugatti-SEMGREP10K,0,30,raptor-write-into-stack-buffer,A5,Containment (inclusive),"author,confidence,id,languages,message,metadata,metavariable,metavariable-pattern,metavariable-regex,pattern,pattern-either,pattern-inside,pattern-not,patterns,references,regex,severity",False,True,True,False,True,True,False,"$ARG1,$BUF,$FMT,$FUN,$LEN,$SIZE,$TYPE","$ARG1,$BUF,$FMT,$FUN,$LEN","[{""$BUF"": 4, ""$FUN"": 4, ""$SIZE"": 1, ""$TYPE"": 1}, {""$BUF"": 4, ""$FUN"": 4, ""$SIZE"": 1, ""$TYPE"": 1}, {""$BUF"": 4, ""$FUN"": 4, ""$SIZE"": 1, ""$TYPE"": 1}, {""$BUF"": 4, ""$FUN"": 4, ""$SIZE"": 1, ""$TYPE"": 1}, {""$BUF"": 4, ""$FUN"": 4, ""$SIZE"": 1, ""$TYPE"": 1}, {""$BUF"": 4, ""$FUN"": 4, ""$SIZE"": 1, ""$TYPE"": 1}, {""$BUF"": 4, ""$FUN"": 4, ""$SIZE"": 1, ""$TYPE"": 1}, {""$BUF"": 4, ""$FUN"": 4, ""$SIZE"": 1, ""$TYPE"": 1}, {""$BUF"": 4, ""$FUN"": 4, ""$SIZE"": 1, ""$TYPE"": 1}, {""$BUF"": 4, ""$FUN"": 4, ""$SIZE"": 1, ""$TYPE"": 1}, {""$BUF"": 4, ""$FUN"": 4, ""$SIZE"": 1, ""$TYPE"": 1}, {""$BUF"": 4, ""$FUN"": 4, ""$SIZE"": 1, ""$TYPE"": 1}, {""$BUF"": 4, ""$FUN"": 4, ""$SIZE"": 1, ""$TYPE"": 1}, {""$BUF"": 4, ""$FUN"": 4, ""$SIZE"": 1, ""$TYPE"": 1}, {""$BUF"": 4, ""$FUN"": 4, ""$SIZE"": 1, ""$TYPE"": 1}, {""$BUF"": 4, ""$FUN"": 4, ""$SIZE"": 1, ""$TYPE"": 1}, {""$BUF"": 4, ""$FUN"": 4, ""$SIZE"": 1, ""$TYPE"": 1}, {""$BUF"": 4, ""$FUN"": 4, ""$SIZE"": 1, ""$TYPE"": 1}, {""$BUF"": 4, ""$FUN"": 4, ""$SIZE"": 1, ""$TYPE"": 1}, {""$BUF"": 4, ""$FUN"": 4, ""$SIZE"": 1, ""$TYPE"": 1}, {""$BUF"": 4, ""$FUN"": 4, ""$SIZE"": 1, ""$TYPE"": 1}, {""$BUF"": 4, ""$FUN"": 4, ""$SIZE"": 1, ""$TYPE"": 1}, {""$BUF"": 4, ""$FUN"": 4, ""$SIZE"": 1, ""$TYPE"": 1}, {""$BUF"": 3, ""$FMT"": 3, ""$FUN"": 3, ""$SIZE"": 1, ""$TYPE"": 1}, {""$BUF"": 3, ""$FMT"": 3, ""$FUN"": 3, ""$SIZE"": 1, ""$TYPE"": 1}, {""$BUF"": 3, ""$FMT"": 3, ""$FUN"": 3, ""$LEN"": 2, ""$SIZE"": 1, ""$TYPE"": 1}, {""$BUF"": 3, ""$FMT"": 3, ""$FUN"": 3, ""$LEN"": 2, ""$SIZE"": 1, ""$TYPE"": 1}, {""$BUF"": 3, ""$FUN"": 3, ""$SIZE"": 1, ""$TYPE"": 1}, {""$BUF"": 3, ""$FUN"": 3, ""$SIZE"": 1, ""$TYPE"": 1}, {""$BUF"": 3, ""$FUN"": 3, ""$SIZE"": 1, ""$TYPE"": 1}, {""$BUF"": 3, ""$FUN"": 3, ""$SIZE"": 1, ""$TYPE"": 1}, {""$ARG1"": 2, ""$BUF"": 4, ""$FUN"": 4, ""$SIZE"": 1, ""$TYPE"": 1}, {""$ARG1"": 2, ""$BUF"": 3, ""$FUN"": 3, ""$SIZE"": 1, ""$TYPE"": 1}, {""$ARG1"": 2, ""$BUF"": 3, ""$FUN"": 3, ""$SIZE"": 1, ""$TYPE"": 1}, {""$ARG1"": 2, ""$BUF"": 3, ""$FUN"": 3, ""$SIZE"": 1, ""$TYPE"": 1}, {""$ARG1"": 2, ""$BUF"": 3, ""$FUN"": 3, ""$SIZE"": 1, ""$TYPE"": 1}]",50,True,True,True,False,False,False,"C1,C2,C3","no_metavar,plain_metavar,unnamed_ellipsis"
/home/moscovin/Documents/eboss/semgrep-rules-aggregate/scrap/0xBugatti-SEMGREP10K/c__correctness.yaml,0xBugatti-SEMGREP10K,0,31,raptor-write-into-stack-buffer-2,A5,Containment (inclusive),"author,confidence,id,languages,message,metadata,metavariable,metavariable-pattern,metavariable-regex,pattern,pattern-either,pattern-inside,pattern-not,patterns,references,regex,severity",False,True,True,False,True,True,False,"$ARG1,$BUF,$FMT,$FUN,$LEN,$N,$TYPE","$ARG1,$BUF,$FMT,$FUN,$N","[{""$BUF"": 4, ""$FUN"": 4, ""$LEN"": 1, ""$TYPE"": 1}, {""$BUF"": 4, ""$FUN"": 4, ""$LEN"": 1, ""$TYPE"": 1}, {""$BUF"": 4, ""$FUN"": 4, ""$LEN"": 1, ""$TYPE"": 1}, {""$BUF"": 4, ""$FUN"": 4, ""$LEN"": 1, ""$TYPE"": 1}, {""$BUF"": 4, ""$FUN"": 4, ""$LEN"": 1, ""$TYPE"": 1}, {""$BUF"": 4, ""$FUN"": 4, ""$LEN"": 1, ""$TYPE"": 1}, {""$BUF"": 4, ""$FUN"": 4, ""$LEN"": 1, ""$TYPE"": 1}, {""$BUF"": 4, ""$FUN"": 4, ""$LEN"": 1, ""$TYPE"": 1}, {""$BUF"": 4, ""$FUN"": 4, ""$LEN"": 1, ""$TYPE"": 1}, {""$BUF"": 4, ""$FUN"": 4, ""$LEN"": 1, ""$TYPE"": 1}, {""$BUF"": 4, ""$FUN"": 4, ""$LEN"": 1, ""$TYPE"": 1}, {""$BUF"": 4, ""$FUN"": 4, ""$LEN"": 1, ""$TYPE"": 1}, {""$BUF"": 4, ""$FUN"": 4, ""$LEN"": 1, ""$TYPE"": 1}, {""$BUF"": 4, ""$FUN"": 4, ""$LEN"": 1, ""$TYPE"": 1}, {""$BUF"": 4, ""$FUN"": 4, ""$LEN"": 1, ""$TYPE"": 1}, {""$BUF"": 4, ""$FUN"": 4, ""$LEN"": 1, ""$TYPE"": 1}, {""$BUF"": 4, ""$FUN"": 4, ""$LEN"": 1, ""$TYPE"": 1}, {""$BUF"": 4, ""$FUN"": 4, ""$LEN"": 1, ""$TYPE"": 1}, {""$BUF"": 4, ""$FUN"": 4, ""$LEN"": 1, ""$TYPE"": 1}, {""$BUF"": 4, ""$FUN"": 4, ""$LEN"": 1, ""$TYPE"": 1}, {""$BUF"": 4, ""$FUN"": 4, ""$LEN"": 1, ""$TYPE"": 1}, {""$BUF"": 4, ""$FUN"": 4, ""$LEN"": 1, ""$TYPE"": 1}, {""$BUF"": 4, ""$FUN"": 4, ""$LEN"": 1, ""$TYPE"": 1}, {""$BUF"": 4, ""$FUN"": 4, ""$LEN"": 1, ""$TYPE"": 1}, {""$BUF"": 3, ""$FMT"": 3, ""$FUN"": 3, ""$LEN"": 1, ""$TYPE"": 1}, {""$BUF"": 3, ""$FMT"": 3, ""$FUN"": 3, ""$LEN"": 1, ""$TYPE"": 1}, {""$BUF"": 3, ""$FMT"": 3, ""$FUN"": 3, ""$LEN"": 1, ""$N"": 2, ""$TYPE"": 1}, {""$BUF"": 3, ""$FMT"": 3, ""$FUN"": 3, ""$LEN"": 1, ""$N"": 2, ""$TYPE"": 1}, {""$BUF"": 3, ""$FUN"": 3, ""$LEN"": 1, ""$TYPE"": 1}, {""$BUF"": 3, ""$FUN"": 3, ""$LEN"": 1, ""$TYPE"": 1}, {""$BUF"": 3, ""$FUN"": 3, ""$LEN"": 1, ""$TYPE"": 1}, {""$BUF"": 3, ""$FUN"": 3, ""$LEN"": 1, ""$TYPE"": 1}, {""$BUF"": 3, ""$FUN"": 3, ""$LEN"": 1, ""$TYPE"": 1}, {""$ARG1"": 2, ""$BUF"": 4, ""$FUN"": 4, ""$LEN"": 1, ""$TYPE"": 1}, {""$ARG1"": 2, ""$BUF"": 3, ""$FUN"": 3, ""$LEN"": 1, ""$TYPE"": 1}, {""$ARG1"": 2, ""$BUF"": 3, ""$FUN"": 3, ""$LEN"": 1, ""$TYPE"": 1}, {""$ARG1"": 2, ""$BUF"": 3, ""$FUN"": 3, ""$LEN"": 1, ""$TYPE"": 1}, {""$ARG1"": 2, ""$BUF"": 3, ""$FUN"": 3, ""$LEN"": 1, ""$TYPE"": 1}]",52,True,True,True,False,False,False,"C1,C2,C3","no_metavar,plain_metavar,unnamed_ellipsis"
/home/moscovin/Documents/eboss/semgrep-rules-aggregate/scrap/0xBugatti-SEMGREP10K/c__correctness.yaml,0xBugatti-SEMGREP10K,0,32,c.lang.security.double-free.double-free,A4,Negation / Filtering,"category,id,languages,license,message,metadata,pattern,pattern-not,patterns,references,severity,source,technology",False,True,True,False,False,False,False,$VAR,$VAR,"[{""$VAR"": 9}]",3,False,True,True,False,False,False,"C2,C3","plain_metavar,unnamed_ellipsis"
/home/moscovin/Documents/eboss/semgrep-rules-aggregate/scrap/0xBugatti-SEMGREP10K/c__correctness.yaml,0xBugatti-SEMGREP10K,0,33,c.lang.security.insecure-use-printf-fn.insecure-use-printf-fn,A2,Single or multiple positive pattern(s),"category,id,languages,license,message,metadata,pattern,pattern-either,references,severity,source,technology",False,True,True,False,False,False,False,"$BUFFER,$FUNC,$NUM",$BUFFER,"[{""$BUFFER"": 2, ""$FUNC"": 1, ""$NUM"": 1}, {""$NUM"": 1}, {""$BUFFER"": 2, ""$FUNC"": 1, ""$NUM"": 1}, {""$NUM"": 1}, {""$BUFFER"": 2, ""$FUNC"": 1, ""$NUM"": 1}, {""$NUM"": 1}]",6,False,True,True,False,False,False,"C2,C3","plain_metavar,unnamed_ellipsis"
/home/moscovin/Documents/eboss/semgrep-rules-aggregate/scrap/0xBugatti-SEMGREP10K/c__correctness.yaml,0xBugatti-SEMGREP10K,0,34,raptor-incorrect-use-of-sprintf-snprintf,A2,Single or multiple positive pattern(s),"author,confidence,id,languages,message,metadata,pattern,pattern-either,references,severity",False,True,True,False,False,False,False,"$DST,$N",$DST,"[{""$DST"": 2}, {""$DST"": 2, ""$N"": 1}]",2,False,True,True,False,False,False,"C2,C3","plain_metavar,unnamed_ellipsis"
/home/moscovin/Documents/eboss/semgrep-rules-aggregate/scrap/0xBugatti-SEMGREP10K/c__correctness.yaml,0xBugatti-SEMGREP10K,0,35,raptor-insecure-api-ato,A2,Single or multiple positive pattern(s),"author,category,confidence,cwe,id,impact,languages,likelihood,message,metadata,owasp,pattern,pattern-either,references,severity,subcategory,technology,vulnerability_class",True,False,False,False,False,False,False,,,[],4,True,False,True,False,False,False,"C1,C3","no_metavar,unnamed_ellipsis"
/home/moscovin/Documents/eboss/semgrep-rules-aggregate/scrap/0xBugatti-SEMGREP10K/c__correctness.yaml,0xBugatti-SEMGREP10K,0,36,raptor-insecure-api-scanf-etc,A3,Conjunction / Intersection,"author,confidence,id,languages,message,metadata,metavariable,metavariable-regex,pattern,pattern-either,patterns,references,regex,severity",False,True,True,True,True,False,False,"$BUF,$FMT,$FS",$FMT,"[{""$FMT"": 2}, {""$FMT"": 2}, {""$FMT"": 2, ""$FS"": 1}, {""$FMT"": 2, ""$FS"": 1}, {""$BUF"": 1, ""$FMT"": 2}, {""$BUF"": 1, ""$FMT"": 2}, {""$FMT"": 2}, {""$FMT"": 2}, {""$FMT"": 2, ""$FS"": 1}, {""$FMT"": 2, ""$FS"": 1}, {""$BUF"": 1, ""$FMT"": 2}, {""$BUF"": 1, ""$FMT"": 2}]",12,False,True,True,False,False,False,"C2,C3","B3.5_redundant_metavariable,plain_metavar,unnamed_ellipsis"
/home/moscovin/Documents/eboss/semgrep-rules-aggregate/scrap/0xBugatti-SEMGREP10K/c__correctness.yaml,0xBugatti-SEMGREP10K,0,37,raptor-insecure-api-sprintf-vsprintf,A3,Conjunction / Intersection,"author,confidence,id,languages,message,metadata,metavariable,metavariable-regex,pattern,pattern-either,patterns,references,regex,severity",False,True,True,True,True,False,False,"$BUF,$FMT",$FMT,"[{""$BUF"": 1, ""$FMT"": 2}, {""$BUF"": 1, ""$FMT"": 2}]",2,False,True,True,False,False,False,"C2,C3","B3.5_redundant_metavariable,plain_metavar,unnamed_ellipsis"
/home/moscovin/Documents/eboss/semgrep-rules-aggregate/scrap/0xBugatti-SEMGREP10K/c__correctness.yaml,0xBugatti-SEMGREP10K,0,38,raptor-insecure-api-strcpy-stpcpy-strcat,A4,Negation / Filtering,"author,confidence,id,languages,message,metadata,pattern,pattern-either,pattern-not,patterns,references,severity",False,True,False,False,False,False,False,"$BUF,$FUN",,"[{""$BUF"": 1, ""$FUN"": 1}, {""$BUF"": 1, ""$FUN"": 1}, {""$BUF"": 1, ""$FUN"": 1}, {""$BUF"": 1, ""$FUN"": 1}, {""$BUF"": 1, ""$FUN"": 1}, {""$BUF"": 1, ""$FUN"": 1}]",7,True,True,True,False,False,False,"C1,C2,C3","no_metavar,plain_metavar,unnamed_ellipsis"
/home/moscovin/Documents/eboss/semgrep-rules-aggregate/scrap/0xBugatti-SEMGREP10K/c__correctness.yaml,0xBugatti-SEMGREP10K,0,39,raptor-integer-truncation-2,A3,Conjunction / Intersection,"author,confidence,focus-metavariable,id,languages,message,metadata,pattern,pattern-either,patterns,references,severity",False,True,True,False,False,False,False,"$FUN,$LARGE,$NARROW",$FUN,"[{""$LARGE"": 1, ""$NARROW"": 1}, {""$LARGE"": 1, ""$NARROW"": 1}, {""$LARGE"": 1, ""$NARROW"": 1}, {""$LARGE"": 1, ""$NARROW"": 1}, {""$LARGE"": 1, ""$NARROW"": 1}, {""$LARGE"": 1, ""$NARROW"": 1}, {""$LARGE"": 1, ""$NARROW"": 1}, {""$LARGE"": 1, ""$NARROW"": 1}, {""$LARGE"": 1, ""$NARROW"": 1}, {""$LARGE"": 1, ""$NARROW"": 1}, {""$LARGE"": 1, ""$NARROW"": 1}, {""$FUN"": 2, ""$LARGE"": 1}, {""$FUN"": 2, ""$LARGE"": 1}, {""$FUN"": 2, ""$LARGE"": 1}, {""$LARGE"": 1, ""$NARROW"": 1}, {""$LARGE"": 1, ""$NARROW"": 1}, {""$LARGE"": 1, ""$NARROW"": 1}, {""$LARGE"": 1, ""$NARROW"": 1}, {""$LARGE"": 1, ""$NARROW"": 1}, {""$LARGE"": 1, ""$NARROW"": 1}, {""$LARGE"": 1, ""$NARROW"": 1}, {""$LARGE"": 1, ""$NARROW"": 1}, {""$LARGE"": 1, ""$NARROW"": 1}, {""$LARGE"": 1, ""$NARROW"": 1}, {""$LARGE"": 1, ""$NARROW"": 1}, {""$LARGE"": 1, ""$NARROW"": 1}, {""$LARGE"": 1, ""$NARROW"": 1}, {""$LARGE"": 1, ""$NARROW"": 1}, {""$LARGE"": 1, ""$NARROW"": 1}, {""$LARGE"": 1, ""$NARROW"": 1}, {""$FUN"": 2, ""$LARGE"": 1}, {""$FUN"": 2, ""$LARGE"": 1}, {""$LARGE"": 1, ""$NARROW"": 1}, {""$LARGE"": 1, ""$NARROW"": 1}, {""$LARGE"": 1, ""$NARROW"": 1}, {""$LARGE"": 1, ""$NARROW"": 1}, {""$LARGE"": 1, ""$NARROW"": 1}, {""$LARGE"": 1, ""$NARROW"": 1}, {""$FUN"": 2, ""$LARGE"": 1}, {""$LARGE"": 1, ""$NARROW"": 1}, {""$LARGE"": 1, ""$NARROW"": 1}]",41,False,True,True,False,True,False,"C2,C3,C5","deep_expression,plain_metavar,unnamed_ellipsis"
/home/moscovin/Documents/eboss/semgrep-rules-aggregate/scrap/0xBugatti-SEMGREP10K/c__correctness.yaml,0xBugatti-SEMGREP10K,0,40,raptor-missing-return,A4,Negation / Filtering,"author,confidence,focus-metavariable,id,languages,message,metadata,pattern,pattern-not,patterns,references,severity",False,True,True,True,False,False,False,"$ARG,$FUN,$RET,$TYPE","$FUN,$TYPE","[{""$ARG"": 1, ""$FUN"": 5, ""$RET"": 1, ""$TYPE"": 3}]",5,True,True,True,False,False,False,"C1,C2,C3","B3.5_redundant_metavariable,no_metavar,plain_metavar,unnamed_ellipsis"
/home/moscovin/Documents/eboss/semgrep-rules-aggregate/scrap/0xBugatti-SEMGREP10K/c__correctness.yaml,0xBugatti-SEMGREP10K,0,41,raptor-signed-unsigned-conversion-3,A3,Conjunction / Intersection,"author,confidence,focus-metavariable,id,languages,message,metadata,pattern,pattern-either,patterns,references,severity",False,True,True,False,False,False,False,"$BUF,$CHAR,$CNT,$DST,$FD,$FL,$FS,$FUN,$LEN,$NITEMS,$PTR,$SD,$SIGNED,$SRC,$UNSIGNED",$FUN,"[{""$SIGNED"": 1, ""$UNSIGNED"": 1}, {""$SIGNED"": 1, ""$UNSIGNED"": 1}, {""$SIGNED"": 1, ""$UNSIGNED"": 1}, {""$SIGNED"": 1, ""$UNSIGNED"": 1}, {""$FUN"": 2, ""$SIGNED"": 1}, {""$FUN"": 2, ""$SIGNED"": 1}, {""$FUN"": 2, ""$SIGNED"": 1}, {""$FUN"": 2, ""$SIGNED"": 1}, {""$DST"": 1, ""$LEN"": 1, ""$SRC"": 1}, {""$DST"": 1, ""$LEN"": 1, ""$SRC"": 1}, {""$DST"": 1, ""$LEN"": 1, ""$SRC"": 1}, {""$DST"": 1, ""$LEN"": 1, ""$SRC"": 1}, {""$DST"": 1, ""$LEN"": 1, ""$SRC"": 1}, {""$BUF"": 1, ""$LEN"": 1}, {""$BUF"": 1, ""$LEN"": 1}, {""$BUF"": 1, ""$LEN"": 1}, {""$DST"": 1, ""$LEN"": 1, ""$SRC"": 1}, {""$CHAR"": 1, ""$DST"": 1, ""$LEN"": 1, ""$SRC"": 1}, {""$DST"": 1, ""$LEN"": 1, ""$SRC"": 1}, {""$CHAR"": 1, ""$DST"": 1, ""$LEN"": 1}, {""$DST"": 1, ""$LEN"": 1, ""$SRC"": 1}, {""$LEN"": 1}, {""$LEN"": 1}, {""$CNT"": 1, ""$LEN"": 1}, {""$CNT"": 1, ""$LEN"": 1}, {""$LEN"": 1, ""$PTR"": 1}, {""$BUF"": 1, ""$FD"": 1, ""$LEN"": 1}, {""$BUF"": 1, ""$FL"": 1, ""$LEN"": 1, ""$SD"": 1}, {""$BUF"": 1, ""$FL"": 1, ""$LEN"": 1, ""$SD"": 1}, {""$FS"": 1, ""$LEN"": 1, ""$NITEMS"": 1, ""$PTR"": 1}, {""$SIGNED"": 1, ""$UNSIGNED"": 1}, {""$SIGNED"": 1, ""$UNSIGNED"": 1}, {""$SIGNED"": 1, ""$UNSIGNED"": 1}, {""$SIGNED"": 1, ""$UNSIGNED"": 1}, {""$FUN"": 2, ""$UNSIGNED"": 1}, {""$FUN"": 2, ""$UNSIGNED"": 1}, {""$FUN"": 2, ""$UNSIGNED"": 1}, {""$FUN"": 2, ""$UNSIGNED"": 1}]",38,False,True,True,False,True,False,"C2,C3,C5","deep_expression,plain_metavar,unnamed_ellipsis"
/home/moscovin/Documents/eboss/semgrep-rules-aggregate/scrap/0xBugatti-SEMGREP10K/c__correctness.yaml,0xBugatti-SEMGREP10K,0,42,raptor-write-into-stack-buffer-3,A5,Containment (inclusive),"author,confidence,id,languages,message,metadata,metavariable,metavariable-pattern,metavariable-regex,pattern,pattern-either,pattern-inside,pattern-not,patterns,references,regex,severity",False,True,True,False,True,True,False,"$ARG1,$BUF,$FMT,$FUN,$LEN,$N,$TYPE","$ARG1,$BUF,$FMT,$FUN,$N","[{""$BUF"": 4, ""$FUN"": 4, ""$LEN"": 1, ""$TYPE"": 1}, {""$BUF"": 4, ""$FUN"": 4, ""$LEN"": 1, ""$TYPE"": 1}, {""$BUF"": 4, ""$FUN"": 4, ""$LEN"": 1, ""$TYPE"": 1}, {""$BUF"": 4, ""$FUN"": 4, ""$LEN"": 1, ""$TYPE"": 1}, {""$BUF"": 4, ""$FUN"": 4, ""$LEN"": 1, ""$TYPE"": 1}, {""$BUF"": 4, ""$FUN"": 4, ""$LEN"": 1, ""$TYPE"": 1}, {""$BUF"": 4, ""$FUN"": 4, ""$LEN"": 1, ""$TYPE"": 1}, {""$BUF"": 4, ""$FUN"": 4, ""$LEN"": 1, ""$TYPE"": 1}, {""$BUF"": 4, ""$FUN"": 4, ""$LEN"": 1, ""$TYPE"": 1}, {""$BUF"": 4, ""$FUN"": 4, ""$LEN"": 1, ""$TYPE"": 1}, {""$BUF"": 4, ""$FUN"": 4, ""$LEN"": 1, ""$TYPE"": 1}, {""$BUF"": 4, ""$FUN"": 4, ""$LEN"": 1, ""$TYPE"": 1}, {""$BUF"": 4, ""$FUN"": 4, ""$LEN"": 1, ""$TYPE"": 1}, {""$BUF"": 4, ""$FUN"": 4, ""$LEN"": 1, ""$TYPE"": 1}, {""$BUF"": 4, ""$FUN"": 4, ""$LEN"": 1, ""$TYPE"": 1}, {""$BUF"": 4, ""$FUN"": 4, ""$LEN"": 1, ""$TYPE"": 1}, {""$BUF"": 4, ""$FUN"": 4, ""$LEN"": 1, ""$TYPE"": 1}, {""$BUF"": 4, ""$FUN"": 4, ""$LEN"": 1, ""$TYPE"": 1}, {""$BUF"": 4, ""$FUN"": 4, ""$LEN"": 1, ""$TYPE"": 1}, {""$BUF"": 4, ""$FUN"": 4, ""$LEN"": 1, ""$TYPE"": 1}, {""$BUF"": 4, ""$FUN"": 4, ""$LEN"": 1, ""$TYPE"": 1}, {""$BUF"": 4, ""$FUN"": 4, ""$LEN"": 1, ""$TYPE"": 1}, {""$BUF"": 4, ""$FUN"": 4, ""$LEN"": 1, ""$TYPE"": 1}, {""$BUF"": 3, ""$FMT"": 3, ""$FUN"": 3, ""$LEN"": 1, ""$TYPE"": 1}, {""$BUF"": 3, ""$FMT"": 3, ""$FUN"": 3, ""$LEN"": 1, ""$TYPE"": 1}, {""$BUF"": 3, ""$FMT"": 3, ""$FUN"": 3, ""$LEN"": 1, ""$N"": 2, ""$TYPE"": 1}, {""$BUF"": 3, ""$FMT"": 3, ""$FUN"": 3, ""$LEN"": 1, ""$N"": 2, ""$TYPE"": 1}, {""$BUF"": 3, ""$FUN"": 3, ""$LEN"": 1, ""$TYPE"": 1}, {""$BUF"": 3, ""$FUN"": 3, ""$LEN"": 1, ""$TYPE"": 1}, {""$BUF"": 3, ""$FUN"": 3, ""$LEN"": 1, ""$TYPE"": 1}, {""$BUF"": 3, ""$FUN"": 3, ""$LEN"": 1, ""$TYPE"": 1}, {""$BUF"": 3, ""$FUN"": 3, ""$LEN"": 1, ""$TYPE"": 1}, {""$ARG1"": 2, ""$BUF"": 4, ""$FUN"": 4, ""$LEN"": 1, ""$TYPE"": 1}, {""$ARG1"": 2, ""$BUF"": 3, ""$FUN"": 3, ""$LEN"": 1, ""$TYPE"": 1}, {""$ARG1"": 2, ""$BUF"": 3, ""$FUN"": 3, ""$LEN"": 1, ""$TYPE"": 1}, {""$ARG1"": 2, ""$BUF"": 3, ""$FUN"": 3, ""$LEN"": 1, ""$TYPE"": 1}, {""$ARG1"": 2, ""$BUF"": 3, ""$FUN"": 3, ""$LEN"": 1, ""$TYPE"": 1}]",51,True,True,True,False,False,False,"C1,C2,C3","no_metavar,plain_metavar,unnamed_ellipsis"
/home/moscovin/Documents/eboss/semgrep-rules-aggregate/scrap/0xBugatti-SEMGREP10K/c__correctness.yaml,0xBugatti-SEMGREP10K,0,43,raptor-incorrect-unsigned-comparison-2,A2,Single or multiple positive pattern(s),"author,category,confidence,cwe,id,impact,languages,likelihood,message,metadata,owasp,pattern,pattern-either,references,severity,subcategory,technology,vulnerability_class",False,True,False,True,False,False,False,$_,,"[{""$_"": 1}, {""$_"": 1}, {""$_"": 1}, {""$_"": 1}, {""$_"": 1}, {""$_"": 1}, {""$_"": 1}, {""$_"": 1}, {""$_"": 1}, {""$_"": 1}, {""$_"": 1}, {""$_"": 1}, {""$_"": 1}, {""$_"": 1}, {""$_"": 1}, {""$_"": 1}, {""$_"": 1}, {""$_"": 1}]",18,False,True,False,False,False,False,C2,"B3.5_redundant_metavariable,plain_metavar"
/home/moscovin/Documents/eboss/semgrep-rules-aggregate/scrap/0xBugatti-SEMGREP10K/c__correctness.yaml,0xBugatti-SEMGREP10K,0,44,raptor-insecure-api-gets,A2,Single or multiple positive pattern(s),"author,category,confidence,cwe,id,impact,languages,likelihood,message,metadata,owasp,pattern,references,severity,subcategory,technology,vulnerability_class",True,False,False,False,False,False,False,,,[],1,True,False,True,False,False,False,"C1,C3","no_metavar,unnamed_ellipsis"
/home/moscovin/Documents/eboss/semgrep-rules-aggregate/scrap/0xBugatti-SEMGREP10K/c__correctness.yaml,0xBugatti-SEMGREP10K,0,45,raptor-insecure-api-scanf,A4,Negation / Filtering,"author,category,confidence,cwe,id,impact,languages,likelihood,message,metadata,metavariable,metavariable-regex,owasp,pattern,pattern-either,pattern-not,patterns,references,regex,severity,subcategory,technology,vulnerability_class",False,True,True,True,True,False,False,"$FMT,$_",$FMT,"[{""$FMT"": 8}, {""$FMT"": 8}, {""$FMT"": 8}, {""$FMT"": 8}, {""$FMT"": 8, ""$_"": 1}, {""$FMT"": 8, ""$_"": 1}, {""$FMT"": 8, ""$_"": 1}, {""$FMT"": 8, ""$_"": 1}, {""$FMT"": 8, ""$_"": 1}, {""$FMT"": 8, ""$_"": 1}, {""$FMT"": 8, ""$_"": 1}, {""$FMT"": 8, ""$_"": 1}, {""$FMT"": 8}, {""$FMT"": 8}, {""$FMT"": 8, ""$_"": 1}, {""$FMT"": 8, ""$_"": 1}, {""$FMT"": 8, ""$_"": 1}, {""$FMT"": 8, ""$_"": 1}]",24,False,True,True,False,False,False,"C2,C3","B3.5_redundant_metavariable,plain_metavar,unnamed_ellipsis"
/home/moscovin/Documents/eboss/semgrep-rules-aggregate/scrap/0xBugatti-SEMGREP10K/c__correctness.yaml,0xBugatti-SEMGREP10K,0,46,raptor-insecure-api-sprintf-vsprintf-2,A3,Conjunction / Intersection,"author,category,confidence,cwe,id,impact,languages,likelihood,message,metadata,metavariable,metavariable-regex,owasp,pattern,pattern-either,patterns,references,regex,severity,subcategory,technology,vulnerability_class",False,True,True,True,True,False,False,"$FMT,$_",$FMT,"[{""$FMT"": 2, ""$_"": 1}, {""$FMT"": 2, ""$_"": 1}]",2,False,True,True,False,False,False,"C2,C3","B3.5_redundant_metavariable,plain_metavar,unnamed_ellipsis"
/home/moscovin/Documents/eboss/semgrep-rules-aggregate/scrap/0xBugatti-SEMGREP10K/c__correctness.yaml,0xBugatti-SEMGREP10K,0,47,raptor-insecure-api-strcpy-strcat,A4,Negation / Filtering,"author,category,confidence,cwe,id,impact,languages,likelihood,message,metadata,owasp,pattern,pattern-either,pattern-not,patterns,references,severity,subcategory,technology,vulnerability_class",False,True,True,False,False,False,False,$_,$_,"[{""$_"": 2}, {""$_"": 2}, {""$_"": 2}, {""$_"": 2}, {""$_"": 2}, {""$_"": 2}, {""$_"": 2}, {""$_"": 2}, {""$_"": 2}, {""$_"": 2}, {""$_"": 2}, {""$_"": 2}, {""$_"": 2}]",14,True,True,True,False,False,False,"C1,C2,C3","no_metavar,plain_metavar,unnamed_ellipsis"
/home/moscovin/Documents/eboss/semgrep-rules-aggregate/scrap/0xBugatti-SEMGREP10K/c__correctness.yaml,0xBugatti-SEMGREP10K,0,48,raptor-integer-truncation-3,A4,Negation / Filtering,"author,category,confidence,cwe,focus-metavariable,id,impact,languages,likelihood,message,metadata,owasp,pattern,pattern-either,pattern-not,patterns,references,severity,subcategory,technology,vulnerability_class",False,True,True,False,False,False,False,"$FUN,$_","$FUN,$_","[{""$_"": 3}, {""$_"": 3}, {""$_"": 3}, {""$_"": 3}, {""$_"": 3}, {""$_"": 3}, {""$_"": 3}, {""$_"": 3}, {""$_"": 3}, {""$_"": 3}, {""$_"": 3}, {""$FUN"": 2, ""$_"": 1}, {""$FUN"": 2, ""$_"": 1}, {""$FUN"": 2, ""$_"": 1}, {""$_"": 3}, {""$_"": 3}, {""$_"": 3}, {""$_"": 3}, {""$_"": 3}, {""$_"": 3}, {""$_"": 3}, {""$_"": 3}, {""$_"": 3}, {""$_"": 3}, {""$_"": 3}, {""$_"": 3}, {""$_"": 3}, {""$_"": 3}, {""$_"": 3}, {""$FUN"": 2, ""$_"": 1}, {""$FUN"": 2, ""$_"": 1}, {""$_"": 3}, {""$_"": 3}, {""$_"": 3}, {""$_"": 3}, {""$_"": 3}, {""$_"": 3}, {""$FUN"": 2, ""$_"": 1}, {""$_"": 3}, {""$_"": 3}]",44,False,True,True,False,True,False,"C2,C3,C5","deep_expression,plain_metavar,unnamed_ellipsis"
/home/moscovin/Documents/eboss/semgrep-rules-aggregate/scrap/0xBugatti-SEMGREP10K/c__correctness.yaml,0xBugatti-SEMGREP10K,0,49,raptor-integer-wraparound-3,A5,Containment (inclusive),"author,category,confidence,cwe,id,impact,languages,likelihood,message,metadata,metavariable,metavariable-pattern,owasp,pattern,pattern-either,pattern-inside,patterns,references,severity,subcategory,technology,vulnerability_class",False,True,True,False,False,True,False,"$FUN,$MAX,$N,$X,$_","$FUN,$MAX,$N,$X,$_","[{""$FUN"": 2, ""$_"": 2}, {""$FUN"": 2, ""$_"": 2}, {""$FUN"": 2, ""$_"": 2}, {""$FUN"": 2, ""$_"": 2}, {""$FUN"": 2, ""$N"": 2, ""$_"": 2}, {""$FUN"": 2, ""$N"": 2, ""$_"": 2}, {""$FUN"": 2, ""$N"": 2, ""$_"": 1}, {""$FUN"": 2, ""$N"": 2, ""$_"": 1}, {""$FUN"": 2, ""$_"": 2}, {""$FUN"": 2, ""$_"": 2}, {""$FUN"": 2, ""$_"": 2}, {""$FUN"": 2, ""$_"": 2}, {""$FUN"": 2, ""$N"": 2, ""$_"": 2}, {""$FUN"": 2, ""$N"": 2, ""$_"": 2}, {""$FUN"": 2, ""$N"": 2, ""$_"": 1}, {""$FUN"": 2, ""$N"": 2, ""$_"": 1}, {""$FUN"": 2, ""$_"": 3}, {""$FUN"": 2, ""$_"": 3}, {""$FUN"": 2, ""$_"": 3}, {""$FUN"": 2, ""$_"": 3}, {""$FUN"": 2, ""$_"": 3}, {""$FUN"": 2, ""$_"": 3}, {""$FUN"": 2, ""$_"": 3}, {""$FUN"": 2, ""$_"": 3}, {""$FUN"": 2, ""$_"": 3}, {""$FUN"": 2, ""$_"": 3}, {""$FUN"": 2, ""$N"": 2, ""$_"": 3}, {""$FUN"": 2, ""$N"": 2, ""$_"": 3}, {""$FUN"": 2, ""$N"": 2, ""$_"": 3}, {""$FUN"": 2, ""$N"": 2, ""$_"": 3}, {""$FUN"": 2, ""$N"": 2, ""$_"": 3}, {""$FUN"": 2, ""$N"": 2, ""$_"": 2}, {""$FUN"": 2, ""$N"": 2, ""$_"": 2}, {""$FUN"": 2, ""$N"": 2, ""$_"": 2}, {""$FUN"": 2, ""$N"": 2, ""$_"": 2}, {""$FUN"": 2, ""$N"": 2, ""$_"": 2}, {""$FUN"": 2, ""$_"": 3}, {""$FUN"": 2, ""$_"": 3}, {""$FUN"": 2, ""$_"": 3}, {""$FUN"": 2, ""$_"": 3}, {""$FUN"": 2, ""$_"": 3}, {""$FUN"": 2, ""$_"": 3}, {""$FUN"": 2, ""$_"": 3}, {""$FUN"": 2, ""$_"": 3}, {""$FUN"": 2, ""$_"": 3}, {""$FUN"": 2, ""$_"": 3}, {""$FUN"": 2, ""$N"": 2, ""$_"": 3}, {""$FUN"": 2, ""$N"": 2, ""$_"": 3}, {""$FUN"": 2, ""$N"": 2, ""$_"": 3}, {""$FUN"": 2, ""$N"": 2, ""$_"": 3}, {""$FUN"": 2, ""$N"": 2, ""$_"": 3}, {""$FUN"": 2, ""$N"": 2, ""$_"": 2}, {""$FUN"": 2, ""$N"": 2, ""$_"": 2}, {""$FUN"": 2, ""$N"": 2, ""$_"": 2}, {""$FUN"": 2, ""$N"": 2, ""$_"": 2}, {""$FUN"": 2, ""$N"": 2, ""$_"": 2}, {""$FUN"": 2, ""$_"": 3}, {""$FUN"": 2, ""$_"": 3}, {""$FUN"": 2, ""$N"": 2, ""$_"": 3}, {""$FUN"": 2, ""$N"": 2, ""$_"": 2}, {""$FUN"": 2, ""$_"": 3}, {""$FUN"": 2, ""$_"": 3}, {""$FUN"": 2, ""$N"": 2, ""$_"": 3}, {""$FUN"": 2, ""$N"": 2, ""$_"": 2}, {""$MAX"": 2, ""$X"": 2, ""$_"": 1}, {""$MAX"": 2, ""$X"": 2, ""$_"": 1}, {""$MAX"": 2, ""$X"": 2, ""$_"": 1}, {""$MAX"": 2, ""$X"": 2, ""$_"": 1}, {""$MAX"": 2, ""$X"": 2, ""$_"": 1}, {""$MAX"": 2, ""$X"": 2, ""$_"": 1}, {""$MAX"": 2, ""$X"": 2, ""$_"": 1}, {""$MAX"": 2, ""$X"": 2, ""$_"": 1}, {""$MAX"": 2, ""$X"": 2, ""$_"": 1}, {""$MAX"": 2, ""$X"": 2, ""$_"": 1}, {""$MAX"": 2, ""$X"": 2, ""$_"": 1}, {""$MAX"": 2, ""$X"": 2, ""$_"": 1}, {""$MAX"": 2, ""$X"": 2, ""$_"": 1}, {""$MAX"": 2, ""$X"": 2, ""$_"": 1}, {""$MAX"": 2, ""$X"": 2, ""$_"": 1}, {""$MAX"": 2, ""$X"": 2, ""$_"": 1}]",78,True,True,True,False,False,False,"C1,C2,C3","no_metavar,plain_metavar,unnamed_ellipsis"
/home/moscovin/Documents/eboss/semgrep-rules-aggregate/scrap/0xBugatti-SEMGREP10K/c__correctness.yaml,0xBugatti-SEMGREP10K,0,50,raptor-missing-return-2,A4,Negation / Filtering,"author,category,confidence,cwe,focus-metavariable,id,impact,languages,likelihood,message,metadata,owasp,pattern,pattern-not,patterns,references,severity,subcategory,technology,vulnerability_class",False,True,True,True,False,False,False,"$FUN,$_","$FUN,$_","[{""$FUN"": 5, ""$_"": 4}]",5,True,True,True,False,False,False,"C1,C2,C3","B3.5_redundant_metavariable,no_metavar,plain_metavar,unnamed_ellipsis"
/home/moscovin/Documents/eboss/semgrep-rules-aggregate/scrap/0xBugatti-SEMGREP10K/c__correctness.yaml,0xBugatti-SEMGREP10K,0,51,raptor-overlapping-source-destination,A3,Conjunction / Intersection,"author,category,confidence,cwe,id,impact,languages,likelihood,message,metadata,metavariable,metavariable-pattern,owasp,pattern,pattern-either,patterns,references,severity,subcategory,technology,vulnerability_class",False,True,True,False,False,True,False,"$DST,$FUN,$_","$DST,$FUN","[{""$DST"": 2, ""$FUN"": 2}, {""$DST"": 2, ""$FUN"": 2}, {""$DST"": 2, ""$FUN"": 2}, {""$DST"": 2, ""$FUN"": 2}, {""$DST"": 2, ""$FUN"": 2}, {""$DST"": 2, ""$FUN"": 2}, {""$DST"": 2, ""$FUN"": 2}, {""$DST"": 2, ""$FUN"": 2}, {""$DST"": 2, ""$FUN"": 2}, {""$DST"": 2, ""$FUN"": 2}, {""$DST"": 2, ""$FUN"": 2}, {""$DST"": 2, ""$FUN"": 2}, {""$DST"": 2, ""$FUN"": 2}, {""$DST"": 2, ""$FUN"": 2}, {""$DST"": 2, ""$FUN"": 2}, {""$DST"": 2, ""$FUN"": 2}, {""$DST"": 2, ""$FUN"": 2}, {""$DST"": 2, ""$FUN"": 2}, {""$DST"": 2, ""$FUN"": 2}, {""$DST"": 2, ""$FUN"": 2}, {""$DST"": 2, ""$FUN"": 2}, {""$DST"": 2, ""$FUN"": 2}, {""$DST"": 2, ""$FUN"": 2}, {""$DST"": 2, ""$FUN"": 2}, {""$DST"": 2, ""$FUN"": 2}, {""$DST"": 2, ""$FUN"": 2}, {""$DST"": 2, ""$FUN"": 2}, {""$DST"": 2, ""$FUN"": 2}, {""$DST"": 2, ""$FUN"": 2}, {""$DST"": 2, ""$FUN"": 2}, {""$DST"": 2, ""$FUN"": 2}, {""$DST"": 2, ""$FUN"": 2}, {""$DST"": 2, ""$FUN"": 2}, {""$DST"": 2, ""$FUN"": 2}, {""$DST"": 2, ""$FUN"": 2}, {""$DST"": 2}, {""$DST"": 2, ""$_"": 1}]",38,True,True,True,False,False,False,"C1,C2,C3","no_metavar,plain_metavar,unnamed_ellipsis"
/home/moscovin/Documents/eboss/semgrep-rules-aggregate/scrap/0xBugatti-SEMGREP10K/c__correctness.yaml,0xBugatti-SEMGREP10K,0,52,raptor-signed-unsigned-conversion-4,A4,Negation / Filtering,"author,category,confidence,cwe,focus-metavariable,id,impact,languages,likelihood,message,metadata,owasp,pattern,pattern-either,pattern-not,patterns,references,severity,subcategory,technology,vulnerability_class",False,True,True,False,False,False,False,"$FUN,$_","$FUN,$_","[{""$_"": 3}, {""$_"": 3}, {""$_"": 3}, {""$_"": 3}, {""$FUN"": 2, ""$_"": 1}, {""$FUN"": 2, ""$_"": 1}, {""$FUN"": 2, ""$_"": 1}, {""$FUN"": 2, ""$_"": 1}, {""$_"": 3}, {""$_"": 3}, {""$_"": 3}, {""$_"": 3}, {""$_"": 3}, {""$_"": 3}, {""$_"": 2}, {""$_"": 2}, {""$_"": 2}, {""$_"": 2}, {""$_"": 2}, {""$_"": 3}, {""$_"": 3}, {""$_"": 4}, {""$_"": 3}, {""$_"": 3}, {""$_"": 3}, {""$_"": 1}, {""$_"": 1}, {""$_"": 2}, {""$_"": 2}, {""$_"": 2}, {""$_"": 3}, {""$_"": 4}, {""$_"": 4}, {""$_"": 4}, {""$_"": 2}, {""$_"": 2}, {""$_"": 2}, {""$_"": 2}, {""$FUN"": 2, ""$_"": 1}, {""$FUN"": 2, ""$_"": 1}, {""$FUN"": 2, ""$_"": 1}, {""$FUN"": 2, ""$_"": 1}]",43,False,True,True,False,True,False,"C2,C3,C5","deep_expression,plain_metavar,unnamed_ellipsis"
/home/moscovin/Documents/eboss/semgrep-rules-aggregate/scrap/0xBugatti-SEMGREP10K/c__correctness.yaml,0xBugatti-SEMGREP10K,0,53,raptor-typos,A6,Containment (exclusive),"author,category,confidence,cwe,id,impact,languages,likelihood,message,metadata,metavariable,metavariable-regex,owasp,pattern,pattern-either,pattern-not-inside,patterns,references,regex,severity,subcategory,technology,vulnerability_class",False,True,True,False,True,False,False,"$EXPR,$EXPR1,$EXPR2,$LEN,$_","$EXPR,$EXPR1,$EXPR2,$LEN,$_","[{""$_"": 4}, {""$_"": 3}, {""$EXPR1"": 7, ""$EXPR2"": 7, ""$_"": 6}, {""$EXPR1"": 7, ""$EXPR2"": 7, ""$_"": 6}, {""$EXPR1"": 7, ""$EXPR2"": 7, ""$_"": 6}, {""$_"": 2}, {""$EXPR"": 2}, {""$EXPR"": 2}, {""$EXPR"": 2}, {""$EXPR"": 2}, {""$EXPR"": 2}, {""$EXPR"": 2}, {""$EXPR"": 2}, {""$EXPR"": 2}, {""$_"": 1}, {""$_"": 1}, {""$_"": 1}, {""$_"": 1}, {""$_"": 3}, {""$LEN"": 2, ""$_"": 2}, {""$LEN"": 2, ""$_"": 2}]",43,True,True,True,False,True,False,"C1,C2,C3,C5","deep_expression,no_metavar,plain_metavar,unnamed_ellipsis"
/home/moscovin/Documents/eboss/semgrep-rules-aggregate/scrap/0xBugatti-SEMGREP10K/c__correctness.yaml,0xBugatti-SEMGREP10K,0,54,raptor-unchecked-ret-malloc,A6,Containment (exclusive),"author,category,confidence,cwe,id,impact,languages,likelihood,message,metadata,metavariable,metavariable-pattern,owasp,pattern,pattern-either,pattern-not-inside,patterns,references,severity,subcategory,technology,vulnerability_class",False,True,True,True,False,True,False,"$FUN,$RET,$_","$FUN,$RET,$_","[{""$FUN"": 3, ""$RET"": 2, ""$_"": 5}, {""$FUN"": 3, ""$RET"": 2, ""$_"": 5}, {""$FUN"": 3, ""$RET"": 2, ""$_"": 5}, {""$FUN"": 3, ""$RET"": 2, ""$_"": 5}, {""$FUN"": 3, ""$RET"": 2, ""$_"": 5}, {""$FUN"": 3, ""$RET"": 2, ""$_"": 5}, {""$FUN"": 3, ""$RET"": 2, ""$_"": 5}, {""$FUN"": 3, ""$RET"": 2, ""$_"": 5}, {""$FUN"": 3, ""$RET"": 2, ""$_"": 6}, {""$FUN"": 3, ""$RET"": 2, ""$_"": 6}, {""$FUN"": 3, ""$RET"": 2, ""$_"": 6}, {""$FUN"": 3, ""$RET"": 2, ""$_"": 6}, {""$FUN"": 3, ""$RET"": 2, ""$_"": 6}, {""$FUN"": 3, ""$RET"": 2, ""$_"": 6}, {""$FUN"": 3, ""$RET"": 2, ""$_"": 6}, {""$FUN"": 3, ""$RET"": 2, ""$_"": 6}]",16,True,True,True,False,True,False,"C1,C2,C3,C5","B3.5_redundant_metavariable,deep_expression,no_metavar,plain_metavar,unnamed_ellipsis"
/home/moscovin/Documents/eboss/semgrep-rules-aggregate/scrap/0xBugatti-SEMGREP10K/c__correctness.yaml,0xBugatti-SEMGREP10K,0,55,raptor-unsafe-strlen-2,A3,Conjunction / Intersection,"author,category,confidence,cwe,id,impact,languages,likelihood,message,metadata,metavariable,metavariable-pattern,owasp,pattern,pattern-either,patterns,references,severity,subcategory,technology,vulnerability_class",False,True,True,True,False,True,False,"$FUN,$_",$FUN,"[{""$FUN"": 2, ""$_"": 1}, {""$FUN"": 2, ""$_"": 1}, {""$FUN"": 2, ""$_"": 1}, {""$FUN"": 2, ""$_"": 1}, {""$FUN"": 2, ""$_"": 1}, {""$FUN"": 2, ""$_"": 1}, {""$FUN"": 2, ""$_"": 1}, {""$FUN"": 2, ""$_"": 1}, {""$FUN"": 2, ""$_"": 1}, {""$FUN"": 2, ""$_"": 1}, {""$FUN"": 2, ""$_"": 1}, {""$FUN"": 2, ""$_"": 1}, {""$FUN"": 2, ""$_"": 1}, {""$FUN"": 2, ""$_"": 1}, {""$FUN"": 2, ""$_"": 1}, {""$FUN"": 2, ""$_"": 1}, {""$FUN"": 2, ""$_"": 1}, {""$FUN"": 2, ""$_"": 1}, {""$FUN"": 2, ""$_"": 1}, {""$FUN"": 2, ""$_"": 1}]",9,True,True,True,False,False,False,"C1,C2,C3","B3.5_redundant_metavariable,no_metavar,plain_metavar,unnamed_ellipsis"
/home/moscovin/Documents/eboss/semgrep-rules-aggregate/scrap/0xBugatti-SEMGREP10K/c__correctness.yaml,0xBugatti-SEMGREP10K,0,56,raptor-write-into-stack-buffer-4,A6,Containment (exclusive),"author,category,confidence,cwe,id,impact,languages,likelihood,message,metadata,metavariable,metavariable-pattern,metavariable-regex,owasp,pattern,pattern-either,pattern-inside,pattern-not,pattern-not-inside,patterns,references,regex,severity,subcategory,technology,vulnerability_class",False,True,True,False,True,True,False,"$BUF,$FMT,$FUN,$_","$BUF,$FMT,$FUN,$_","[{""$BUF"": 4, ""$FUN"": 3, ""$_"": 4}, {""$BUF"": 4, ""$FUN"": 3, ""$_"": 4}, {""$BUF"": 4, ""$FUN"": 3, ""$_"": 4}, {""$BUF"": 4, ""$FUN"": 3, ""$_"": 4}, {""$BUF"": 4, ""$FUN"": 3, ""$_"": 4}, {""$BUF"": 4, ""$FUN"": 3, ""$_"": 4}, {""$BUF"": 4, ""$FUN"": 3, ""$_"": 4}, {""$BUF"": 4, ""$FUN"": 3, ""$_"": 4}, {""$BUF"": 4, ""$FUN"": 3, ""$_"": 4}, {""$BUF"": 4, ""$FUN"": 3, ""$_"": 4}, {""$BUF"": 4, ""$FUN"": 3, ""$_"": 4}, {""$BUF"": 4, ""$FUN"": 3, ""$_"": 4}, {""$BUF"": 4, ""$FUN"": 3, ""$_"": 4}, {""$BUF"": 4, ""$FUN"": 3, ""$_"": 4}, {""$BUF"": 4, ""$FUN"": 3, ""$_"": 4}, {""$BUF"": 4, ""$FUN"": 3, ""$_"": 4}, {""$BUF"": 4, ""$FUN"": 3, ""$_"": 4}, {""$BUF"": 4, ""$FUN"": 3, ""$_"": 4}, {""$BUF"": 4, ""$FUN"": 3, ""$_"": 4}, {""$BUF"": 4, ""$FUN"": 3, ""$_"": 4}, {""$BUF"": 4, ""$FUN"": 3, ""$_"": 4}, {""$BUF"": 4, ""$FUN"": 3, ""$_"": 4}, {""$BUF"": 4, ""$FUN"": 3, ""$_"": 4}, {""$BUF"": 4, ""$FUN"": 3, ""$_"": 4}, {""$BUF"": 4, ""$FUN"": 3, ""$_"": 4}, {""$BUF"": 4, ""$FUN"": 3, ""$_"": 4}, {""$BUF"": 4, ""$FUN"": 3, ""$_"": 4}, {""$BUF"": 4, ""$FUN"": 3, ""$_"": 4}, {""$BUF"": 4, ""$FUN"": 3, ""$_"": 4}, {""$BUF"": 4, ""$FUN"": 3, ""$_"": 4}, {""$BUF"": 4, ""$FUN"": 3, ""$_"": 4}, {""$BUF"": 4, ""$FUN"": 3, ""$_"": 4}, {""$BUF"": 4, ""$FUN"": 3, ""$_"": 4}, {""$BUF"": 4, ""$FUN"": 3, ""$_"": 4}, {""$BUF"": 4, ""$FUN"": 3, ""$_"": 4}, {""$BUF"": 4, ""$FUN"": 3, ""$_"": 4}, {""$BUF"": 4, ""$FUN"": 3, ""$_"": 4}, {""$BUF"": 4, ""$FUN"": 3, ""$_"": 4}, {""$BUF"": 3, ""$FMT"": 2, ""$FUN"": 2, ""$_"": 4}, {""$BUF"": 3, ""$FMT"": 2, ""$FUN"": 2, ""$_"": 4}, {""$BUF"": 3, ""$FMT"": 2, ""$FUN"": 2, ""$_"": 5}, {""$BUF"": 3, ""$FMT"": 2, ""$FUN"": 2, ""$_"": 5}, {""$BUF"": 3, ""$FMT"": 2, ""$FUN"": 2, ""$_"": 5}, {""$BUF"": 3, ""$FMT"": 2, ""$FUN"": 2, ""$_"": 5}, {""$BUF"": 3, ""$FUN"": 2, ""$_"": 4}, {""$BUF"": 3, ""$FUN"": 2, ""$_"": 4}, {""$BUF"": 3, ""$FUN"": 2, ""$_"": 4}, {""$BUF"": 3, ""$FUN"": 2, ""$_"": 4}, {""$BUF"": 3, ""$FUN"": 2, ""$_"": 4}, {""$BUF"": 4, ""$FUN"": 3, ""$_"": 5}, {""$BUF"": 3, ""$FUN"": 2, ""$_"": 5}, {""$BUF"": 3, ""$FUN"": 2, ""$_"": 5}, {""$BUF"": 3, ""$FUN"": 2, ""$_"": 5}, {""$BUF"": 3, ""$FUN"": 2, ""$_"": 5}]",74,True,True,True,False,False,False,"C1,C2,C3","no_metavar,plain_metavar,unnamed_ellipsis"
/home/moscovin/Documents/eboss/semgrep-rules-aggregate/scrap/0xBugatti-SEMGREP10K/c__correctness.yaml,0xBugatti-SEMGREP10K,0,57,c_integer_rule-atoi-atol,A2,Single or multiple positive pattern(s),"cwe,id,languages,message,metadata,owasp,pattern,pattern-either,severity,shortDescription",True,False,False,False,False,False,False,,,[],4,True,False,True,False,False,False,"C1,C3","no_metavar,unnamed_ellipsis"
/home/moscovin/Documents/eboss/semgrep-rules-aggregate/scrap/0xBugatti-SEMGREP10K/c__correctness.yaml,0xBugatti-SEMGREP10K,0,58,raptor-integer-wraparound-4,A5,Containment (inclusive),"author,confidence,id,languages,message,metadata,metavariable,metavariable-pattern,pattern,pattern-either,pattern-inside,patterns,references,severity",False,True,True,False,False,True,False,"$ARG1,$FUN,$N,$X,$Y","$FUN,$N","[{""$FUN"": 2, ""$X"": 1, ""$Y"": 1}, {""$FUN"": 2, ""$X"": 1, ""$Y"": 1}, {""$FUN"": 2, ""$N"": 2, ""$X"": 1, ""$Y"": 1}, {""$FUN"": 2, ""$N"": 2, ""$X"": 1, ""$Y"": 1}, {""$FUN"": 2, ""$X"": 1, ""$Y"": 1}, {""$FUN"": 2, ""$X"": 1, ""$Y"": 1}, {""$FUN"": 2, ""$N"": 2, ""$X"": 1, ""$Y"": 1}, {""$FUN"": 2, ""$N"": 2, ""$X"": 1, ""$Y"": 1}, {""$ARG1"": 1, ""$FUN"": 2, ""$X"": 1, ""$Y"": 1}, {""$ARG1"": 1, ""$FUN"": 2, ""$X"": 1, ""$Y"": 1}, {""$ARG1"": 1, ""$FUN"": 2, ""$X"": 1, ""$Y"": 1}, {""$ARG1"": 1, ""$FUN"": 2, ""$X"": 1, ""$Y"": 1}, {""$ARG1"": 1, ""$FUN"": 2, ""$N"": 2, ""$X"": 1, ""$Y"": 1}, {""$ARG1"": 1, ""$FUN"": 2, ""$N"": 2, ""$X"": 1, ""$Y"": 1}, {""$ARG1"": 1, ""$FUN"": 2, ""$N"": 2, ""$X"": 1, ""$Y"": 1}, {""$ARG1"": 1, ""$FUN"": 2, ""$N"": 2, ""$X"": 1, ""$Y"": 1}, {""$ARG1"": 1, ""$FUN"": 2, ""$X"": 1, ""$Y"": 1}, {""$ARG1"": 1, ""$FUN"": 2, ""$X"": 1, ""$Y"": 1}, {""$ARG1"": 1, ""$FUN"": 2, ""$X"": 1, ""$Y"": 1}, {""$ARG1"": 1, ""$FUN"": 2, ""$X"": 1, ""$Y"": 1}, {""$ARG1"": 1, ""$FUN"": 2, ""$N"": 2, ""$X"": 1, ""$Y"": 1}, {""$ARG1"": 1, ""$FUN"": 2, ""$N"": 2, ""$X"": 1, ""$Y"": 1}, {""$ARG1"": 1, ""$FUN"": 2, ""$N"": 2, ""$X"": 1, ""$Y"": 1}, {""$ARG1"": 1, ""$FUN"": 2, ""$N"": 2, ""$X"": 1, ""$Y"": 1}]",36,True,True,True,False,False,False,"C1,C2,C3","no_metavar,plain_metavar,unnamed_ellipsis"
/home/moscovin/Documents/eboss/semgrep-rules-aggregate/scrap/0xBugatti-SEMGREP10K/c__correctness.yaml,0xBugatti-SEMGREP10K,0,59,function-use-after-free,A6,Containment (exclusive),"category,confidence,cwe,cwe2021-top25,cwe2022-top25,id,impact,languages,likelihood,message,metadata,metavariable,metavariable-regex,pattern,pattern-either,pattern-inside,pattern-not-inside,patterns,references,regex,severity,subcategory,technology",False,True,True,True,True,False,False,"$ACCESSOR,$FUNC,$NUM,$VAR","$FUNC,$VAR","[{""$FUNC"": 2, ""$VAR"": 7}, {""$ACCESSOR"": 1, ""$FUNC"": 2, ""$VAR"": 7}, {""$ACCESSOR"": 1, ""$FUNC"": 2, ""$VAR"": 7}, {""$FUNC"": 2, ""$NUM"": 1, ""$VAR"": 7}]",7,False,True,True,False,True,False,"C2,C3,C5","B3.5_redundant_metavariable,deep_expression,plain_metavar,unnamed_ellipsis"
/home/moscovin/Documents/eboss/semgrep-rules-aggregate/scrap/0xBugatti-SEMGREP10K/c__correctness.yaml,0xBugatti-SEMGREP10K,0,60,insecure-use-printf-fn-2,A3,Conjunction / Intersection,"category,comparison,confidence,cwe,id,impact,languages,likelihood,message,metadata,metavariable,metavariable-comparison,pattern,pattern-either,patterns,references,severity,subcategory,technology",False,True,True,False,False,False,True,"$BUFFER,$FUNC,$NUM","$BUFFER,$NUM","[{""$BUFFER"": 2, ""$FUNC"": 1, ""$NUM"": 3}, {""$NUM"": 3}, {""$BUFFER"": 2, ""$FUNC"": 1, ""$NUM"": 3}, {""$NUM"": 3}, {""$BUFFER"": 2, ""$FUNC"": 1, ""$NUM"": 3}, {""$NUM"": 3}]",6,False,True,True,False,False,False,"C2,C3","plain_metavar,unnamed_ellipsis"
/home/moscovin/Documents/eboss/semgrep-rules-aggregate/scrap/0xBugatti-SEMGREP10K/c__correctness.yaml,0xBugatti-SEMGREP10K,0,61,use-after-free,A6,Containment (exclusive),"category,confidence,cwe,cwe2021-top25,cwe2022-top25,id,impact,languages,likelihood,message,metadata,pattern,pattern-either,pattern-inside,pattern-not-inside,patterns,references,severity,subcategory,technology",False,True,True,True,False,False,False,"$ACCESSOR,$NUM,$VAR",$VAR,"[{""$ACCESSOR"": 1, ""$VAR"": 6}, {""$ACCESSOR"": 1, ""$VAR"": 6}, {""$NUM"": 1, ""$VAR"": 6}]",6,False,True,True,False,False,False,"C2,C3","B3.5_redundant_metavariable,plain_metavar,unnamed_ellipsis"
/home/moscovin/Documents/eboss/semgrep-rules-aggregate/scrap/0xBugatti-SEMGREP10K/c__correctness.yaml,0xBugatti-SEMGREP10K,0,62,raptor-signed-unsigned-conversion-5,A2,Single or multiple positive pattern(s),"author,confidence,id,languages,message,metadata,pattern,pattern-either,references,severity",False,True,False,True,False,False,False,"$BUF,$CHAR,$CNT,$DST,$FD,$FL,$FS,$FUN,$LEN,$NITEMS,$PTR,$SD,$SIGNED,$SIZE,$SRC,$UNSIGNED",,"[{""$SIGNED"": 1, ""$UNSIGNED"": 1}, {""$FUN"": 1, ""$SIGNED"": 1}, {""$SIGNED"": 1, ""$UNSIGNED"": 1}, {""$FUN"": 1, ""$SIGNED"": 1}, {""$SIGNED"": 1, ""$UNSIGNED"": 1}, {""$FUN"": 1, ""$SIGNED"": 1}, {""$SIGNED"": 1, ""$UNSIGNED"": 1}, {""$FUN"": 1, ""$SIGNED"": 1}, {""$DST"": 1, ""$LEN"": 1, ""$SRC"": 1}, {""$DST"": 1, ""$LEN"": 1, ""$SRC"": 1}, {""$DST"": 1, ""$LEN"": 1, ""$SRC"": 1}, {""$DST"": 1, ""$LEN"": 1, ""$SRC"": 1}, {""$DST"": 1, ""$LEN"": 1, ""$SRC"": 1}, {""$BUF"": 1, ""$LEN"": 1}, {""$BUF"": 1, ""$LEN"": 1}, {""$BUF"": 1, ""$LEN"": 1}, {""$DST"": 1, ""$LEN"": 1, ""$SRC"": 1}, {""$CHAR"": 1, ""$DST"": 1, ""$LEN"": 1, ""$SRC"": 1}, {""$DST"": 1, ""$LEN"": 1, ""$SRC"": 1}, {""$CHAR"": 1, ""$DST"": 1, ""$LEN"": 1}, {""$DST"": 1, ""$LEN"": 1, ""$SRC"": 1}, {""$LEN"": 1}, {""$LEN"": 1}, {""$CNT"": 1, ""$LEN"": 1}, {""$CNT"": 1, ""$LEN"": 1}, {""$LEN"": 1, ""$PTR"": 1}, {""$BUF"": 1, ""$FD"": 1, ""$LEN"": 1}, {""$BUF"": 1, ""$FL"": 1, ""$LEN"": 1, ""$SD"": 1}, {""$BUF"": 1, ""$FL"": 1, ""$LEN"": 1, ""$SD"": 1}, {""$FS"": 1, ""$NITEMS"": 1, ""$PTR"": 1, ""$SIZE"": 1}, {""$SIGNED"": 1, ""$UNSIGNED"": 1}, {""$FUN"": 1, ""$UNSIGNED"": 1}, {""$SIGNED"": 1, ""$UNSIGNED"": 1}, {""$FUN"": 1, ""$UNSIGNED"": 1}, {""$SIGNED"": 1, ""$UNSIGNED"": 1}, {""$FUN"": 1, ""$UNSIGNED"": 1}, {""$SIGNED"": 1, ""$UNSIGNED"": 1}, {""$FUN"": 1, ""$UNSIGNED"": 1}]",38,False,True,True,False,True,False,"C2,C3,C5","B3.5_redundant_metavariable,deep_expression,plain_metavar,unnamed_ellipsis"
/home/moscovin/Documents/eboss/semgrep-rules-aggregate/scrap/0xBugatti-SEMGREP10K/c__correctness.yaml,0xBugatti-SEMGREP10K,0,63,raptor-write-into-stack-buffer-5,A5,Containment (inclusive),"author,confidence,id,languages,message,metadata,metavariable,metavariable-pattern,metavariable-regex,pattern,pattern-either,pattern-inside,pattern-not,patterns,references,regex,severity",False,True,True,False,True,True,False,"$ARG1,$BUF,$FMT,$FUN,$LEN,$SIZE,$TYPE","$ARG1,$BUF,$FMT,$FUN,$LEN","[{""$BUF"": 4, ""$FUN"": 4, ""$SIZE"": 1, ""$TYPE"": 1}, {""$BUF"": 4, ""$FUN"": 4, ""$SIZE"": 1, ""$TYPE"": 1}, {""$BUF"": 4, ""$FUN"": 4, ""$SIZE"": 1, ""$TYPE"": 1}, {""$BUF"": 4, ""$FUN"": 4, ""$SIZE"": 1, ""$TYPE"": 1}, {""$BUF"": 4, ""$FUN"": 4, ""$SIZE"": 1, ""$TYPE"": 1}, {""$BUF"": 4, ""$FUN"": 4, ""$SIZE"": 1, ""$TYPE"": 1}, {""$BUF"": 4, ""$FUN"": 4, ""$SIZE"": 1, ""$TYPE"": 1}, {""$BUF"": 4, ""$FUN"": 4, ""$SIZE"": 1, ""$TYPE"": 1}, {""$BUF"": 4, ""$FUN"": 4, ""$SIZE"": 1, ""$TYPE"": 1}, {""$BUF"": 4, ""$FUN"": 4, ""$SIZE"": 1, ""$TYPE"": 1}, {""$BUF"": 4, ""$FUN"": 4, ""$SIZE"": 1, ""$TYPE"": 1}, {""$BUF"": 4, ""$FUN"": 4, ""$SIZE"": 1, ""$TYPE"": 1}, {""$BUF"": 4, ""$FUN"": 4, ""$SIZE"": 1, ""$TYPE"": 1}, {""$BUF"": 4, ""$FUN"": 4, ""$SIZE"": 1, ""$TYPE"": 1}, {""$BUF"": 4, ""$FUN"": 4, ""$SIZE"": 1, ""$TYPE"": 1}, {""$BUF"": 4, ""$FUN"": 4, ""$SIZE"": 1, ""$TYPE"": 1}, {""$BUF"": 4, ""$FUN"": 4, ""$SIZE"": 1, ""$TYPE"": 1}, {""$BUF"": 4, ""$FUN"": 4, ""$SIZE"": 1, ""$TYPE"": 1}, {""$BUF"": 4, ""$FUN"": 4, ""$SIZE"": 1, ""$TYPE"": 1}, {""$BUF"": 4, ""$FUN"": 4, ""$SIZE"": 1, ""$TYPE"": 1}, {""$BUF"": 4, ""$FUN"": 4, ""$SIZE"": 1, ""$TYPE"": 1}, {""$BUF"": 4, ""$FUN"": 4, ""$SIZE"": 1, ""$TYPE"": 1}, {""$BUF"": 4, ""$FUN"": 4, ""$SIZE"": 1, ""$TYPE"": 1}, {""$BUF"": 3, ""$FMT"": 3, ""$FUN"": 3, ""$SIZE"": 1, ""$TYPE"": 1}, {""$BUF"": 3, ""$FMT"": 3, ""$FUN"": 3, ""$SIZE"": 1, ""$TYPE"": 1}, {""$BUF"": 3, ""$FMT"": 3, ""$FUN"": 3, ""$LEN"": 2, ""$SIZE"": 1, ""$TYPE"": 1}, {""$BUF"": 3, ""$FMT"": 3, ""$FUN"": 3, ""$LEN"": 2, ""$SIZE"": 1, ""$TYPE"": 1}, {""$BUF"": 3, ""$FUN"": 3, ""$SIZE"": 1, ""$TYPE"": 1}, {""$BUF"": 3, ""$FUN"": 3, ""$SIZE"": 1, ""$TYPE"": 1}, {""$BUF"": 3, ""$FUN"": 3, ""$SIZE"": 1, ""$TYPE"": 1}, {""$BUF"": 3, ""$FUN"": 3, ""$SIZE"": 1, ""$TYPE"": 1}, {""$BUF"": 3, ""$FUN"": 3, ""$SIZE"": 1, ""$TYPE"": 1}, {""$ARG1"": 2, ""$BUF"": 4, ""$FUN"": 4, ""$SIZE"": 1, ""$TYPE"": 1}, {""$ARG1"": 2, ""$BUF"": 3, ""$FUN"": 3, ""$SIZE"": 1, ""$TYPE"": 1}, {""$ARG1"": 2, ""$BUF"": 3, ""$FUN"": 3, ""$SIZE"": 1, ""$TYPE"": 1}, {""$ARG1"": 2, ""$BUF"": 3, ""$FUN"": 3, ""$SIZE"": 1, ""$TYPE"": 1}, {""$ARG1"": 2, ""$BUF"": 3, ""$FUN"": 3, ""$SIZE"": 1, ""$TYPE"": 1}]",51,True,True,True,False,False,False,"C1,C2,C3","no_metavar,plain_metavar,unnamed_ellipsis"
/home/moscovin/Documents/eboss/semgrep-rules-aggregate/scrap/0xBugatti-SEMGREP10K/c__correctness.yaml,0xBugatti-SEMGREP10K,0,64,c.lang.security.insecure-use-string-copy-fn.insecure-use-string-copy-fn,A2,Single or multiple positive pattern(s),"category,id,languages,license,message,metadata,pattern,pattern-either,references,severity,source,technology",True,False,False,False,False,False,False,,,[],2,True,False,True,False,False,False,"C1,C3","no_metavar,unnamed_ellipsis"
/home/moscovin/Documents/eboss/semgrep-rules-aggregate/scrap/0xBugatti-SEMGREP10K/c__correctness.yaml,0xBugatti-SEMGREP10K,0,65,c.lang.security.use-after-free.use-after-free,A4,Negation / Filtering,"category,id,languages,license,message,metadata,pattern,pattern-either,pattern-not,patterns,references,severity,source,technology",False,True,True,False,False,False,False,"$FUNC,$MEMBER,$VAR","$FUNC,$MEMBER,$VAR","[{""$FUNC"": 2, ""$VAR"": 6}, {""$FUNC"": 2, ""$MEMBER"": 2, ""$VAR"": 6}]",4,False,True,True,False,False,False,"C2,C3","plain_metavar,unnamed_ellipsis"
/home/moscovin/Documents/eboss/semgrep-rules-aggregate/scrap/0xBugatti-SEMGREP10K/c__correctness.yaml,0xBugatti-SEMGREP10K,0,66,arrays-passed-to-functions,A6,Containment (exclusive),"CWE-120,author,category,confidence,cwe,id,languages,message,metadata,metavariable,metavariable-regex,pattern,pattern-either,pattern-not,pattern-not-inside,patterns,references,regex,severity,technology,vulnerability_class",False,True,True,False,True,False,False,"$BUF,$CAST,$EXPR,$FUNC,$NUM,$OLD,$SIZE,$SIZE1,$SIZE2,$TYPE","$BUF,$FUNC,$SIZE","[{""$BUF"": 9, ""$EXPR"": 1, ""$FUNC"": 4, ""$SIZE"": 1, ""$TYPE"": 1}, {""$BUF"": 9, ""$FUNC"": 4, ""$SIZE"": 1, ""$TYPE"": 1}, {""$BUF"": 9, ""$EXPR"": 1, ""$FUNC"": 4, ""$TYPE"": 1}, {""$BUF"": 9, ""$FUNC"": 4, ""$SIZE1"": 1, ""$SIZE2"": 1, ""$TYPE"": 1}, {""$BUF"": 9, ""$CAST"": 1, ""$FUNC"": 4, ""$SIZE"": 1}, {""$BUF"": 9, ""$CAST"": 1, ""$FUNC"": 4, ""$NUM"": 1, ""$SIZE"": 1}, {""$BUF"": 9, ""$CAST"": 1, ""$FUNC"": 4, ""$OLD"": 1, ""$SIZE"": 1}, {""$BUF"": 6, ""$FUNC"": 4, ""$SIZE"": 1, ""$TYPE"": 1}, {""$BUF"": 6, ""$FUNC"": 4, ""$SIZE"": 2, ""$TYPE"": 1}, {""$BUF"": 5, ""$FUNC"": 4, ""$SIZE"": 1}, {""$BUF"": 5, ""$FUNC"": 4, ""$SIZE"": 1}]",31,False,True,True,False,False,False,"C2,C3","plain_metavar,unnamed_ellipsis"
/home/moscovin/Documents/eboss/semgrep-rules-aggregate/scrap/0xBugatti-SEMGREP10K/c__correctness.yaml,0xBugatti-SEMGREP10K,0,67,NULL-Pointer-Dereference,A5,Containment (inclusive),"author,category,confidence,cwe,id,languages,message,meta,metavariable,metavariable-regex,owasp,pattern,pattern-either,pattern-inside,pattern-not,patterns,references,regex,severity,technology,vulnerability_class",False,True,True,False,True,False,False,"$ARRAY,$DEST,$F,$FIELD,$FIELD1,$FIELD2,$FUNC,$INDEX,$PTR,$PTR1,$SIZE,$SRC,$TYPE,$TYPE2,$VAL","$ARRAY,$DEST,$FUNC,$INDEX,$PTR,$PTR1,$SRC","[{""$FIELD"": 1, ""$PTR"": 8, ""$TYPE"": 1}, {""$FUNC"": 1, ""$PTR"": 8, ""$TYPE"": 1}, {""$INDEX"": 1, ""$PTR"": 8, ""$TYPE"": 1}, {""$FIELD"": 1, ""$PTR"": 8, ""$TYPE"": 1, ""$VAL"": 1}, {""$FIELD"": 1, ""$PTR"": 8, ""$TYPE"": 1}, {""$FIELD"": 1, ""$PTR"": 8, ""$TYPE"": 1}, {""$FIELD"": 1, ""$PTR"": 6, ""$TYPE"": 1}, {""$FUNC"": 1, ""$PTR"": 6, ""$TYPE"": 1}, {""$INDEX"": 1, ""$PTR"": 6, ""$TYPE"": 1}, {""$FIELD"": 1, ""$PTR"": 6, ""$TYPE"": 1, ""$VAL"": 1}, {""$FIELD"": 1, ""$PTR"": 6, ""$TYPE"": 1}, {""$FIELD"": 1, ""$PTR"": 6, ""$TYPE"": 1}, {""$FIELD"": 1, ""$PTR"": 10, ""$TYPE"": 1}, {""$FIELD"": 1, ""$PTR"": 10, ""$TYPE"": 1, ""$VAL"": 1}, {""$FUNC"": 2, ""$PTR"": 10, ""$TYPE"": 1}, {""$FIELD"": 1, ""$PTR"": 10, ""$TYPE"": 1}, {""$INDEX"": 1, ""$PTR"": 10, ""$TYPE"": 1}, {""$FIELD"": 1, ""$FUNC"": 3, ""$PTR"": 10, ""$TYPE"": 1}, {""$FIELD"": 1, ""$FUNC"": 3, ""$PTR"": 10, ""$TYPE"": 1, ""$VAL"": 1}, {""$F"": 1, ""$FIELD"": 1, ""$PTR"": 8, ""$TYPE"": 1}, {""$F"": 1, ""$FUNC"": 1, ""$PTR"": 8, ""$TYPE"": 1}, {""$F"": 1, ""$INDEX"": 1, ""$PTR"": 8, ""$TYPE"": 1}, {""$F"": 1, ""$FIELD"": 1, ""$PTR"": 8, ""$TYPE"": 1, ""$VAL"": 1}, {""$F"": 1, ""$FIELD"": 1, ""$PTR"": 8, ""$TYPE"": 1}, {""$F"": 1, ""$FIELD"": 1, ""$PTR"": 8, ""$TYPE"": 1}, {""$F"": 1, ""$FUNC"": 1, ""$PTR"": 8, ""$TYPE"": 1}, {""$ARRAY"": 6, ""$F"": 1, ""$INDEX"": 1, ""$TYPE"": 1}, {""$ARRAY"": 7, ""$INDEX"": 2, ""$TYPE"": 1}, {""$ARRAY"": 7, ""$INDEX"": 6, ""$SIZE"": 1, ""$TYPE2"": 1}, {""$F"": 1, ""$FIELD1"": 1, ""$FIELD2"": 1, ""$PTR1"": 6, ""$TYPE"": 1}, {""$F"": 1, ""$FIELD1"": 1, ""$INDEX"": 1, ""$PTR1"": 6, ""$TYPE"": 1}, {""$F"": 1, ""$FIELD1"": 1, ""$INDEX"": 1, ""$PTR1"": 6, ""$TYPE"": 1}, {""$F"": 1, ""$PTR"": 6, ""$TYPE"": 1}, {""$FIELD"": 1, ""$PTR"": 2, ""$TYPE"": 1}, {""$FIELD"": 1, ""$PTR"": 2, ""$TYPE"": 1}, {""$FUNC"": 1, ""$PTR"": 2, ""$TYPE"": 1}, {""$FUNC"": 1, ""$PTR"": 2, ""$TYPE"": 1}, {""$PTR"": 4, ""$TYPE"": 1}, {""$DEST"": 7, ""$FUNC"": 3, ""$SRC"": 2, ""$TYPE"": 1}, {""$DEST"": 2, ""$FUNC"": 3, ""$SRC"": 7, ""$TYPE"": 1}]",160,False,True,True,False,False,False,"C2,C3","plain_metavar,unnamed_ellipsis"
/home/moscovin/Documents/eboss/semgrep-rules-aggregate/scrap/0xBugatti-SEMGREP10K/c__correctness.yaml,0xBugatti-SEMGREP10K,0,68,Stack-based-Buffer-Overflow,A4,Negation / Filtering,"author,category,confidence,cwe,id,languages,message,metadata,metavariable,metavariable-regex,owasp,pattern,pattern-either,pattern-not,patterns,references,regex,severity,technology,vulnerability_class",False,True,True,False,True,False,False,"$ARGS,$BUF,$COUNT,$DEST,$FMT,$FP,$LEN,$SRC","$ARGS,$BUF,$DEST,$FMT,$LEN,$SRC","[{""$BUF"": 1}, {""$BUF"": 5, ""$SRC"": 1}, {""$BUF"": 5, ""$SRC"": 1}, {""$BUF"": 3, ""$SRC"": 1}, {""$BUF"": 3, ""$SRC"": 1}, {""$BUF"": 3, ""$SRC"": 1}, {""$BUF"": 3, ""$SRC"": 1}, {""$BUF"": 3, ""$SRC"": 1}, {""$BUF"": 3, ""$SRC"": 1}, {""$BUF"": 3, ""$FMT"": 1}, {""$BUF"": 3, ""$FMT"": 1}, {""$ARGS"": 3, ""$BUF"": 3, ""$FMT"": 1}, {""$ARGS"": 3, ""$BUF"": 3, ""$FMT"": 1}, {""$BUF"": 1, ""$FMT"": 2}, {""$BUF"": 1, ""$FMT"": 2}, {""$BUF"": 1, ""$FMT"": 2, ""$FP"": 1}, {""$BUF"": 1, ""$FMT"": 2, ""$FP"": 1}, {""$BUF"": 1, ""$FMT"": 2, ""$SRC"": 1}, {""$BUF"": 1, ""$FMT"": 2, ""$SRC"": 1}, {""$BUF"": 1, ""$FMT"": 2}, {""$BUF"": 1, ""$FMT"": 2}, {""$BUF"": 1, ""$FMT"": 2, ""$FP"": 1}, {""$BUF"": 1, ""$FMT"": 2, ""$FP"": 1}, {""$BUF"": 1, ""$FMT"": 2, ""$SRC"": 1}, {""$BUF"": 1, ""$FMT"": 2, ""$SRC"": 1}, {""$DEST"": 7, ""$LEN"": 3, ""$SRC"": 3}, {""$DEST"": 7, ""$LEN"": 3, ""$SRC"": 3}, {""$DEST"": 5, ""$LEN"": 1, ""$SRC"": 3}, {""$DEST"": 5, ""$LEN"": 1, ""$SRC"": 3}, {""$COUNT"": 1, ""$DEST"": 5, ""$SRC"": 3}, {""$COUNT"": 1, ""$DEST"": 5, ""$SRC"": 3}, {""$COUNT"": 1, ""$DEST"": 5, ""$SRC"": 3}, {""$COUNT"": 1, ""$DEST"": 5, ""$SRC"": 3}]",56,False,True,True,False,False,False,"C2,C3","plain_metavar,unnamed_ellipsis"
/home/moscovin/Documents/eboss/semgrep-rules-aggregate/scrap/0xBugatti-SEMGREP10K/c__crypto.yaml,0xBugatti-SEMGREP10K,0,0,flawfinder.EVP_des_ecb-1.EVP_des_cbc-1.EVP_des_cfb-1.EVP_des_ofb-1.EVP_desx_cbc-1,A2,Single or multiple positive pattern(s),"category,cwe,id,languages,message,metadata,name,owasp,pattern,pattern-either,primary_identifier,secondary_identifiers,security-severity,severity,shortDescription,type,value",True,False,False,False,False,False,False,,,[],5,True,False,True,False,False,False,"C1,C3","no_metavar,unnamed_ellipsis"
/home/moscovin/Documents/eboss/semgrep-rules-aggregate/scrap/0xBugatti-SEMGREP10K/c__crypto.yaml,0xBugatti-SEMGREP10K,0,1,flawfinder.EVP_rc4_40-1.EVP_rc2_40_cbc-1.EVP_rc2_64_cbc-1,A2,Single or multiple positive pattern(s),"category,cwe,id,languages,message,metadata,name,owasp,pattern,pattern-either,primary_identifier,secondary_identifiers,security-severity,severity,shortDescription,type,value",True,False,False,False,False,False,False,,,[],3,True,False,True,False,False,False,"C1,C3","no_metavar,unnamed_ellipsis"
/home/moscovin/Documents/eboss/semgrep-rules-aggregate/scrap/0xBugatti-SEMGREP10K/c__crypto.yaml,0xBugatti-SEMGREP10K,0,2,flawfinder.crypt-1.crypt_r-1,A2,Single or multiple positive pattern(s),"category,cwe,id,languages,message,metadata,name,owasp,pattern,pattern-either,primary_identifier,secondary_identifiers,security-severity,severity,shortDescription,type,value",True,False,False,False,False,False,False,,,[],2,True,False,True,False,False,False,"C1,C3","no_metavar,unnamed_ellipsis"
/home/moscovin/Documents/eboss/semgrep-rules-aggregate/scrap/0xBugatti-SEMGREP10K/c__crypto.yaml,0xBugatti-SEMGREP10K,0,3,flawfinder.drand48-1.erand48-1.jrand48-1.lcong48-1.lrand48-1.mrand48-1.nrand48-1.random-1.seed48-1.setstate-1.srand-1.strfry-1.srandom-1.g_rand_boolean-1.g_rand_int-1.g_rand_int_range-1.g_rand_double-1.g_rand_double_range-1.g_random_boolean-1.g_random_int-1.g_random_int_range-1.g_random_double-1.g_random_double_range-1,A2,Single or multiple positive pattern(s),"category,cwe,id,languages,message,metadata,name,owasp,pattern,pattern-either,pattern-regex,primary_identifier,secondary_identifiers,security-severity,severity,shortDescription,type,value",True,False,False,False,False,False,False,,,[],24,True,False,True,False,False,False,"C1,C3","no_metavar,unnamed_ellipsis"
/home/moscovin/Documents/eboss/semgrep-rules-aggregate/scrap/0xBugatti-SEMGREP10K/c__crypto.yaml,0xBugatti-SEMGREP10K,0,4,raptor-insecure-api-rand-srand,A2,Single or multiple positive pattern(s),"author,confidence,id,languages,message,metadata,pattern,pattern-either,references,severity",True,False,False,False,False,False,False,,,[],2,True,False,True,False,False,False,"C1,C3","no_metavar,unnamed_ellipsis"
/home/moscovin/Documents/eboss/semgrep-rules-aggregate/scrap/0xBugatti-SEMGREP10K/c__crypto.yaml,0xBugatti-SEMGREP10K,0,5,random-fd-exhaustion,A4,Negation / Filtering,"category,confidence,cwe,id,impact,languages,likelihood,message,metadata,pattern,pattern-either,pattern-not,patterns,references,severity,subcategory,technology",False,True,True,False,False,False,False,"$BYTES_READ,$FD",$FD,"[{""$BYTES_READ"": 1, ""$FD"": 4}, {""$BYTES_READ"": 1, ""$FD"": 4}]",4,False,True,True,False,False,False,"C2,C3","plain_metavar,unnamed_ellipsis"
/home/moscovin/Documents/eboss/semgrep-rules-aggregate/scrap/0xBugatti-SEMGREP10K/c__crypto.yaml,0xBugatti-SEMGREP10K,0,6,raptor-incorrect-use-of-memset,A2,Single or multiple positive pattern(s),"author,category,confidence,cwe,id,impact,languages,likelihood,message,metadata,owasp,pattern,pattern-either,references,severity,subcategory,technology,vulnerability_class",False,True,True,False,False,False,False,$_,$_,"[{""$_"": 2}, {""$_"": 2}, {""$_"": 2}, {""$_"": 2}, {""$_"": 2}, {""$_"": 2}]",6,False,True,True,False,False,False,"C2,C3","plain_metavar,unnamed_ellipsis"
/home/moscovin/Documents/eboss/semgrep-rules-aggregate/scrap/0xBugatti-SEMGREP10K/c__crypto.yaml,0xBugatti-SEMGREP10K,0,7,raptor-insecure-api-rand-srand-2,A2,Single or multiple positive pattern(s),"author,category,confidence,cwe,id,impact,languages,likelihood,message,metadata,owasp,pattern,pattern-either,references,severity,subcategory,technology,vulnerability_class",True,False,False,False,False,False,False,,,[],11,True,False,True,False,False,False,"C1,C3","no_metavar,unnamed_ellipsis"
/home/moscovin/Documents/eboss/semgrep-rules-aggregate/scrap/0xBugatti-SEMGREP10K/c__crypto.yaml,0xBugatti-SEMGREP10K,0,8,raptor-memory-address-exposure,A3,Conjunction / Intersection,"author,category,confidence,cwe,id,impact,languages,likelihood,message,metadata,metavariable,metavariable-regex,owasp,pattern,pattern-either,patterns,references,regex,severity,subcategory,technology,vulnerability_class",False,True,True,False,True,False,False,"$FMT,$_","$FMT,$_","[{""$FMT"": 2}, {""$FMT"": 2}, {""$FMT"": 2}, {""$FMT"": 2}, {""$FMT"": 2}, {""$FMT"": 2}, {""$FMT"": 2}, {""$FMT"": 2}, {""$FMT"": 2}, {""$FMT"": 2}, {""$FMT"": 2}, {""$FMT"": 2}, {""$FMT"": 2}, {""$FMT"": 2, ""$_"": 1}, {""$FMT"": 2, ""$_"": 1}, {""$FMT"": 2, ""$_"": 1}, {""$FMT"": 2, ""$_"": 1}, {""$FMT"": 2, ""$_"": 1}, {""$FMT"": 2, ""$_"": 1}, {""$FMT"": 2, ""$_"": 1}, {""$FMT"": 2, ""$_"": 1}, {""$FMT"": 2, ""$_"": 1}, {""$FMT"": 2, ""$_"": 1}, {""$FMT"": 2, ""$_"": 1}, {""$FMT"": 2, ""$_"": 1}, {""$FMT"": 2, ""$_"": 1}, {""$FMT"": 2, ""$_"": 1}, {""$FMT"": 2, ""$_"": 1}, {""$FMT"": 2, ""$_"": 1}, {""$FMT"": 2, ""$_"": 1}, {""$FMT"": 2, ""$_"": 1}, {""$FMT"": 2, ""$_"": 1}, {""$FMT"": 2, ""$_"": 2}, {""$FMT"": 2, ""$_"": 2}, {""$FMT"": 2, ""$_"": 2}, {""$FMT"": 2, ""$_"": 2}, {""$FMT"": 2, ""$_"": 2}, {""$FMT"": 2, ""$_"": 2}]",38,False,True,True,False,False,False,"C2,C3","plain_metavar,unnamed_ellipsis"
/home/moscovin/Documents/eboss/semgrep-rules-aggregate/scrap/0xBugatti-SEMGREP10K/c__crypto.yaml,0xBugatti-SEMGREP10K,0,9,raptor-mismatched-memory-management-2,A6,Containment (exclusive),"author,category,confidence,cwe,id,impact,languages,likelihood,message,metadata,owasp,pattern,pattern-either,pattern-not-inside,patterns,references,severity,subcategory,technology,vulnerability_class",False,True,True,False,False,False,False,"$PTR,$_","$PTR,$_","[{""$PTR"": 9, ""$_"": 3}]",9,False,True,True,False,False,False,"C2,C3","plain_metavar,unnamed_ellipsis"
/home/moscovin/Documents/eboss/semgrep-rules-aggregate/scrap/0xBugatti-SEMGREP10K/c__crypto.yaml,0xBugatti-SEMGREP10K,0,10,v4.insecure-strcpy-usage,A2,Single or multiple positive pattern(s),"category,confidence,id,impact,languages,likelihood,message,metadata,pattern,severity,subcategory,technology",False,True,False,False,False,False,False,"$DEST,$SRC",,"[{""$DEST"": 1, ""$SRC"": 1}]",1,False,True,False,False,False,False,C2,plain_metavar
/home/moscovin/Documents/eboss/semgrep-rules-aggregate/scrap/0xBugatti-SEMGREP10K/c__crypto.yaml,0xBugatti-SEMGREP10K,0,11,encrypt-decrypt-function-name,A3,Conjunction / Intersection,"category,id,languages,message,metadata,metavariable,metavariable-regex,pattern,patterns,references,regex,severity",False,True,True,True,True,False,False,$FUNC,$FUNC,"[{""$FUNC"": 3}]",1,False,True,True,False,False,False,"C2,C3","B3.5_redundant_metavariable,plain_metavar,unnamed_ellipsis"
/home/moscovin/Documents/eboss/semgrep-rules-aggregate/scrap/0xBugatti-SEMGREP10K/c__dos.yaml,0xBugatti-SEMGREP10K,0,0,raptor-format-string-bugs,A4,Negation / Filtering,"author,confidence,id,languages,message,metadata,pattern,pattern-either,pattern-not,patterns,references,severity",False,True,False,False,False,False,False,"$ARG1,$ARG2,$FUN",,"[{""$FUN"": 1}, {""$FUN"": 1}, {""$FUN"": 1}, {""$FUN"": 1}, {""$FUN"": 1}, {""$FUN"": 1}, {""$FUN"": 1}, {""$FUN"": 1}, {""$FUN"": 1}, {""$FUN"": 1}, {""$FUN"": 1}, {""$FUN"": 1}, {""$FUN"": 1}, {""$FUN"": 1}, {""$FUN"": 1}, {""$FUN"": 1}, {""$FUN"": 1}, {""$ARG1"": 1, ""$FUN"": 1}, {""$ARG1"": 1, ""$FUN"": 1}, {""$ARG1"": 1, ""$FUN"": 1}, {""$ARG1"": 1, ""$FUN"": 1}, {""$ARG1"": 1, ""$FUN"": 1}, {""$ARG1"": 1, ""$FUN"": 1}, {""$ARG1"": 1, ""$FUN"": 1}, {""$ARG1"": 1, ""$FUN"": 1}, {""$ARG1"": 1, ""$FUN"": 1}, {""$ARG1"": 1, ""$FUN"": 1}, {""$ARG1"": 1, ""$FUN"": 1}, {""$ARG1"": 1, ""$FUN"": 1}, {""$ARG1"": 1, ""$FUN"": 1}, {""$ARG1"": 1, ""$FUN"": 1}, {""$ARG1"": 1, ""$FUN"": 1}, {""$ARG1"": 1, ""$FUN"": 1}, {""$ARG1"": 1, ""$FUN"": 1}, {""$ARG1"": 1, ""$FUN"": 1}, {""$ARG1"": 1, ""$FUN"": 1}, {""$ARG1"": 1, ""$FUN"": 1}, {""$ARG1"": 1, ""$FUN"": 1}, {""$ARG1"": 1, ""$FUN"": 1}, {""$ARG1"": 1, ""$FUN"": 1}, {""$ARG1"": 1, ""$FUN"": 1}, {""$ARG1"": 1, ""$FUN"": 1}, {""$ARG1"": 1, ""$FUN"": 1}, {""$ARG1"": 1, ""$FUN"": 1}, {""$ARG1"": 1, ""$ARG2"": 1, ""$FUN"": 1}, {""$ARG1"": 1, ""$ARG2"": 1, ""$FUN"": 1}, {""$ARG1"": 1, ""$ARG2"": 1, ""$FUN"": 1}, {""$ARG1"": 1, ""$ARG2"": 1, ""$FUN"": 1}, {""$ARG1"": 1, ""$ARG2"": 1, ""$FUN"": 1}, {""$ARG1"": 1, ""$ARG2"": 1, ""$FUN"": 1}]",53,True,True,True,False,False,False,"C1,C2,C3","no_metavar,plain_metavar,unnamed_ellipsis"
/home/moscovin/Documents/eboss/semgrep-rules-aggregate/scrap/0xBugatti-SEMGREP10K/c__dos.yaml,0xBugatti-SEMGREP10K,0,1,raptor-format-string-bugs-2,A4,Negation / Filtering,"author,category,confidence,cwe,id,impact,languages,likelihood,message,metadata,owasp,pattern,pattern-either,pattern-not,patterns,references,severity,subcategory,technology,vulnerability_class",False,True,True,False,False,False,False,$_,$_,"[{""$_"": 4}, {""$_"": 4}, {""$_"": 4}, {""$_"": 4}, {""$_"": 4}, {""$_"": 4}, {""$_"": 4}, {""$_"": 4}, {""$_"": 4}, {""$_"": 4}, {""$_"": 4}, {""$_"": 4}, {""$_"": 4}, {""$_"": 4}, {""$_"": 4}, {""$_"": 4}, {""$_"": 4}, {""$_"": 4}, {""$_"": 4}, {""$_"": 8}, {""$_"": 8}, {""$_"": 8}, {""$_"": 8}, {""$_"": 8}, {""$_"": 8}, {""$_"": 8}, {""$_"": 8}, {""$_"": 8}, {""$_"": 8}, {""$_"": 8}, {""$_"": 8}, {""$_"": 8}, {""$_"": 8}, {""$_"": 8}, {""$_"": 8}, {""$_"": 8}, {""$_"": 8}, {""$_"": 8}, {""$_"": 8}, {""$_"": 8}, {""$_"": 8}, {""$_"": 8}, {""$_"": 8}, {""$_"": 8}, {""$_"": 8}, {""$_"": 8}, {""$_"": 8}, {""$_"": 8}, {""$_"": 8}, {""$_"": 8}, {""$_"": 12}, {""$_"": 12}, {""$_"": 12}, {""$_"": 12}, {""$_"": 12}, {""$_"": 12}]",68,True,True,True,False,False,False,"C1,C2,C3","no_metavar,plain_metavar,unnamed_ellipsis"
/home/moscovin/Documents/eboss/semgrep-rules-aggregate/scrap/0xBugatti-SEMGREP10K/c__dos.yaml,0xBugatti-SEMGREP10K,0,2,raptor-regex-dos,A3,Conjunction / Intersection,"analyzer,author,category,confidence,cwe,focus-metavariable,id,impact,languages,likelihood,message,metadata,metavariable,metavariable-analysis,metavariable-pattern,owasp,pattern,pattern-either,patterns,references,severity,subcategory,technology,vulnerability_class",False,True,True,False,False,True,False,"$FUN,$REGEX,$STRING,$_","$FUN,$REGEX,$STRING,$_","[{""$FUN"": 2, ""$REGEX"": 3, ""$_"": 2}, {""$FUN"": 2, ""$REGEX"": 3, ""$_"": 2}, {""$FUN"": 2, ""$REGEX"": 3, ""$_"": 2}, {""$FUN"": 2, ""$REGEX"": 3, ""$_"": 2}, {""$FUN"": 2, ""$REGEX"": 3, ""$_"": 2}, {""$FUN"": 2, ""$REGEX"": 3, ""$_"": 2}, {""$FUN"": 2, ""$REGEX"": 3, ""$_"": 2}, {""$FUN"": 2, ""$REGEX"": 3, ""$_"": 2}, {""$FUN"": 2, ""$REGEX"": 3, ""$STRING"": 2, ""$_"": 2}, {""$FUN"": 2, ""$REGEX"": 3, ""$STRING"": 2, ""$_"": 2}, {""$FUN"": 2, ""$REGEX"": 3, ""$STRING"": 2, ""$_"": 2}, {""$FUN"": 2, ""$REGEX"": 3, ""$STRING"": 2, ""$_"": 2}, {""$FUN"": 2, ""$REGEX"": 3, ""$STRING"": 2, ""$_"": 2}, {""$FUN"": 2, ""$REGEX"": 3, ""$STRING"": 2, ""$_"": 2}, {""$FUN"": 2, ""$REGEX"": 3, ""$STRING"": 2, ""$_"": 2}, {""$FUN"": 2, ""$REGEX"": 3, ""$STRING"": 2, ""$_"": 2}]",10,True,True,True,False,False,False,"C1,C2,C3","no_metavar,plain_metavar,unnamed_ellipsis"
/home/moscovin/Documents/eboss/semgrep-rules-aggregate/scrap/0xBugatti-SEMGREP10K/c__dos.yaml,0xBugatti-SEMGREP10K,0,3,Memory-Allocation-with-Excessive-Size-Value,A6,Containment (exclusive),"author,category,confidence,cwe,id,languages,message,meta,metavariable,metavariable-regex,owasp,pattern,pattern-either,pattern-inside,pattern-not,pattern-not-inside,patterns,references,regex,severity,technology,vulnerability_class",False,True,True,False,True,False,False,"$A,$ARRAY,$B,$C,$COUNT,$FIELD,$FUNC,$IDX,$INDEX,$INPUT,$NUM,$OLD,$PTR,$PTR2,$READ_FUNC,$SIZE,$TYPE,$VAR","$COUNT,$FIELD,$NUM,$OLD,$PTR,$READ_FUNC,$SIZE,$TYPE,$VAR","[{""$IDX"": 1, ""$NUM"": 1, ""$PTR"": 1}, {""$IDX"": 1, ""$NUM"": 1, ""$PTR"": 1}, {""$IDX"": 1, ""$NUM"": 1, ""$PTR"": 1}, {""$IDX"": 1, ""$NUM"": 1, ""$PTR"": 1}, {""$IDX"": 1, ""$NUM"": 1, ""$PTR"": 1}, {""$IDX"": 1, ""$NUM"": 1, ""$PTR"": 1}, {""$IDX"": 1, ""$NUM"": 1, ""$PTR"": 1}, {""$IDX"": 1, ""$NUM"": 1, ""$PTR"": 1}, {""$IDX"": 1, ""$NUM"": 1, ""$PTR"": 1}, {""$IDX"": 1, ""$NUM"": 1, ""$PTR"": 1}, {""$IDX"": 1, ""$NUM"": 1, ""$PTR"": 1}, {""$IDX"": 1, ""$NUM"": 1, ""$PTR"": 1}, {""$IDX"": 1, ""$NUM"": 1, ""$PTR"": 2}, {""$IDX"": 1, ""$NUM"": 1, ""$PTR"": 2}, {""$IDX"": 1, ""$NUM"": 1, ""$PTR"": 2}, {""$NUM"": 1, ""$PTR"": 1, ""$READ_FUNC"": 2, ""$SIZE"": 2}, {""$COUNT"": 1, ""$NUM"": 1, ""$PTR"": 1, ""$READ_FUNC"": 2, ""$SIZE"": 2}, {""$NUM"": 1, ""$PTR"": 2, ""$READ_FUNC"": 2, ""$SIZE"": 2}, {""$FIELD"": 2, ""$NUM"": 1, ""$PTR"": 2}, {""$COUNT"": 1, ""$FIELD"": 2, ""$NUM"": 1, ""$PTR"": 2}, {""$FIELD"": 2, ""$NUM"": 1, ""$PTR"": 2}, {""$FIELD"": 2, ""$NUM"": 1, ""$PTR"": 2, ""$PTR2"": 1}, {""$ARRAY"": 1, ""$INDEX"": 1, ""$NUM"": 1, ""$PTR"": 1}, {""$ARRAY"": 1, ""$INDEX"": 1, ""$NUM"": 1, ""$PTR"": 1}, {""$ARRAY"": 1, ""$INDEX"": 1, ""$NUM"": 1, ""$PTR"": 1}, {""$ARRAY"": 1, ""$INDEX"": 1, ""$NUM"": 1, ""$PTR"": 2}, {""$FUNC"": 1, ""$NUM"": 1, ""$PTR"": 1, ""$SIZE"": 2, ""$TYPE"": 1}, {""$COUNT"": 1, ""$FUNC"": 1, ""$NUM"": 1, ""$PTR"": 1, ""$SIZE"": 2, ""$TYPE"": 1}, {""$FUNC"": 1, ""$NUM"": 1, ""$PTR"": 2, ""$SIZE"": 2, ""$TYPE"": 1}, {""$FUNC"": 1, ""$SIZE"": 2, ""$TYPE"": 3}, {""$FUNC"": 1, ""$IDX"": 1, ""$SIZE"": 1, ""$TYPE"": 3}, {""$FUNC"": 1, ""$IDX"": 1, ""$SIZE"": 1, ""$TYPE"": 3}, {""$FUNC"": 1, ""$IDX"": 1, ""$SIZE"": 1, ""$TYPE"": 3}, {""$A"": 1, ""$B"": 1, ""$NUM"": 4, ""$TYPE"": 1}, {""$A"": 1, ""$B"": 1, ""$C"": 1, ""$NUM"": 4, ""$TYPE"": 1}, {""$A"": 1, ""$B"": 1, ""$NUM"": 4, ""$TYPE"": 1}, {""$A"": 1, ""$B"": 1, ""$NUM"": 4, ""$TYPE"": 2}, {""$A"": 1, ""$B"": 1, ""$C"": 1, ""$NUM"": 4, ""$TYPE"": 2}, {""$COUNT"": 3, ""$OLD"": 3, ""$PTR"": 19, ""$SIZE"": 10}, {""$COUNT"": 4, ""$OLD"": 3, ""$PTR"": 19, ""$SIZE"": 10}, {""$COUNT"": 3, ""$OLD"": 4, ""$PTR"": 19, ""$SIZE"": 10}, {""$INPUT"": 1, ""$SIZE"": 2}, {""$COUNT"": 1, ""$INPUT"": 1, ""$SIZE"": 2}, {""$INPUT"": 1, ""$PTR"": 1, ""$SIZE"": 2}, {""$INPUT"": 1, ""$SIZE"": 2}, {""$COUNT"": 1, ""$INPUT"": 1, ""$SIZE"": 2}, {""$INPUT"": 1, ""$PTR"": 1, ""$SIZE"": 2}, {""$INPUT"": 1, ""$SIZE"": 2}, {""$COUNT"": 1, ""$INPUT"": 1, ""$SIZE"": 2}, {""$INPUT"": 1, ""$PTR"": 1, ""$SIZE"": 2}, {""$INPUT"": 1, ""$SIZE"": 2}, {""$COUNT"": 1, ""$INPUT"": 1, ""$SIZE"": 2}, {""$INPUT"": 1, ""$PTR"": 1, ""$SIZE"": 2}, {""$INPUT"": 1, ""$SIZE"": 2}, {""$COUNT"": 1, ""$INPUT"": 1, ""$SIZE"": 2}, {""$INPUT"": 1, ""$PTR"": 1, ""$SIZE"": 2}, {""$SIZE"": 1, ""$TYPE"": 3, ""$VAR"": 3}, {""$A"": 1, ""$B"": 1, ""$TYPE"": 3, ""$VAR"": 3}, {""$A"": 1, ""$B"": 1, ""$C"": 1, ""$TYPE"": 3, ""$VAR"": 3}, {""$SIZE"": 1}, {""$SIZE"": 1}, {""$A"": 1, ""$B"": 1, ""$NUM"": 2}, {""$A"": 1, ""$B"": 1, ""$NUM"": 2}, {""$PTR"": 2, ""$SIZE"": 1}]",108,True,True,True,False,True,False,"C1,C2,C3,C5","deep_expression,no_metavar,plain_metavar,unnamed_ellipsis"
/home/moscovin/Documents/eboss/semgrep-rules-aggregate/scrap/0xBugatti-SEMGREP10K/c__injection-other.yaml,0xBugatti-SEMGREP10K,0,0,flawfinder.MultiByteToWideChar-1,A2,Single or multiple positive pattern(s),"category,cwe,id,languages,message,metadata,name,owasp,pattern,primary_identifier,secondary_identifiers,security-severity,severity,shortDescription,type,value",True,False,False,False,False,False,False,,,[],1,True,False,True,False,False,False,"C1,C3","no_metavar,unnamed_ellipsis"
/home/moscovin/Documents/eboss/semgrep-rules-aggregate/scrap/0xBugatti-SEMGREP10K/c__injection-other.yaml,0xBugatti-SEMGREP10K,0,1,flawfinder.StrCat-1.StrCatA-1.StrcatW-1.lstrcatA-1.lstrcatW-1.strCatBuff-1.StrCatBuffA-1.StrCatBuffW-1.StrCatChainW-1._tccat-1._mbccat-1._ftcscat-1.StrCatN-1.StrCatNA-1.StrCatNW-1.StrNCat-1.StrNCatA-1.StrNCatW-1.lstrncat-1.lstrcatnA-1.lstrcatnW-1,A2,Single or multiple positive pattern(s),"category,cwe,id,languages,message,metadata,name,owasp,pattern,pattern-either,primary_identifier,secondary_identifiers,security-severity,severity,shortDescription,type,value",True,False,False,False,False,False,False,,,[],21,True,False,True,False,False,False,"C1,C3","no_metavar,unnamed_ellipsis"
/home/moscovin/Documents/eboss/semgrep-rules-aggregate/scrap/0xBugatti-SEMGREP10K/c__injection-other.yaml,0xBugatti-SEMGREP10K,0,2,flawfinder.fscanf-1.sscanf-1.vsscanf-1.vfscanf-1._ftscanf-1.fwscanf-1.vfwscanf-1.vswscanf-1,A2,Single or multiple positive pattern(s),"category,cwe,id,languages,message,metadata,name,owasp,pattern,pattern-either,primary_identifier,secondary_identifiers,security-severity,severity,shortDescription,type,value",True,False,False,False,False,False,False,,,[],8,True,False,True,False,False,False,"C1,C3","no_metavar,unnamed_ellipsis"
/home/moscovin/Documents/eboss/semgrep-rules-aggregate/scrap/0xBugatti-SEMGREP10K/c__injection-other.yaml,0xBugatti-SEMGREP10K,0,3,flawfinder.g_get_home_dir-1,A2,Single or multiple positive pattern(s),"category,cwe,id,languages,message,metadata,name,owasp,pattern,primary_identifier,secondary_identifiers,security-severity,severity,shortDescription,type,value",True,False,False,False,False,False,False,,,[],1,True,False,True,False,False,False,"C1,C3","no_metavar,unnamed_ellipsis"
/home/moscovin/Documents/eboss/semgrep-rules-aggregate/scrap/0xBugatti-SEMGREP10K/c__injection-other.yaml,0xBugatti-SEMGREP10K,0,4,flawfinder.g_get_tmp_dir-1,A2,Single or multiple positive pattern(s),"category,cwe,id,languages,message,metadata,name,owasp,pattern,primary_identifier,secondary_identifiers,security-severity,severity,shortDescription,type,value",True,False,False,False,False,False,False,,,[],1,True,False,True,False,False,False,"C1,C3","no_metavar,unnamed_ellipsis"
/home/moscovin/Documents/eboss/semgrep-rules-aggregate/scrap/0xBugatti-SEMGREP10K/c__injection-other.yaml,0xBugatti-SEMGREP10K,0,5,flawfinder.getenv-1.curl_getenv-1,A2,Single or multiple positive pattern(s),"category,cwe,id,languages,message,metadata,name,owasp,pattern,pattern-either,primary_identifier,secondary_identifiers,security-severity,severity,shortDescription,type,value",True,False,False,False,False,False,False,,,[],2,True,False,True,False,False,False,"C1,C3","no_metavar,unnamed_ellipsis"
/home/moscovin/Documents/eboss/semgrep-rules-aggregate/scrap/0xBugatti-SEMGREP10K/c__injection-other.yaml,0xBugatti-SEMGREP10K,0,6,flawfinder.gets-1._getts-1,A2,Single or multiple positive pattern(s),"category,cwe,id,languages,message,metadata,name,owasp,pattern,pattern-either,primary_identifier,secondary_identifiers,security-severity,severity,shortDescription,type,value",True,False,False,False,False,False,False,,,[],3,True,False,True,False,False,False,"C1,C3","no_metavar,unnamed_ellipsis"
/home/moscovin/Documents/eboss/semgrep-rules-aggregate/scrap/0xBugatti-SEMGREP10K/c__injection-other.yaml,0xBugatti-SEMGREP10K,0,7,flawfinder.getwd-1,A2,Single or multiple positive pattern(s),"category,cwe,id,languages,message,metadata,name,owasp,pattern,primary_identifier,secondary_identifiers,security-severity,severity,shortDescription,type,value",True,False,False,False,False,False,False,,,[],1,True,False,True,False,False,False,"C1,C3","no_metavar,unnamed_ellipsis"
/home/moscovin/Documents/eboss/semgrep-rules-aggregate/scrap/0xBugatti-SEMGREP10K/c__injection-other.yaml,0xBugatti-SEMGREP10K,0,8,flawfinder.lstrcat-1.wcscat-1._tcscat-1._mbscat-1,A2,Single or multiple positive pattern(s),"category,cwe,id,languages,message,metadata,name,owasp,pattern,pattern-either,primary_identifier,secondary_identifiers,security-severity,severity,shortDescription,type,value",True,False,False,False,False,False,False,,,[],4,True,False,True,False,False,False,"C1,C3","no_metavar,unnamed_ellipsis"
/home/moscovin/Documents/eboss/semgrep-rules-aggregate/scrap/0xBugatti-SEMGREP10K/c__injection-other.yaml,0xBugatti-SEMGREP10K,0,9,flawfinder.lstrcatn-1.wcsncat-1._tcsncat-1._mbsnbcat-1,A2,Single or multiple positive pattern(s),"category,cwe,id,languages,message,metadata,name,owasp,pattern,pattern-either,primary_identifier,secondary_identifiers,security-severity,severity,shortDescription,type,value",True,False,False,False,False,False,False,,,[],4,True,False,True,False,False,False,"C1,C3","no_metavar,unnamed_ellipsis"
/home/moscovin/Documents/eboss/semgrep-rules-aggregate/scrap/0xBugatti-SEMGREP10K/c__injection-other.yaml,0xBugatti-SEMGREP10K,0,10,flawfinder.lstrcpy-1.wcscpy-1._tcscpy-1._mbscpy-1,A2,Single or multiple positive pattern(s),"category,cwe,id,languages,message,metadata,name,owasp,pattern,pattern-either,primary_identifier,secondary_identifiers,security-severity,severity,shortDescription,type,value",True,False,False,False,False,False,False,,,[],4,True,False,True,False,False,False,"C1,C3","no_metavar,unnamed_ellipsis"
/home/moscovin/Documents/eboss/semgrep-rules-aggregate/scrap/0xBugatti-SEMGREP10K/c__injection-other.yaml,0xBugatti-SEMGREP10K,0,11,flawfinder.lstrcpyn-1.wcsncpy-1._tcsncpy-1._mbsnbcpy-1,A2,Single or multiple positive pattern(s),"category,cwe,id,languages,message,metadata,name,owasp,pattern,pattern-either,primary_identifier,secondary_identifiers,security-severity,severity,shortDescription,type,value",True,False,False,False,False,False,False,,,[],4,True,False,True,False,False,False,"C1,C3","no_metavar,unnamed_ellipsis"
/home/moscovin/Documents/eboss/semgrep-rules-aggregate/scrap/0xBugatti-SEMGREP10K/c__injection-other.yaml,0xBugatti-SEMGREP10K,0,12,flawfinder.memcpy-1.CopyMemory-1.bcopy-1,A2,Single or multiple positive pattern(s),"category,cwe,id,languages,message,metadata,name,owasp,pattern,pattern-either,primary_identifier,secondary_identifiers,security-severity,severity,shortDescription,type,value",True,False,False,False,False,False,False,,,[],3,True,False,True,False,False,False,"C1,C3","no_metavar,unnamed_ellipsis"
/home/moscovin/Documents/eboss/semgrep-rules-aggregate/scrap/0xBugatti-SEMGREP10K/c__injection-other.yaml,0xBugatti-SEMGREP10K,0,13,flawfinder.realpath-1,A2,Single or multiple positive pattern(s),"category,cwe,id,languages,message,metadata,name,owasp,pattern,primary_identifier,secondary_identifiers,security-severity,severity,shortDescription,type,value",True,False,False,False,False,False,False,,,[],1,True,False,True,False,False,False,"C1,C3","no_metavar,unnamed_ellipsis"
/home/moscovin/Documents/eboss/semgrep-rules-aggregate/scrap/0xBugatti-SEMGREP10K/c__injection-other.yaml,0xBugatti-SEMGREP10K,0,14,flawfinder.scanf-1.vscanf-1.wscanf-1._tscanf-1.vwscanf-1,A4,Negation / Filtering,"category,cwe,id,languages,message,metadata,name,owasp,pattern,pattern-either,pattern-not,patterns,primary_identifier,secondary_identifiers,security-severity,severity,shortDescription,type,value",False,True,False,False,False,False,False,$FMT,,"[{""$FMT"": 1}, {""$FMT"": 1}, {""$FMT"": 1}, {""$FMT"": 1}]",10,True,True,True,False,False,False,"C1,C2,C3","no_metavar,plain_metavar,unnamed_ellipsis"
/home/moscovin/Documents/eboss/semgrep-rules-aggregate/scrap/0xBugatti-SEMGREP10K/c__injection-other.yaml,0xBugatti-SEMGREP10K,0,15,flawfinder.sprintf-1.vsprintf-1.swprintf-1.vswprintf-1._stprintf-1._vstprintf-1,A2,Single or multiple positive pattern(s),"category,cwe,id,languages,message,metadata,name,owasp,pattern,pattern-either,primary_identifier,secondary_identifiers,security-severity,severity,shortDescription,type,value",True,False,False,False,False,False,False,,,[],6,True,False,True,False,False,False,"C1,C3","no_metavar,unnamed_ellipsis"
/home/moscovin/Documents/eboss/semgrep-rules-aggregate/scrap/0xBugatti-SEMGREP10K/c__injection-other.yaml,0xBugatti-SEMGREP10K,0,16,flawfinder.strcat-1,A2,Single or multiple positive pattern(s),"category,cwe,id,languages,message,metadata,name,owasp,pattern,primary_identifier,secondary_identifiers,security-severity,severity,shortDescription,type,value",True,False,False,False,False,False,False,,,[],1,True,False,True,False,False,False,"C1,C3","no_metavar,unnamed_ellipsis"
/home/moscovin/Documents/eboss/semgrep-rules-aggregate/scrap/0xBugatti-SEMGREP10K/c__injection-other.yaml,0xBugatti-SEMGREP10K,0,17,flawfinder.strccpy-1.strcadd-1,A2,Single or multiple positive pattern(s),"category,cwe,id,languages,message,metadata,name,owasp,pattern,pattern-either,primary_identifier,secondary_identifiers,security-severity,severity,shortDescription,type,value",True,False,False,False,False,False,False,,,[],2,True,False,True,False,False,False,"C1,C3","no_metavar,unnamed_ellipsis"
/home/moscovin/Documents/eboss/semgrep-rules-aggregate/scrap/0xBugatti-SEMGREP10K/c__injection-other.yaml,0xBugatti-SEMGREP10K,0,18,flawfinder.strcpy-1,A2,Single or multiple positive pattern(s),"category,cwe,id,languages,message,metadata,name,owasp,pattern,primary_identifier,secondary_identifiers,security-severity,severity,shortDescription,type,value",True,False,False,False,False,False,False,,,[],1,True,False,True,False,False,False,"C1,C3","no_metavar,unnamed_ellipsis"
/home/moscovin/Documents/eboss/semgrep-rules-aggregate/scrap/0xBugatti-SEMGREP10K/c__injection-other.yaml,0xBugatti-SEMGREP10K,0,19,flawfinder.strcpyA-1.strcpyW-1.StrCpy-1.StrCpyA-1.lstrcpyA-1.lstrcpyW-1._tccpy-1._mbccpy-1._ftcscpy-1._mbsncpy-1.StrCpyN-1.StrCpyNA-1.StrCpyNW-1.StrNCpy-1.strcpynA-1.StrNCpyA-1.StrNCpyW-1.lstrcpynA-1.lstrcpynW-1,A2,Single or multiple positive pattern(s),"category,cwe,id,languages,message,metadata,name,owasp,pattern,pattern-either,primary_identifier,secondary_identifiers,security-severity,severity,shortDescription,type,value",True,False,False,False,False,False,False,,,[],19,True,False,True,False,False,False,"C1,C3","no_metavar,unnamed_ellipsis"
/home/moscovin/Documents/eboss/semgrep-rules-aggregate/scrap/0xBugatti-SEMGREP10K/c__injection-other.yaml,0xBugatti-SEMGREP10K,0,20,flawfinder.streadd-1.strecpy-1,A2,Single or multiple positive pattern(s),"category,cwe,id,languages,message,metadata,name,owasp,pattern,pattern-either,primary_identifier,secondary_identifiers,security-severity,severity,shortDescription,type,value",True,False,False,False,False,False,False,,,[],2,True,False,True,False,False,False,"C1,C3","no_metavar,unnamed_ellipsis"
/home/moscovin/Documents/eboss/semgrep-rules-aggregate/scrap/0xBugatti-SEMGREP10K/c__injection-other.yaml,0xBugatti-SEMGREP10K,0,21,flawfinder.strlen-1.wcslen-1._tcslen-1._mbslen-1,A2,Single or multiple positive pattern(s),"category,cwe,id,languages,message,metadata,name,owasp,pattern,pattern-either,primary_identifier,secondary_identifiers,security-severity,severity,shortDescription,type,value",True,False,False,False,False,False,False,,,[],4,True,False,True,False,False,False,"C1,C3","no_metavar,unnamed_ellipsis"
/home/moscovin/Documents/eboss/semgrep-rules-aggregate/scrap/0xBugatti-SEMGREP10K/c__injection-other.yaml,0xBugatti-SEMGREP10K,0,22,flawfinder.strncat-1,A2,Single or multiple positive pattern(s),"category,cwe,id,languages,message,metadata,name,owasp,pattern,primary_identifier,secondary_identifiers,security-severity,severity,shortDescription,type,value",True,False,False,False,False,False,False,,,[],1,True,False,True,False,False,False,"C1,C3","no_metavar,unnamed_ellipsis"
/home/moscovin/Documents/eboss/semgrep-rules-aggregate/scrap/0xBugatti-SEMGREP10K/c__injection-other.yaml,0xBugatti-SEMGREP10K,0,23,flawfinder.strncpy-1,A2,Single or multiple positive pattern(s),"category,cwe,id,languages,message,metadata,name,owasp,pattern,primary_identifier,secondary_identifiers,security-severity,severity,shortDescription,type,value",True,False,False,False,False,False,False,,,[],1,True,False,True,False,False,False,"C1,C3","no_metavar,unnamed_ellipsis"
/home/moscovin/Documents/eboss/semgrep-rules-aggregate/scrap/0xBugatti-SEMGREP10K/c__injection-other.yaml,0xBugatti-SEMGREP10K,0,24,flawfinder.strtrns-1,A2,Single or multiple positive pattern(s),"category,cwe,id,languages,message,metadata,name,owasp,pattern,primary_identifier,secondary_identifiers,security-severity,severity,shortDescription,type,value",True,False,False,False,False,False,False,,,[],1,True,False,True,False,False,False,"C1,C3","no_metavar,unnamed_ellipsis"
/home/moscovin/Documents/eboss/semgrep-rules-aggregate/scrap/0xBugatti-SEMGREP10K/c__injection-other.yaml,0xBugatti-SEMGREP10K,0,25,flawfinder.fprintf-1.vfprintf-1._ftprintf-1._vftprintf-1.fwprintf-1.fvwprintf-1,A4,Negation / Filtering,"category,cwe,id,languages,message,metadata,name,owasp,pattern,pattern-either,pattern-not,patterns,primary_identifier,secondary_identifiers,security-severity,severity,shortDescription,type,value",False,True,True,False,False,False,False,"$ARGS,$FD,$FMT","$ARGS,$FD","[{""$FD"": 2, ""$FMT"": 1}, {""$ARGS"": 2, ""$FMT"": 1}, {""$FD"": 2, ""$FMT"": 1}, {""$FD"": 2, ""$FMT"": 1}, {""$FD"": 2, ""$FMT"": 1}]",10,False,True,True,False,False,False,"C2,C3","plain_metavar,unnamed_ellipsis"
/home/moscovin/Documents/eboss/semgrep-rules-aggregate/scrap/0xBugatti-SEMGREP10K/c__injection-other.yaml,0xBugatti-SEMGREP10K,0,26,flawfinder.printf-1.vprintf-1.vwprintf-1.vfwprintf-1._vtprintf-1.wprintf-1,A4,Negation / Filtering,"category,cwe,id,languages,message,metadata,name,owasp,pattern,pattern-either,pattern-not,patterns,primary_identifier,secondary_identifiers,security-severity,severity,shortDescription,type,value",False,True,True,False,False,False,False,"$FILE,$FMT",$FILE,"[{""$FMT"": 1}, {""$FMT"": 1}, {""$FILE"": 2, ""$FMT"": 1}, {""$FILE"": 2, ""$FMT"": 1}, {""$FMT"": 1}]",12,True,True,True,False,False,False,"C1,C2,C3","no_metavar,plain_metavar,unnamed_ellipsis"
/home/moscovin/Documents/eboss/semgrep-rules-aggregate/scrap/0xBugatti-SEMGREP10K/c__injection-other.yaml,0xBugatti-SEMGREP10K,0,27,flawfinder.snprintf-1.vsnprintf-1._snprintf-1._sntprintf-1._vsntprintf-1,A4,Negation / Filtering,"category,cwe,id,languages,message,metadata,name,owasp,pattern,pattern-either,pattern-not,patterns,primary_identifier,secondary_identifiers,security-severity,severity,shortDescription,type,value",False,True,True,False,False,False,False,"$BUF,$FMT,$SIZE,$VAR","$BUF,$FMT,$SIZE,$VAR","[{""$BUF"": 2, ""$FMT"": 1, ""$SIZE"": 2}, {""$BUF"": 2, ""$FMT"": 1, ""$SIZE"": 2}, {""$BUF"": 2, ""$FMT"": 2, ""$SIZE"": 2}, {""$FMT"": 1, ""$VAR"": 2}, {""$FMT"": 1, ""$VAR"": 2}]",10,False,True,True,False,False,False,"C2,C3","plain_metavar,unnamed_ellipsis"
/home/moscovin/Documents/eboss/semgrep-rules-aggregate/scrap/0xBugatti-SEMGREP10K/c__injection-other.yaml,0xBugatti-SEMGREP10K,0,28,flawfinder.syslog-1,A4,Negation / Filtering,"category,cwe,id,languages,message,metadata,name,owasp,pattern,pattern-either,pattern-not,patterns,primary_identifier,secondary_identifiers,security-severity,severity,shortDescription,type,value",False,True,True,False,False,False,False,$FUNC,$FUNC,"[{""$FUNC"": 2}]",2,False,True,True,False,False,False,"C2,C3","plain_metavar,unnamed_ellipsis"
/home/moscovin/Documents/eboss/semgrep-rules-aggregate/scrap/0xBugatti-SEMGREP10K/c__injection-other.yaml,0xBugatti-SEMGREP10K,0,29,flawfinder.memalign-1,A2,Single or multiple positive pattern(s),"category,cwe,id,languages,message,metadata,name,owasp,pattern,pattern-either,pattern-regex,primary_identifier,secondary_identifiers,security-severity,severity,shortDescription,type,value",True,False,False,False,False,False,False,,,[],2,True,False,True,False,False,False,"C1,C3","no_metavar,unnamed_ellipsis"
/home/moscovin/Documents/eboss/semgrep-rules-aggregate/scrap/0xBugatti-SEMGREP10K/c__injection-other.yaml,0xBugatti-SEMGREP10K,0,30,flawfinder.LoadLibrary-1,A2,Single or multiple positive pattern(s),"category,cwe,id,languages,message,metadata,name,owasp,pattern,primary_identifier,secondary_identifiers,security-severity,severity,shortDescription,type,value",True,False,False,False,False,False,False,,,[],1,True,False,True,False,False,False,"C1,C3","no_metavar,unnamed_ellipsis"
/home/moscovin/Documents/eboss/semgrep-rules-aggregate/scrap/0xBugatti-SEMGREP10K/c__injection-other.yaml,0xBugatti-SEMGREP10K,0,31,flawfinder.LoadLibraryEx-1,A2,Single or multiple positive pattern(s),"category,cwe,id,languages,message,metadata,name,owasp,pattern,primary_identifier,secondary_identifiers,security-severity,severity,shortDescription,type,value",True,False,False,False,False,False,False,,,[],1,True,False,True,False,False,False,"C1,C3","no_metavar,unnamed_ellipsis"
/home/moscovin/Documents/eboss/semgrep-rules-aggregate/scrap/0xBugatti-SEMGREP10K/c__injection-other.yaml,0xBugatti-SEMGREP10K,0,32,flawfinder.CreateProcess-1,A2,Single or multiple positive pattern(s),"category,cwe,id,languages,message,metadata,name,owasp,pattern,primary_identifier,secondary_identifiers,security-severity,severity,shortDescription,type,value",True,False,False,False,False,False,False,,,[],1,True,False,True,False,False,False,"C1,C3","no_metavar,unnamed_ellipsis"
/home/moscovin/Documents/eboss/semgrep-rules-aggregate/scrap/0xBugatti-SEMGREP10K/c__injection-other.yaml,0xBugatti-SEMGREP10K,0,33,flawfinder.CreateProcessAsUser-1.CreateProcessWithLogon-1,A2,Single or multiple positive pattern(s),"category,cwe,id,languages,message,metadata,name,owasp,pattern,pattern-either,primary_identifier,secondary_identifiers,security-severity,severity,shortDescription,type,value",True,False,False,False,False,False,False,,,[],2,True,False,True,False,False,False,"C1,C3","no_metavar,unnamed_ellipsis"
/home/moscovin/Documents/eboss/semgrep-rules-aggregate/scrap/0xBugatti-SEMGREP10K/c__injection-other.yaml,0xBugatti-SEMGREP10K,0,34,flawfinder.system-1,A2,Single or multiple positive pattern(s),"category,cwe,id,languages,message,metadata,name,owasp,pattern,primary_identifier,secondary_identifiers,security-severity,severity,shortDescription,type,value",True,False,False,False,False,False,False,,,[],1,True,False,True,False,False,False,"C1,C3","no_metavar,unnamed_ellipsis"
/home/moscovin/Documents/eboss/semgrep-rules-aggregate/scrap/0xBugatti-SEMGREP10K/c__injection-other.yaml,0xBugatti-SEMGREP10K,0,35,double-free,A5,Containment (inclusive),"category,confidence,cwe,focus-metavariable,id,impact,languages,likelihood,message,metadata,metavariable,metavariable-pattern,owasp,pattern,pattern-inside,pattern-not,patterns,references,severity,subcategory,technology",False,True,True,False,False,True,False,"$FREE,$VAR","$FREE,$VAR","[{""$FREE"": 3, ""$VAR"": 9}]",4,True,True,True,False,False,False,"C1,C2,C3","no_metavar,plain_metavar,unnamed_ellipsis"
/home/moscovin/Documents/eboss/semgrep-rules-aggregate/scrap/0xBugatti-SEMGREP10K/c__injection-other.yaml,0xBugatti-SEMGREP10K,0,36,Process-Control,A5,Containment (inclusive),"author,category,confidence,cwe,id,languages,message,metadata,metavariable,metavariable-pattern,metavariable-regex,owasp,pattern,pattern-either,pattern-inside,pattern-not,patterns,references,regex,severity,technology,vulnerability_class",False,True,True,False,True,True,False,"$APP,$ARG0,$ARG1,$ARG2,$BUF,$CMD,$DEST,$FILE,$FMT,$FUNC,$HANDLE,$HMODULE,$HWND,$IDX,$INFO,$INPUT,$NAME,$OBJ,$OP,$PATH,$PROC,$PROGRAM,$SIZE,$SRC,$STRING,$SYMBOL,$TYPE,$VALUE","$BUF,$CMD,$DEST,$FMT,$FUNC,$HANDLE,$HMODULE,$HWND,$OBJ,$OP,$SIZE","[{""$CMD"": 1, ""$FUNC"": 2}, {""$CMD"": 1, ""$FUNC"": 2}, {""$CMD"": 1, ""$FUNC"": 2}, {""$CMD"": 1, ""$FUNC"": 2}, {""$CMD"": 1, ""$FUNC"": 2}, {""$FUNC"": 2, ""$PATH"": 1}, {""$FUNC"": 2, ""$PATH"": 1}, {""$ARG0"": 1, ""$FUNC"": 2, ""$PATH"": 1}, {""$FUNC"": 2, ""$PATH"": 1}, {""$FUNC"": 2, ""$PATH"": 1}, {""$FUNC"": 2, ""$PATH"": 1}, {""$FUNC"": 2, ""$PATH"": 1}, {""$FUNC"": 2, ""$PATH"": 1}, {""$FUNC"": 2, ""$PATH"": 1}, {""$FUNC"": 2, ""$PATH"": 1}, {""$FUNC"": 2, ""$PATH"": 1}, {""$FUNC"": 2, ""$PATH"": 1}, {""$ARG0"": 1, ""$ARG1"": 1, ""$ARG2"": 1, ""$INPUT"": 1, ""$PATH"": 1}, {""$ARG0"": 1, ""$ARG1"": 1, ""$INPUT"": 1, ""$PATH"": 1}, {""$ARG0"": 1, ""$INPUT"": 1, ""$PATH"": 1}, {""$PATH"": 1}, {""$PATH"": 1}, {""$PATH"": 1}, {""$PATH"": 1}, {""$PATH"": 1}, {""$HANDLE"": 1}, {""$HANDLE"": 3, ""$SYMBOL"": 1}, {""$HMODULE"": 3, ""$PROC"": 1}, {""$HMODULE"": 2, ""$NAME"": 1}, {""$HMODULE"": 2, ""$NAME"": 1}, {""$NAME"": 1, ""$VALUE"": 1}, {""$STRING"": 1}, {""$STRING"": 1}, {""$STRING"": 1}, {""$NAME"": 1, ""$VALUE"": 1}, {""$NAME"": 1, ""$VALUE"": 1}, {""$CMD"": 1}, {""$OBJ"": 4, ""$PROGRAM"": 1}, {""$CMD"": 1, ""$OBJ"": 4}, {""$CMD"": 1, ""$OBJ"": 4}, {""$APP"": 1, ""$CMD"": 1, ""$HWND"": 2, ""$OP"": 2}, {""$APP"": 1, ""$CMD"": 1, ""$HWND"": 2, ""$OP"": 2}, {""$FILE"": 1, ""$HWND"": 3, ""$OP"": 3}, {""$FILE"": 1, ""$HWND"": 3, ""$OP"": 3}, {""$HWND"": 2, ""$INFO"": 1, ""$OP"": 2}, {""$HWND"": 2, ""$INFO"": 1, ""$OP"": 2}, {""$DEST"": 6, ""$SRC"": 1}, {""$DEST"": 6, ""$SRC"": 1}, {""$BUF"": 3, ""$FMT"": 2, ""$INPUT"": 1, ""$SIZE"": 1}, {""$BUF"": 3, ""$FMT"": 2, ""$INPUT"": 1, ""$SIZE"": 2}, {""$DEST"": 5, ""$SRC"": 1}, {""$DEST"": 5, ""$SRC"": 1}, {""$DEST"": 5, ""$SRC"": 1}, {""$CMD"": 2, ""$FUNC"": 3, ""$IDX"": 1, ""$TYPE"": 1}, {""$CMD"": 2, ""$FUNC"": 3, ""$TYPE"": 1}]",113,True,True,True,False,False,False,"C1,C2,C3","no_metavar,plain_metavar,unnamed_ellipsis"
/home/moscovin/Documents/eboss/semgrep-rules-aggregate/scrap/0xBugatti-SEMGREP10K/c__insecure-transport.yaml,0xBugatti-SEMGREP10K,0,0,openssl-verify-return,A3,Conjunction / Intersection,"id,languages,message,metadata,metavariable,metavariable-pattern,pattern,pattern-either,patterns,references,severity",False,True,True,True,False,True,False,$FUNC,$FUNC,"[{""$FUNC"": 3}, {""$FUNC"": 3}, {""$FUNC"": 3}, {""$FUNC"": 3}, {""$FUNC"": 3}, {""$FUNC"": 3}, {""$FUNC"": 3}, {""$FUNC"": 3}, {""$FUNC"": 3}, {""$FUNC"": 3}, {""$FUNC"": 3}, {""$FUNC"": 3}, {""$FUNC"": 3}, {""$FUNC"": 3}, {""$FUNC"": 3}, {""$FUNC"": 3}, {""$FUNC"": 3}, {""$FUNC"": 3}, {""$FUNC"": 3}, {""$FUNC"": 3}, {""$FUNC"": 3}, {""$FUNC"": 3}, {""$FUNC"": 3}, {""$FUNC"": 3}]",14,True,True,True,False,False,False,"C1,C2,C3","B3.5_redundant_metavariable,no_metavar,plain_metavar,unnamed_ellipsis"
/home/moscovin/Documents/eboss/semgrep-rules-aggregate/scrap/0xBugatti-SEMGREP10K/c__other.yaml,0xBugatti-SEMGREP10K,0,0,detect-strncpy-misuse,A3,Conjunction / Intersection,"fix,id,languages,message,pattern,patterns,severity",False,True,True,True,False,False,False,"$DST,$SIZE,$SRC","$DST,$SIZE,$SRC","[{""$DST"": 3, ""$SIZE"": 3, ""$SRC"": 2}]",1,False,True,False,False,False,False,C2,"B3.5_redundant_metavariable,plain_metavar"
/home/moscovin/Documents/eboss/semgrep-rules-aggregate/scrap/0xBugatti-SEMGREP10K/c__other.yaml,0xBugatti-SEMGREP10K,0,1,detect-unsafe-pointer-arithmetic,A3,Conjunction / Intersection,"fix,id,languages,message,pattern,patterns,severity",False,True,True,False,False,False,False,"$BUF_END,$OFFSET,$PTR","$OFFSET,$PTR","[{""$BUF_END"": 1, ""$OFFSET"": 3, ""$PTR"": 5}]",1,False,True,False,False,False,False,C2,plain_metavar
/home/moscovin/Documents/eboss/semgrep-rules-aggregate/scrap/0xBugatti-SEMGREP10K/c__other.yaml,0xBugatti-SEMGREP10K,0,2,raptor-insecure-api-mktemp-tmpnam-tempnam,A2,Single or multiple positive pattern(s),"author,confidence,id,languages,message,metadata,pattern,pattern-either,references,severity",True,False,False,False,False,False,False,,,[],3,True,False,True,False,False,False,"C1,C3","no_metavar,unnamed_ellipsis"
/home/moscovin/Documents/eboss/semgrep-rules-aggregate/scrap/0xBugatti-SEMGREP10K/c__other.yaml,0xBugatti-SEMGREP10K,0,3,raptor-interesting-api-calls,A2,Single or multiple positive pattern(s),"author,confidence,id,languages,message,metadata,pattern-either,pattern-regex,references,severity",True,False,False,False,False,False,False,,,[],39,True,False,False,False,False,False,C1,no_metavar
/home/moscovin/Documents/eboss/semgrep-rules-aggregate/scrap/0xBugatti-SEMGREP10K/c__other.yaml,0xBugatti-SEMGREP10K,0,4,raptor-interesting-api-calls-2,A3,Conjunction / Intersection,"author,confidence,id,languages,message,metadata,metavariable,metavariable-regex,pattern,pattern-either,patterns,references,regex,severity",False,True,True,False,True,False,False,$FUN,$FUN,"[{""$FUN"": 2}, {""$FUN"": 2}, {""$FUN"": 2}, {""$FUN"": 2}, {""$FUN"": 2}, {""$FUN"": 2}, {""$FUN"": 2}, {""$FUN"": 2}, {""$FUN"": 2}, {""$FUN"": 2}, {""$FUN"": 2}, {""$FUN"": 2}, {""$FUN"": 2}, {""$FUN"": 2}, {""$FUN"": 2}, {""$FUN"": 2}, {""$FUN"": 2}, {""$FUN"": 2}]",18,False,True,True,False,False,False,"C2,C3","plain_metavar,unnamed_ellipsis"
/home/moscovin/Documents/eboss/semgrep-rules-aggregate/scrap/0xBugatti-SEMGREP10K/c__other.yaml,0xBugatti-SEMGREP10K,0,5,raptor-off-by-one,A5,Containment (inclusive),"author,confidence,id,languages,message,metadata,metavariable,metavariable-pattern,pattern,pattern-either,pattern-inside,pattern-not,patterns,references,severity",False,True,True,False,False,True,False,"$BUF,$DST,$EXPR,$I,$LEN,$SIZE,$SRC,$TYPE,$VAL","$BUF,$EXPR,$I,$LEN,$SIZE","[{""$BUF"": 2, ""$EXPR"": 1}, {""$BUF"": 3, ""$EXPR"": 2, ""$SIZE"": 3, ""$TYPE"": 1}, {""$I"": 3, ""$SIZE"": 1}, {""$I"": 3, ""$SIZE"": 1, ""$TYPE"": 1}, {""$I"": 1, ""$SIZE"": 1}, {""$I"": 1, ""$SIZE"": 1}, {""$DST"": 1, ""$SRC"": 1}, {""$DST"": 1, ""$SRC"": 1}, {""$DST"": 1, ""$SRC"": 1}, {""$DST"": 1, ""$SRC"": 1}, {""$DST"": 1, ""$LEN"": 2, ""$SRC"": 1, ""$VAL"": 1}]",13,False,True,True,False,True,False,"C2,C3,C5","deep_expression,plain_metavar,unnamed_ellipsis"
/home/moscovin/Documents/eboss/semgrep-rules-aggregate/scrap/0xBugatti-SEMGREP10K/c__other.yaml,0xBugatti-SEMGREP10K,0,6,raptor-pointer-subtraction,A5,Containment (inclusive),"author,confidence,id,languages,message,metadata,pattern,pattern-either,pattern-inside,patterns,references,severity",False,True,True,False,False,False,False,"$EXPR1,$EXPR2,$PTR1,$PTR2,$PTR3,$TYPE","$PTR1,$PTR2,$TYPE","[{""$PTR1"": 1, ""$PTR2"": 1}, {""$PTR1"": 1, ""$PTR2"": 1}, {""$PTR1"": 1, ""$PTR2"": 1}, {""$PTR1"": 1, ""$PTR2"": 1}, {""$PTR1"": 2, ""$PTR2"": 2, ""$TYPE"": 2}, {""$EXPR1"": 1, ""$EXPR2"": 1, ""$PTR1"": 2, ""$PTR2"": 2, ""$TYPE"": 2}, {""$EXPR1"": 1, ""$PTR1"": 2, ""$PTR2"": 2, ""$TYPE"": 2}, {""$EXPR2"": 1, ""$PTR1"": 2, ""$PTR2"": 2, ""$TYPE"": 2}, {""$PTR1"": 2, ""$PTR2"": 2, ""$PTR3"": 1, ""$TYPE"": 2}, {""$PTR1"": 2, ""$PTR2"": 2, ""$PTR3"": 1, ""$TYPE"": 2}, {""$PTR1"": 2, ""$PTR2"": 2, ""$TYPE"": 2}, {""$EXPR1"": 1, ""$EXPR2"": 1, ""$PTR1"": 2, ""$PTR2"": 2, ""$TYPE"": 2}, {""$EXPR1"": 1, ""$PTR1"": 2, ""$PTR2"": 2, ""$TYPE"": 2}, {""$EXPR2"": 1, ""$PTR1"": 2, ""$PTR2"": 2, ""$TYPE"": 2}, {""$PTR1"": 2, ""$PTR2"": 2, ""$PTR3"": 1, ""$TYPE"": 2}, {""$PTR1"": 2, ""$PTR2"": 2, ""$PTR3"": 1, ""$TYPE"": 2}]",12,False,True,True,False,False,False,"C2,C3","plain_metavar,unnamed_ellipsis"
/home/moscovin/Documents/eboss/semgrep-rules-aggregate/scrap/0xBugatti-SEMGREP10K/c__other.yaml,0xBugatti-SEMGREP10K,0,7,raptor-unchecked-ret-scanf-etc,A6,Containment (exclusive),"author,confidence,id,languages,message,metadata,metavariable,metavariable-pattern,pattern,pattern-either,pattern-not-inside,patterns,references,severity",False,True,True,True,False,True,False,"$FUN,$RET,$VAL","$FUN,$VAL","[{""$FUN"": 16, ""$RET"": 1, ""$VAL"": 12}, {""$FUN"": 16, ""$RET"": 1, ""$VAL"": 12}, {""$FUN"": 16, ""$RET"": 1, ""$VAL"": 12}, {""$FUN"": 16, ""$RET"": 1, ""$VAL"": 12}, {""$FUN"": 16, ""$RET"": 1, ""$VAL"": 12}, {""$FUN"": 16, ""$RET"": 1, ""$VAL"": 12}, {""$FUN"": 16, ""$RET"": 1, ""$VAL"": 12}, {""$FUN"": 16, ""$RET"": 1, ""$VAL"": 12}, {""$FUN"": 16, ""$RET"": 1, ""$VAL"": 12}, {""$FUN"": 16, ""$RET"": 1, ""$VAL"": 12}, {""$FUN"": 16, ""$RET"": 1, ""$VAL"": 12}, {""$FUN"": 16, ""$RET"": 1, ""$VAL"": 12}]",27,True,True,True,False,True,False,"C1,C2,C3,C5","B3.5_redundant_metavariable,deep_expression,no_metavar,plain_metavar,unnamed_ellipsis"
/home/moscovin/Documents/eboss/semgrep-rules-aggregate/scrap/0xBugatti-SEMGREP10K/c__other.yaml,0xBugatti-SEMGREP10K,0,8,raptor-unsafe-ret-snprintf-vsnprintf,A2,Single or multiple positive pattern(s),"author,confidence,id,languages,message,metadata,pattern,pattern-either,references,severity",False,True,False,True,False,False,False,$RET,,"[{""$RET"": 1}, {""$RET"": 1}, {""$RET"": 1}, {""$RET"": 1}]",4,False,True,True,False,False,False,"C2,C3","B3.5_redundant_metavariable,plain_metavar,unnamed_ellipsis"
/home/moscovin/Documents/eboss/semgrep-rules-aggregate/scrap/0xBugatti-SEMGREP10K/c__other.yaml,0xBugatti-SEMGREP10K,0,9,Unsafe-switch-code WARNING check 1,A4,Negation / Filtering,"author,id,languages,message,metadata,pattern,pattern-either,pattern-not,patterns,severity",False,True,True,False,False,False,False,"$CASE,$V,$VALUE1,$VALUE2","$CASE,$V,$VALUE1,$VALUE2","[{""$CASE"": 9, ""$V"": 4, ""$VALUE1"": 9, ""$VALUE2"": 9}]",9,False,True,True,False,False,False,"C2,C3","plain_metavar,unnamed_ellipsis"
/home/moscovin/Documents/eboss/semgrep-rules-aggregate/scrap/0xBugatti-SEMGREP10K/c__other.yaml,0xBugatti-SEMGREP10K,0,10,Use-after-free WARNING check 3,A6,Containment (exclusive),"author,id,languages,message,metadata,pattern,pattern-not-inside,patterns,severity",False,True,True,True,False,False,False,"$PTR,$TYPE",$PTR,"[{""$PTR"": 3, ""$TYPE"": 1}]",2,False,True,True,False,False,False,"C2,C3","B3.5_redundant_metavariable,plain_metavar,unnamed_ellipsis"
/home/moscovin/Documents/eboss/semgrep-rules-aggregate/scrap/0xBugatti-SEMGREP10K/c__other.yaml,0xBugatti-SEMGREP10K,0,11,raptor-incorrect-use-of-free,A5,Containment (inclusive),"author,confidence,id,languages,message,metadata,pattern,pattern-either,pattern-inside,patterns,references,severity",False,True,True,False,False,False,False,"$ARR,$EXPR,$LEN,$PTR,$TYPE,$VAR","$ARR,$PTR,$VAR","[{""$LEN"": 1, ""$PTR"": 2, ""$TYPE"": 1}, {""$EXPR"": 1, ""$LEN"": 1, ""$PTR"": 2, ""$TYPE"": 1}, {""$ARR"": 2, ""$LEN"": 1, ""$PTR"": 2, ""$TYPE"": 1}, {""$ARR"": 2, ""$EXPR"": 1, ""$LEN"": 1, ""$PTR"": 2, ""$TYPE"": 1}, {""$TYPE"": 1, ""$VAR"": 2}, {""$EXPR"": 1, ""$TYPE"": 1, ""$VAR"": 2}, {""$LEN"": 1, ""$TYPE"": 1, ""$VAR"": 2}, {""$EXPR"": 1, ""$LEN"": 1, ""$TYPE"": 1, ""$VAR"": 2}, {""$TYPE"": 1, ""$VAR"": 2}, {""$EXPR"": 1, ""$TYPE"": 1, ""$VAR"": 2}]",12,False,True,True,False,False,False,"C2,C3","plain_metavar,unnamed_ellipsis"
/home/moscovin/Documents/eboss/semgrep-rules-aggregate/scrap/0xBugatti-SEMGREP10K/c__other.yaml,0xBugatti-SEMGREP10K,0,12,raptor-incorrect-use-of-strncat,A5,Containment (inclusive),"author,confidence,id,languages,message,metadata,pattern,pattern-either,pattern-inside,patterns,references,severity",False,True,True,False,False,False,False,"$DST,$EXPR,$LEN,$SRC,$TYPE","$DST,$LEN","[{""$DST"": 2, ""$LEN"": 2, ""$SRC"": 1, ""$TYPE"": 1}, {""$DST"": 2, ""$EXPR"": 1, ""$LEN"": 2, ""$SRC"": 1, ""$TYPE"": 1}, {""$DST"": 2, ""$SRC"": 1}, {""$DST"": 2, ""$SRC"": 1}, {""$DST"": 3, ""$SRC"": 1}]",6,False,True,True,False,False,False,"C2,C3","plain_metavar,unnamed_ellipsis"
/home/moscovin/Documents/eboss/semgrep-rules-aggregate/scrap/0xBugatti-SEMGREP10K/c__other.yaml,0xBugatti-SEMGREP10K,0,13,raptor-interesting-api-calls-3,A3,Conjunction / Intersection,"author,confidence,id,languages,message,metadata,metavariable,metavariable-regex,pattern,pattern-either,patterns,references,regex,severity",False,True,True,False,True,False,False,$FUN,$FUN,"[{""$FUN"": 2}, {""$FUN"": 2}, {""$FUN"": 2}, {""$FUN"": 2}, {""$FUN"": 2}, {""$FUN"": 2}, {""$FUN"": 2}, {""$FUN"": 2}, {""$FUN"": 2}, {""$FUN"": 2}, {""$FUN"": 2}, {""$FUN"": 2}, {""$FUN"": 2}, {""$FUN"": 2}, {""$FUN"": 2}, {""$FUN"": 2}, {""$FUN"": 2}, {""$FUN"": 2}]",18,False,True,True,False,False,False,"C2,C3","plain_metavar,unnamed_ellipsis"
/home/moscovin/Documents/eboss/semgrep-rules-aggregate/scrap/0xBugatti-SEMGREP10K/c__other.yaml,0xBugatti-SEMGREP10K,0,14,raptor-off-by-one-2,A5,Containment (inclusive),"author,confidence,id,languages,message,metadata,metavariable,metavariable-pattern,pattern,pattern-either,pattern-inside,pattern-not,patterns,references,severity",False,True,True,False,False,True,False,"$A,$B,$BUF,$DST,$EXPR,$LEN,$SRC,$STR,$TYPE,$VAL,$X,$Y","$BUF,$EXPR,$LEN,$STR,$X,$Y","[{""$BUF"": 2, ""$EXPR"": 1}, {""$BUF"": 3, ""$EXPR"": 2, ""$LEN"": 3, ""$TYPE"": 1}, {""$BUF"": 3, ""$EXPR"": 2, ""$LEN"": 3, ""$TYPE"": 1}, {""$A"": 1, ""$BUF"": 3, ""$EXPR"": 2, ""$TYPE"": 1, ""$X"": 2, ""$Y"": 3}, {""$B"": 1, ""$BUF"": 3, ""$EXPR"": 2, ""$TYPE"": 1, ""$X"": 3, ""$Y"": 2}, {""$DST"": 1, ""$SRC"": 1}, {""$DST"": 1, ""$SRC"": 1}, {""$DST"": 1, ""$SRC"": 1}, {""$DST"": 1, ""$SRC"": 1}, {""$DST"": 1, ""$LEN"": 2, ""$SRC"": 1, ""$VAL"": 1}, {""$STR"": 2}, {""$STR"": 1}]",16,False,True,True,False,False,False,"C2,C3","plain_metavar,unnamed_ellipsis"
/home/moscovin/Documents/eboss/semgrep-rules-aggregate/scrap/0xBugatti-SEMGREP10K/c__other.yaml,0xBugatti-SEMGREP10K,0,15,raptor-putenv-stack-var,A5,Containment (inclusive),"author,confidence,id,languages,message,metadata,pattern,pattern-either,pattern-inside,patterns,references,severity",False,True,True,True,False,False,False,"$ARR,$EXPR,$LEN,$PTR,$TYPE","$ARR,$PTR","[{""$LEN"": 1, ""$PTR"": 2, ""$TYPE"": 1}, {""$EXPR"": 1, ""$LEN"": 1, ""$PTR"": 2, ""$TYPE"": 1}, {""$ARR"": 2, ""$LEN"": 1, ""$PTR"": 2, ""$TYPE"": 1}, {""$ARR"": 2, ""$EXPR"": 1, ""$LEN"": 1, ""$PTR"": 2, ""$TYPE"": 1}]",5,False,True,True,False,False,False,"C2,C3","B3.5_redundant_metavariable,plain_metavar,unnamed_ellipsis"
/home/moscovin/Documents/eboss/semgrep-rules-aggregate/scrap/0xBugatti-SEMGREP10K/c__other.yaml,0xBugatti-SEMGREP10K,0,16,raptor-typos-2,A6,Containment (exclusive),"author,confidence,id,languages,message,metadata,metavariable,metavariable-regex,pattern,pattern-either,pattern-not-inside,patterns,references,regex,severity",False,True,True,False,True,False,False,"$ARR,$COND,$EXPR,$EXPR1,$EXPR2,$EXPR3,$EXPR4,$LEN,$PTR,$TYPE","$EXPR,$EXPR1,$EXPR2,$LEN","[{""$EXPR1"": 1, ""$EXPR2"": 1, ""$EXPR3"": 1, ""$EXPR4"": 1}, {""$EXPR"": 1, ""$EXPR1"": 1, ""$EXPR2"": 1}, {""$EXPR"": 6, ""$EXPR1"": 7, ""$EXPR2"": 7}, {""$EXPR"": 6, ""$EXPR1"": 7, ""$EXPR2"": 7}, {""$EXPR"": 6, ""$EXPR1"": 7, ""$EXPR2"": 7}, {""$EXPR1"": 1, ""$EXPR2"": 1}, {""$EXPR"": 2}, {""$EXPR"": 2}, {""$EXPR"": 2}, {""$EXPR"": 2}, {""$EXPR"": 2}, {""$EXPR"": 2}, {""$EXPR"": 2}, {""$EXPR"": 2}, {""$PTR"": 1}, {""$PTR"": 1}, {""$PTR"": 1}, {""$COND"": 1}, {""$EXPR1"": 1, ""$EXPR2"": 1, ""$EXPR3"": 1}, {""$ARR"": 1, ""$LEN"": 2, ""$TYPE"": 1}, {""$ARR"": 1, ""$EXPR"": 1, ""$LEN"": 2, ""$TYPE"": 1}]",43,True,True,True,False,True,False,"C1,C2,C3,C5","deep_expression,no_metavar,plain_metavar,unnamed_ellipsis"
/home/moscovin/Documents/eboss/semgrep-rules-aggregate/scrap/0xBugatti-SEMGREP10K/c__other.yaml,0xBugatti-SEMGREP10K,0,17,raptor-unchecked-ret-scanf-etc-2,A6,Containment (exclusive),"author,confidence,id,languages,message,metadata,metavariable,metavariable-pattern,pattern,pattern-either,pattern-not-inside,patterns,references,severity",False,True,True,True,False,True,False,"$FUN,$RET,$VAL","$FUN,$VAL","[{""$FUN"": 10, ""$RET"": 1, ""$VAL"": 6}, {""$FUN"": 10, ""$RET"": 1, ""$VAL"": 6}, {""$FUN"": 10, ""$RET"": 1, ""$VAL"": 6}, {""$FUN"": 10, ""$RET"": 1, ""$VAL"": 6}, {""$FUN"": 10, ""$RET"": 1, ""$VAL"": 6}, {""$FUN"": 10, ""$RET"": 1, ""$VAL"": 6}, {""$FUN"": 10, ""$RET"": 1, ""$VAL"": 6}, {""$FUN"": 10, ""$RET"": 1, ""$VAL"": 6}, {""$FUN"": 10, ""$RET"": 1, ""$VAL"": 6}, {""$FUN"": 10, ""$RET"": 1, ""$VAL"": 6}, {""$FUN"": 10, ""$RET"": 1, ""$VAL"": 6}, {""$FUN"": 10, ""$RET"": 1, ""$VAL"": 6}]",21,True,True,True,False,True,False,"C1,C2,C3,C5","B3.5_redundant_metavariable,deep_expression,no_metavar,plain_metavar,unnamed_ellipsis"
/home/moscovin/Documents/eboss/semgrep-rules-aggregate/scrap/0xBugatti-SEMGREP10K/c__other.yaml,0xBugatti-SEMGREP10K,0,18,raptor-incorrect-use-of-strncat-2,A5,Containment (inclusive),"author,confidence,id,languages,message,metadata,pattern,pattern-either,pattern-inside,patterns,references,severity",False,True,True,False,False,False,False,"$DST,$EXPR,$LEN,$SRC,$TYPE","$DST,$LEN","[{""$DST"": 2, ""$LEN"": 2, ""$SRC"": 1, ""$TYPE"": 1}, {""$DST"": 2, ""$EXPR"": 1, ""$LEN"": 2, ""$SRC"": 1, ""$TYPE"": 1}, {""$DST"": 2, ""$SRC"": 1}, {""$DST"": 3, ""$SRC"": 1}]",5,False,True,True,False,False,False,"C2,C3","plain_metavar,unnamed_ellipsis"
/home/moscovin/Documents/eboss/semgrep-rules-aggregate/scrap/0xBugatti-SEMGREP10K/c__other.yaml,0xBugatti-SEMGREP10K,0,19,raptor-interesting-api-calls-4,A3,Conjunction / Intersection,"author,confidence,id,languages,message,metadata,metavariable,metavariable-regex,pattern,pattern-either,patterns,references,regex,severity",False,True,True,False,True,False,False,$FUN,$FUN,"[{""$FUN"": 2}, {""$FUN"": 2}, {""$FUN"": 2}, {""$FUN"": 2}, {""$FUN"": 2}, {""$FUN"": 2}, {""$FUN"": 2}, {""$FUN"": 2}, {""$FUN"": 2}, {""$FUN"": 2}, {""$FUN"": 2}, {""$FUN"": 2}, {""$FUN"": 2}, {""$FUN"": 2}, {""$FUN"": 2}, {""$FUN"": 2}]",16,False,True,True,False,False,False,"C2,C3","plain_metavar,unnamed_ellipsis"
/home/moscovin/Documents/eboss/semgrep-rules-aggregate/scrap/0xBugatti-SEMGREP10K/c__other.yaml,0xBugatti-SEMGREP10K,0,20,raptor-off-by-one-3,A5,Containment (inclusive),"author,confidence,id,languages,message,metadata,metavariable,metavariable-pattern,pattern,pattern-either,pattern-inside,pattern-not,patterns,references,severity",False,True,True,False,False,True,False,"$BUF,$DST,$EXPR,$I,$LEN,$NUM,$SIZE,$SRC,$TYPE,$VAL","$BUF,$EXPR,$I,$LEN,$SIZE","[{""$BUF"": 2, ""$EXPR"": 1}, {""$BUF"": 3, ""$EXPR"": 2, ""$SIZE"": 3, ""$TYPE"": 1}, {""$BUF"": 3, ""$EXPR"": 2, ""$SIZE"": 3, ""$TYPE"": 1}, {""$I"": 3, ""$NUM"": 1, ""$SIZE"": 1}, {""$I"": 3, ""$NUM"": 1, ""$SIZE"": 1}, {""$I"": 3, ""$NUM"": 1, ""$SIZE"": 1, ""$TYPE"": 1}, {""$I"": 3, ""$NUM"": 1, ""$SIZE"": 1, ""$TYPE"": 1}, {""$I"": 1, ""$SIZE"": 1}, {""$I"": 1, ""$SIZE"": 1}, {""$DST"": 1, ""$SRC"": 1}, {""$DST"": 1, ""$SRC"": 1}, {""$DST"": 1, ""$SRC"": 1}, {""$DST"": 1, ""$SRC"": 1}, {""$DST"": 1, ""$LEN"": 2, ""$SRC"": 1, ""$VAL"": 1}]",17,False,True,True,False,True,False,"C2,C3,C5","deep_expression,plain_metavar,unnamed_ellipsis"
/home/moscovin/Documents/eboss/semgrep-rules-aggregate/scrap/0xBugatti-SEMGREP10K/c__other.yaml,0xBugatti-SEMGREP10K,0,21,arrays-out-of-bounds-access,A3,Conjunction / Intersection,"category,comparison,id,languages,message,metadata,metavariable,metavariable-comparison,pattern,pattern-either,patterns,severity",False,True,True,False,False,False,True,"$BUF,$INDEX,$SIZE,$TYPE,$VALUE,$VAR","$BUF,$INDEX,$SIZE","[{""$BUF"": 4, ""$INDEX"": 5, ""$SIZE"": 3, ""$TYPE"": 1, ""$VALUE"": 1}, {""$BUF"": 4, ""$INDEX"": 5, ""$SIZE"": 3, ""$TYPE"": 1, ""$VAR"": 1}]",2,False,True,True,False,False,False,"C2,C3","plain_metavar,unnamed_ellipsis"
/home/moscovin/Documents/eboss/semgrep-rules-aggregate/scrap/0xBugatti-SEMGREP10K/c__other.yaml,0xBugatti-SEMGREP10K,0,22,encode-decode-function-name,A3,Conjunction / Intersection,"category,id,languages,message,metadata,metavariable,metavariable-regex,pattern,patterns,references,regex,severity",False,True,True,True,True,False,False,$FUNC,$FUNC,"[{""$FUNC"": 3}]",1,False,True,True,False,False,False,"C2,C3","B3.5_redundant_metavariable,plain_metavar,unnamed_ellipsis"
/home/moscovin/Documents/eboss/semgrep-rules-aggregate/scrap/0xBugatti-SEMGREP10K/c__other.yaml,0xBugatti-SEMGREP10K,0,23,potentially-uninitialized-pointer,A6,Containment (exclusive),"category,id,languages,message,metadata,pattern,pattern-not-inside,patterns,severity",False,True,True,False,False,False,False,"$BUF,$FUNC,$SIZE,$TYPE,$VALUE","$BUF,$FUNC,$SIZE,$TYPE","[{""$BUF"": 6, ""$FUNC"": 2, ""$SIZE"": 2, ""$TYPE"": 2, ""$VALUE"": 1}]",2,False,True,True,False,False,False,"C2,C3","plain_metavar,unnamed_ellipsis"
/home/moscovin/Documents/eboss/semgrep-rules-aggregate/scrap/0xBugatti-SEMGREP10K/c__other.yaml,0xBugatti-SEMGREP10K,0,24,snprintf-insecure-use,A3,Conjunction / Intersection,"category,id,languages,message,metadata,pattern,pattern-either,patterns,references,severity",False,True,True,False,False,False,False,"$BUF,$LEN,$NULL,$P,$RET,$VAR","$BUF,$LEN,$RET","[{""$BUF"": 2, ""$RET"": 2, ""$VAR"": 1}, {""$LEN"": 2, ""$NULL"": 1, ""$P"": 1}]",2,False,True,True,False,False,False,"C2,C3","plain_metavar,unnamed_ellipsis"
/home/moscovin/Documents/eboss/semgrep-rules-aggregate/scrap/0xBugatti-SEMGREP10K/c__path-traversal.yaml,0xBugatti-SEMGREP10K,0,0,Relative-Path-Traversal,A5,Containment (inclusive),"author,category,confidence,cwe,id,languages,message,metadata,metavariable,metavariable-regex,owasp,pattern,pattern-either,pattern-inside,pattern-not,patterns,references,regex,severity,technology,vulnerability_class",False,True,True,False,True,False,False,"$BASE,$BUF,$DEST,$DST,$FILENAME,$FMT,$FUNC,$IDX,$INPUT,$NEW,$OLD,$PATH,$SIZE,$SRC,$TYPE,$VAR","$BUF,$DEST,$FMT,$FUNC,$PATH,$SIZE,$VAR","[{""$FUNC"": 7, ""$PATH"": 1}, {""$FUNC"": 7, ""$PATH"": 1}, {""$FUNC"": 7, ""$PATH"": 1}, {""$FUNC"": 7, ""$PATH"": 1}, {""$FUNC"": 7, ""$PATH"": 1}, {""$FUNC"": 7, ""$PATH"": 1}, {""$FUNC"": 7, ""$PATH"": 1}, {""$FUNC"": 7, ""$PATH"": 1}, {""$FUNC"": 7, ""$PATH"": 1}, {""$FUNC"": 7, ""$PATH"": 1}, {""$FUNC"": 7, ""$PATH"": 1}, {""$FUNC"": 7, ""$PATH"": 1}, {""$FUNC"": 7, ""$PATH"": 1}, {""$FUNC"": 7, ""$PATH"": 1}, {""$FUNC"": 7, ""$PATH"": 1}, {""$FUNC"": 7, ""$PATH"": 1}, {""$FUNC"": 7, ""$PATH"": 1}, {""$FUNC"": 7, ""$PATH"": 1}, {""$FUNC"": 7, ""$PATH"": 1}, {""$FUNC"": 7, ""$PATH"": 1}, {""$FUNC"": 7, ""$PATH"": 1}, {""$FUNC"": 7, ""$PATH"": 1}, {""$FUNC"": 7, ""$PATH"": 1}, {""$FUNC"": 7, ""$PATH"": 1}, {""$NEW"": 1, ""$OLD"": 1}, {""$NEW"": 1, ""$OLD"": 1}, {""$BUF"": 5, ""$FMT"": 2, ""$INPUT"": 1, ""$SIZE"": 2}, {""$BUF"": 5, ""$FMT"": 2, ""$INPUT"": 1, ""$SIZE"": 3}, {""$DEST"": 5, ""$SRC"": 1}, {""$DEST"": 5, ""$SRC"": 1}, {""$DEST"": 5, ""$SRC"": 1}, {""$DEST"": 5, ""$SRC"": 1}, {""$PATH"": 1}, {""$PATH"": 1}, {""$PATH"": 1}, {""$PATH"": 1}, {""$PATH"": 1}, {""$NEW"": 1, ""$OLD"": 1}, {""$DST"": 1, ""$SRC"": 1}, {""$BASE"": 1, ""$FILENAME"": 1, ""$VAR"": 2}, {""$BASE"": 1, ""$FILENAME"": 1, ""$VAR"": 2}, {""$BUF"": 2}, {""$BUF"": 2, ""$FMT"": 2}, {""$PATH"": 4}, {""$FUNC"": 3, ""$IDX"": 1, ""$PATH"": 2, ""$TYPE"": 1}, {""$FUNC"": 3, ""$PATH"": 2, ""$TYPE"": 1}]",93,True,True,True,False,False,False,"C1,C2,C3","no_metavar,plain_metavar,unnamed_ellipsis"
/home/moscovin/Documents/eboss/semgrep-rules-aggregate/scrap/0xBugatti-SEMGREP10K/c__performance.yaml,0xBugatti-SEMGREP10K,0,0,detect-memory-leak,A3,Conjunction / Intersection,"fix,id,languages,message,pattern,patterns,severity",False,True,True,True,False,False,False,"$PTR,$RESULT,$SIZE","$PTR,$RESULT","[{""$PTR"": 2, ""$RESULT"": 2, ""$SIZE"": 1}]",1,False,True,False,False,False,False,C2,"B3.5_redundant_metavariable,plain_metavar"
/home/moscovin/Documents/eboss/semgrep-rules-aggregate/scrap/0xBugatti-SEMGREP10K/c__performance.yaml,0xBugatti-SEMGREP10K,0,1,insecure-use-memset,A2,Single or multiple positive pattern(s),"category,confidence,cwe,fix,id,impact,languages,likelihood,message,metadata,owasp,pattern,references,severity,subcategory,technology",False,True,True,False,False,False,False,$...VARS,$...VARS,"[{""$...VARS"": 2}]",1,True,False,False,True,False,False,"C1,C4","ellipsis_metavar,no_metavar"
/home/moscovin/Documents/eboss/semgrep-rules-aggregate/scrap/0xBugatti-SEMGREP10K/c__secrets.yaml,0xBugatti-SEMGREP10K,0,0,raptor-high-entropy-assignment,A3,Conjunction / Intersection,"analyzer,author,category,confidence,cwe,id,impact,languages,likelihood,message,metadata,metavariable,metavariable-analysis,owasp,pattern,patterns,references,severity,subcategory,technology,vulnerability_class",False,True,True,True,False,False,False,"$X,$_",$X,"[{""$X"": 2, ""$_"": 1}]",1,False,True,False,False,False,False,C2,"B3.5_redundant_metavariable,plain_metavar"
/home/moscovin/Documents/eboss/semgrep-rules-aggregate/scrap/0xBugatti-SEMGREP10K/c__secrets.yaml,0xBugatti-SEMGREP10K,0,1,maswe-0001-c1-sensitive-data-logged,A3,Conjunction / Intersection,"category,checkId,confidence,id,languages,mastgRefs,masvs,masweId,message,metadata,metavariable,metavariable-regex,pattern,pattern-either,patterns,regex,severity",False,True,True,True,True,False,False,"$ARG,$FUNC",$ARG,"[{""$ARG"": 2, ""$FUNC"": 1}, {""$ARG"": 2, ""$FUNC"": 1}, {""$ARG"": 2, ""$FUNC"": 1}, {""$ARG"": 2, ""$FUNC"": 1}, {""$ARG"": 2, ""$FUNC"": 1}, {""$ARG"": 2, ""$FUNC"": 1}, {""$ARG"": 2, ""$FUNC"": 1}, {""$ARG"": 2, ""$FUNC"": 1}]",8,False,True,True,False,False,False,"C2,C3","B3.5_redundant_metavariable,plain_metavar,unnamed_ellipsis"
/home/moscovin/Documents/eboss/semgrep-rules-aggregate/scrap/0xBugatti-SEMGREP10K/c__security-misconfig.yaml,0xBugatti-SEMGREP10K,0,0,flawfinder.umask-1,A2,Single or multiple positive pattern(s),"category,cwe,id,languages,message,metadata,name,owasp,pattern,primary_identifier,secondary_identifiers,security-severity,severity,shortDescription,type,value",True,False,False,False,False,False,False,,,[],1,True,False,True,False,False,False,"C1,C3","no_metavar,unnamed_ellipsis"
/home/moscovin/Documents/eboss/semgrep-rules-aggregate/scrap/0xBugatti-SEMGREP10K/c__security-misconfig.yaml,0xBugatti-SEMGREP10K,0,1,flawfinder.chmod-1,A2,Single or multiple positive pattern(s),"category,cwe,id,languages,message,metadata,name,owasp,pattern,primary_identifier,secondary_identifiers,security-severity,severity,shortDescription,type,value",True,False,False,False,False,False,False,,,[],1,True,False,True,False,False,False,"C1,C3","no_metavar,unnamed_ellipsis"
/home/moscovin/Documents/eboss/semgrep-rules-aggregate/scrap/0xBugatti-SEMGREP10K/c__security-misconfig.yaml,0xBugatti-SEMGREP10K,0,2,info-leak-on-non-formated-string,A2,Single or multiple positive pattern(s),"category,confidence,cwe,id,impact,languages,likelihood,message,metadata,owasp,pattern,references,severity,subcategory,technology",False,True,False,False,False,False,False,$NUM,,"[{""$NUM"": 1}]",1,False,True,False,False,False,False,C2,plain_metavar
/home/moscovin/Documents/eboss/semgrep-rules-aggregate/scrap/0xBugatti-SEMGREP10K/c__security-misconfig.yaml,0xBugatti-SEMGREP10K,0,3,raptor-unchecked-ret-setuid-seteuid,A6,Containment (exclusive),"author,confidence,id,languages,message,metadata,pattern,pattern-either,pattern-not-inside,patterns,references,severity",False,True,True,False,False,False,False,"$RET,$VAL",$VAL,"[{""$RET"": 1, ""$VAL"": 3}, {""$RET"": 1, ""$VAL"": 3}]",14,True,True,True,False,True,False,"C1,C2,C3,C5","deep_expression,no_metavar,plain_metavar,unnamed_ellipsis"
/home/moscovin/Documents/eboss/semgrep-rules-aggregate/scrap/0xBugatti-SEMGREP10K/c__security-misconfig.yaml,0xBugatti-SEMGREP10K,0,4,raptor-unchecked-ret-setuid-seteuid-2,A6,Containment (exclusive),"author,confidence,id,languages,message,metadata,metavariable,metavariable-pattern,pattern,pattern-either,pattern-not-inside,patterns,references,severity",False,True,True,True,False,True,False,"$FUN,$RET,$VAL","$FUN,$VAL","[{""$FUN"": 11, ""$RET"": 1, ""$VAL"": 6}, {""$FUN"": 11, ""$RET"": 1, ""$VAL"": 6}]",12,True,True,True,False,True,False,"C1,C2,C3,C5","B3.5_redundant_metavariable,deep_expression,no_metavar,plain_metavar,unnamed_ellipsis"
/home/moscovin/Documents/eboss/semgrep-rules-aggregate/scrap/0xBugatti-SEMGREP10K/c__security-misconfig.yaml,0xBugatti-SEMGREP10K,0,5,raptor-unterminated-string-strncpy-stpncpy,A6,Containment (exclusive),"author,confidence,id,languages,message,metadata,pattern,pattern-either,pattern-not-inside,patterns,references,severity",False,True,True,False,False,False,False,"$DST,$N,$POS,$SRC","$DST,$N,$POS,$SRC","[{""$DST"": 6, ""$N"": 3, ""$POS"": 3, ""$SRC"": 3}, {""$DST"": 6, ""$N"": 3, ""$POS"": 3, ""$SRC"": 3}, {""$DST"": 6, ""$N"": 3, ""$POS"": 3, ""$SRC"": 3}, {""$DST"": 6, ""$N"": 3, ""$POS"": 3, ""$SRC"": 3}]",16,True,True,True,False,False,False,"C1,C2,C3","no_metavar,plain_metavar,unnamed_ellipsis"
/home/moscovin/Documents/eboss/semgrep-rules-aggregate/scrap/0xBugatti-SEMGREP10K/c__security-misconfig.yaml,0xBugatti-SEMGREP10K,0,6,raptor-unterminated-string-strncpy-stpncpy-2,A6,Containment (exclusive),"author,confidence,id,languages,message,metadata,metavariable,metavariable-pattern,pattern,pattern-either,pattern-not-inside,patterns,references,severity",False,True,True,True,False,True,False,"$DST,$FUN,$N,$POS,$SRC","$DST,$FUN,$N,$POS,$SRC","[{""$DST"": 6, ""$FUN"": 5, ""$N"": 3, ""$POS"": 3, ""$SRC"": 3}, {""$DST"": 6, ""$FUN"": 5, ""$N"": 3, ""$POS"": 3, ""$SRC"": 3}, {""$DST"": 6, ""$FUN"": 5, ""$N"": 3, ""$POS"": 3, ""$SRC"": 3}, {""$DST"": 6, ""$FUN"": 5, ""$N"": 3, ""$POS"": 3, ""$SRC"": 3}]",8,True,True,True,False,False,False,"C1,C2,C3","B3.5_redundant_metavariable,no_metavar,plain_metavar,unnamed_ellipsis"
/home/moscovin/Documents/eboss/semgrep-rules-aggregate/scrap/0xBugatti-SEMGREP10K/c__security-misconfig.yaml,0xBugatti-SEMGREP10K,0,7,Use-after-free WARNING check 1,A4,Negation / Filtering,"author,id,languages,message,metadata,pattern,pattern-not,patterns,severity",False,True,True,False,False,False,False,"$OFFSET,$PTR,$PTR1","$OFFSET,$PTR","[{""$OFFSET"": 2, ""$PTR"": 5, ""$PTR1"": 1}]",2,False,True,True,False,False,False,"C2,C3","plain_metavar,unnamed_ellipsis"
/home/moscovin/Documents/eboss/semgrep-rules-aggregate/scrap/0xBugatti-SEMGREP10K/c__security-misconfig.yaml,0xBugatti-SEMGREP10K,0,8,Use-after-free WARNING check 2,A4,Negation / Filtering,"author,id,languages,message,metadata,metavariable,metavariable-pattern,pattern,pattern-either,pattern-not,patterns,severity",False,True,True,False,False,True,False,"$FUN,$PTR,$PTR1","$FUN,$PTR","[{""$FUN"": 3, ""$PTR"": 5, ""$PTR1"": 1}, {""$FUN"": 3, ""$PTR"": 5, ""$PTR1"": 1}, {""$FUN"": 3, ""$PTR"": 5, ""$PTR1"": 1}, {""$FUN"": 3, ""$PTR"": 5, ""$PTR1"": 1}, {""$FUN"": 3, ""$PTR"": 5, ""$PTR1"": 1}, {""$FUN"": 3, ""$PTR"": 5, ""$PTR1"": 1}]",8,True,True,True,False,False,False,"C1,C2,C3","no_metavar,plain_metavar,unnamed_ellipsis"
/home/moscovin/Documents/eboss/semgrep-rules-aggregate/scrap/0xBugatti-SEMGREP10K/c__security-misconfig.yaml,0xBugatti-SEMGREP10K,0,9,raptor-incorrect-order-setuid-setgid,A6,Containment (exclusive),"author,category,confidence,cwe,id,impact,languages,likelihood,message,metadata,owasp,pattern,pattern-either,pattern-not,pattern-not-inside,patterns,references,severity,subcategory,technology,vulnerability_class",True,False,False,False,False,False,False,,,[],12,True,False,True,False,False,False,"C1,C3","no_metavar,unnamed_ellipsis"
/home/moscovin/Documents/eboss/semgrep-rules-aggregate/scrap/0xBugatti-SEMGREP10K/c__security-misconfig.yaml,0xBugatti-SEMGREP10K,0,10,raptor-suspicious-assert,A3,Conjunction / Intersection,"author,confidence,id,languages,message,metadata,metavariable,metavariable-regex,pattern,pattern-either,patterns,references,regex,severity",False,True,True,True,True,False,False,"$A,$ASSERT,$B",$ASSERT,"[{""$A"": 1, ""$ASSERT"": 2, ""$B"": 1}, {""$A"": 1, ""$ASSERT"": 2, ""$B"": 1}, {""$A"": 1, ""$ASSERT"": 2, ""$B"": 1}, {""$A"": 1, ""$ASSERT"": 2, ""$B"": 1}]",4,False,True,True,False,False,False,"C2,C3","B3.5_redundant_metavariable,plain_metavar,unnamed_ellipsis"
/home/moscovin/Documents/eboss/semgrep-rules-aggregate/scrap/0xBugatti-SEMGREP10K/c__security-misconfig.yaml,0xBugatti-SEMGREP10K,0,11,raptor-suspicious-assert-2,A3,Conjunction / Intersection,"author,category,confidence,cwe,id,impact,languages,likelihood,message,metadata,metavariable,metavariable-regex,owasp,pattern,pattern-either,patterns,references,regex,severity,subcategory,technology,vulnerability_class",False,True,True,False,True,False,False,"$ASSERT,$_","$ASSERT,$_","[{""$ASSERT"": 2, ""$_"": 2}, {""$ASSERT"": 2, ""$_"": 2}, {""$ASSERT"": 2, ""$_"": 2}, {""$ASSERT"": 2, ""$_"": 2}]",4,False,True,True,False,False,False,"C2,C3","plain_metavar,unnamed_ellipsis"
/home/moscovin/Documents/eboss/semgrep-rules-aggregate/scrap/0xBugatti-SEMGREP10K/c__security-misconfig.yaml,0xBugatti-SEMGREP10K,0,12,raptor-unchecked-ret-setuid-seteuid-3,A6,Containment (exclusive),"author,category,confidence,cwe,id,impact,languages,likelihood,message,metadata,metavariable,metavariable-pattern,owasp,pattern,pattern-either,pattern-not-inside,patterns,references,severity,subcategory,technology,vulnerability_class",False,True,True,True,False,True,False,"$FUN,$_","$FUN,$_","[{""$FUN"": 11, ""$_"": 7}, {""$FUN"": 11, ""$_"": 7}]",12,True,True,True,False,True,False,"C1,C2,C3,C5","B3.5_redundant_metavariable,deep_expression,no_metavar,plain_metavar,unnamed_ellipsis"
/home/moscovin/Documents/eboss/semgrep-rules-aggregate/scrap/0xBugatti-SEMGREP10K/c__security-misconfig.yaml,0xBugatti-SEMGREP10K,0,13,raptor-unterminated-string-strncpy,A6,Containment (exclusive),"author,category,confidence,cwe,id,impact,languages,likelihood,message,metadata,metavariable,metavariable-pattern,owasp,pattern,pattern-either,pattern-not-inside,patterns,references,severity,subcategory,technology,vulnerability_class",False,True,True,True,False,True,False,"$DST,$FUN,$_","$DST,$FUN,$_","[{""$DST"": 6, ""$FUN"": 5, ""$_"": 9}, {""$DST"": 6, ""$FUN"": 5, ""$_"": 9}, {""$DST"": 6, ""$FUN"": 5, ""$_"": 9}, {""$DST"": 6, ""$FUN"": 5, ""$_"": 9}, {""$DST"": 6, ""$FUN"": 5, ""$_"": 9}]",9,True,True,True,False,False,False,"C1,C2,C3","B3.5_redundant_metavariable,no_metavar,plain_metavar,unnamed_ellipsis"
/home/moscovin/Documents/eboss/semgrep-rules-aggregate/scrap/0xBugatti-SEMGREP10K/c__security-misconfig.yaml,0xBugatti-SEMGREP10K,0,14,raptor-suspicious-assert-3,A3,Conjunction / Intersection,"author,confidence,id,languages,message,metadata,metavariable,metavariable-regex,pattern,pattern-either,patterns,references,regex,severity",False,True,True,True,True,False,False,"$A,$ASSERT,$B",$ASSERT,"[{""$A"": 1, ""$ASSERT"": 2, ""$B"": 1}, {""$A"": 1, ""$ASSERT"": 2, ""$B"": 1}, {""$A"": 1, ""$ASSERT"": 2, ""$B"": 1}, {""$A"": 1, ""$ASSERT"": 2, ""$B"": 1}, {""$A"": 1, ""$ASSERT"": 2, ""$B"": 1}, {""$A"": 1, ""$ASSERT"": 2, ""$B"": 1}, {""$A"": 1, ""$ASSERT"": 2, ""$B"": 1}, {""$A"": 1, ""$ASSERT"": 2, ""$B"": 1}]",8,False,True,True,False,False,False,"C2,C3","B3.5_redundant_metavariable,plain_metavar,unnamed_ellipsis"
/home/moscovin/Documents/eboss/semgrep-rules-aggregate/scrap/0xBugatti-SEMGREP10K/c__security-misconfig.yaml,0xBugatti-SEMGREP10K,0,15,maswe-0001-c1-insecure-logging-api-objc,A2,Single or multiple positive pattern(s),"category,checkId,confidence,id,languages,mastgRefs,masvs,masweId,message,metadata,pattern,pattern-either,severity",True,False,False,False,False,False,False,,,[],4,True,False,True,False,False,False,"C1,C3","no_metavar,unnamed_ellipsis"
/home/moscovin/Documents/eboss/semgrep-rules-aggregate/scrap/0xBugatti-SEMGREP10K/c__security-misconfig.yaml,0xBugatti-SEMGREP10K,0,16,Possible-Race-Condition,A6,Containment (exclusive),"author,category,confidence,cwe,id,languages,message,metadata,metavariable,metavariable-regex,owasp,pattern,pattern-either,pattern-inside,pattern-not-inside,patterns,references,regex,severity,technology,vulnerability_class",False,True,True,False,True,False,False,"$ACT,$ALLOC,$ARG,$ARG1,$ARG2,$ARG_TYPE,$ATTR,$BUF,$CLOSE,$COMPARE,$COND,$EXPR,$FD,$FLAGS,$FP,$FUNC,$HANDLER,$INC,$INDEX,$INIT,$INSTANCE,$MEMBER,$MEMBER1,$MEMBER2,$METHOD,$MODE,$MUTEX,$NAME,$NEW_PATH,$OACT,$OBJ,$OBJ_TYPE,$OPERATION,$OTHER_MEMBER,$OVR,$PATH,$PTR,$RET_TYPE,$SIG,$SIZE,$STRING,$THREAD,$USE,$VALUE,$VAR,$WRITE","$ALLOC,$ARG,$ARG1,$ARG2,$ARG_TYPE,$ATTR,$CLOSE,$COMPARE,$COND,$FD,$FUNC,$HANDLER,$INC,$INDEX,$INIT,$INSTANCE,$MEMBER,$MEMBER1,$MEMBER2,$MODE,$NAME,$OBJ,$OBJ_TYPE,$OPERATION,$OTHER_MEMBER,$OVR,$PATH,$PTR,$RET_TYPE,$SIG,$THREAD,$USE,$VALUE,$VAR,$WRITE","[{""$FUNC"": 4, ""$MODE"": 2, ""$OPERATION"": 3, ""$PATH"": 9}, {""$FLAGS"": 1, ""$FUNC"": 4, ""$MODE"": 1, ""$OPERATION"": 3, ""$PATH"": 9}, {""$FUNC"": 4, ""$MODE"": 1, ""$OPERATION"": 3, ""$PATH"": 9}, {""$FUNC"": 4, ""$MODE"": 2, ""$OPERATION"": 3, ""$PATH"": 9}, {""$FUNC"": 4, ""$MODE"": 1, ""$NEW_PATH"": 1, ""$OPERATION"": 3, ""$PATH"": 9}, {""$BUF"": 1, ""$FUNC"": 4, ""$MODE"": 1, ""$OPERATION"": 3, ""$PATH"": 9}, {""$BUF"": 1, ""$FLAGS"": 1, ""$FUNC"": 4, ""$OPERATION"": 3, ""$PATH"": 9}, {""$BUF"": 1, ""$FUNC"": 4, ""$OPERATION"": 3, ""$PATH"": 9}, {""$BUF"": 1, ""$FUNC"": 4, ""$MODE"": 1, ""$OPERATION"": 3, ""$PATH"": 9}, {""$BUF"": 1, ""$FUNC"": 4, ""$NEW_PATH"": 1, ""$OPERATION"": 3, ""$PATH"": 9}, {""$BUF"": 1, ""$FUNC"": 4, ""$MODE"": 1, ""$OPERATION"": 3, ""$PATH"": 9}, {""$BUF"": 1, ""$FLAGS"": 1, ""$FUNC"": 4, ""$OPERATION"": 3, ""$PATH"": 9}, {""$BUF"": 1, ""$FUNC"": 4, ""$OPERATION"": 3, ""$PATH"": 9}, {""$BUF"": 1, ""$FUNC"": 4, ""$MODE"": 1, ""$OPERATION"": 3, ""$PATH"": 9}, {""$BUF"": 1, ""$FUNC"": 4, ""$NEW_PATH"": 1, ""$OPERATION"": 3, ""$PATH"": 9}, {""$VAR"": 5}, {""$VAR"": 5}, {""$VAR"": 5}, {""$VAR"": 5}, {""$EXPR"": 1, ""$VAR"": 5}, {""$EXPR"": 1, ""$VAR"": 5}, {""$VALUE"": 1, ""$VAR"": 5}, {""$VALUE"": 1, ""$VAR"": 5}, {""$VALUE"": 1, ""$VAR"": 5}, {""$VALUE"": 1, ""$VAR"": 5}, {""$VALUE"": 1, ""$VAR"": 5}, {""$ARG"": 3, ""$ATTR"": 3, ""$FUNC"": 3, ""$MUTEX"": 1, ""$THREAD"": 3}, {""$ARG"": 2, ""$ATTR"": 2, ""$FUNC"": 3, ""$MUTEX"": 1, ""$THREAD"": 2}, {""$ARG"": 2, ""$ATTR"": 2, ""$FUNC"": 3, ""$MUTEX"": 1, ""$THREAD"": 2}, {""$ARG"": 3, ""$ATTR"": 3, ""$FUNC"": 3, ""$MUTEX"": 1, ""$SIZE"": 1, ""$THREAD"": 2}, {""$MUTEX"": 1, ""$THREAD"": 2}, {""$MUTEX"": 1, ""$THREAD"": 2}, {""$MUTEX"": 1, ""$THREAD"": 2}, {""$COND"": 1, ""$PTR"": 17, ""$USE"": 4}, {""$COND"": 3, ""$PTR"": 8}, {""$CLOSE"": 4, ""$COND"": 2, ""$FD"": 5}, {""$CLOSE"": 4, ""$COND"": 2, ""$FD"": 4, ""$FP"": 1}, {""$NAME"": 2, ""$OVR"": 2, ""$VALUE"": 2}, {""$NAME"": 1, ""$OVR"": 1, ""$STRING"": 1, ""$VALUE"": 1}, {""$NAME"": 2, ""$OVR"": 1, ""$VALUE"": 1}, {""$HANDLER"": 2, ""$SIG"": 2}, {""$ACT"": 1, ""$HANDLER"": 1, ""$OACT"": 1, ""$SIG"": 2}, {""$ALLOC"": 3, ""$INSTANCE"": 7}, {""$FUNC"": 3, ""$MEMBER"": 3, ""$METHOD"": 1, ""$OBJ"": 4}, {""$FUNC"": 3, ""$MEMBER"": 3, ""$METHOD"": 1, ""$OBJ"": 4}, {""$FUNC"": 3, ""$MEMBER"": 4, ""$OBJ"": 4}, {""$FUNC"": 3, ""$MEMBER"": 4, ""$OBJ"": 4}, {""$ARG"": 2, ""$ARG_TYPE"": 2, ""$MEMBER"": 7, ""$OBJ"": 13, ""$OBJ_TYPE"": 4, ""$OTHER_MEMBER"": 2, ""$RET_TYPE"": 2}, {""$ARG"": 4, ""$ARG_TYPE"": 4, ""$CLOSE"": 3, ""$COND"": 2, ""$MEMBER"": 8, ""$OBJ"": 14, ""$OBJ_TYPE"": 4, ""$OTHER_MEMBER"": 2, ""$WRITE"": 2}, {""$ALLOC"": 4, ""$ARG"": 4, ""$ARG1"": 4, ""$ARG2"": 4, ""$ARG_TYPE"": 6, ""$COMPARE"": 2, ""$COND"": 2, ""$INC"": 2, ""$INDEX"": 4, ""$INIT"": 2, ""$MEMBER"": 11, ""$MEMBER1"": 2, ""$MEMBER2"": 2, ""$OBJ"": 23, ""$OBJ_TYPE"": 4, ""$OTHER_MEMBER"": 4}, {""$MEMBER"": 7, ""$OBJ"": 15, ""$OBJ_TYPE"": 4, ""$OTHER_MEMBER"": 2}]",87,False,True,True,False,False,False,"C2,C3","plain_metavar,unnamed_ellipsis"
/home/moscovin/Documents/eboss/semgrep-rules-aggregate/scrap/0xBugatti-SEMGREP10K/c__security-other.yaml,0xBugatti-SEMGREP10K,0,0,c.lang.security.insecure-use-scanf-fn.insecure-use-scanf-fn,A2,Single or multiple positive pattern(s),"category,id,languages,license,message,metadata,pattern,references,severity,source,technology",True,False,False,False,False,False,False,,,[],1,True,False,True,False,False,False,"C1,C3","no_metavar,unnamed_ellipsis"
/home/moscovin/Documents/eboss/semgrep-rules-aggregate/scrap/0xBugatti-SEMGREP10K/c__security-other.yaml,0xBugatti-SEMGREP10K,0,1,c.lang.security.insecure-use-strtok-fn.insecure-use-strtok-fn,A2,Single or multiple positive pattern(s),"category,id,languages,license,message,metadata,pattern,references,severity,source,technology",True,False,False,False,False,False,False,,,[],1,True,False,True,False,False,False,"C1,C3","no_metavar,unnamed_ellipsis"
/home/moscovin/Documents/eboss/semgrep-rules-aggregate/scrap/0xBugatti-SEMGREP10K/c__security-other.yaml,0xBugatti-SEMGREP10K,0,2,raptor-insecure-api-alloca,A2,Single or multiple positive pattern(s),"author,category,confidence,cwe,id,impact,languages,likelihood,message,metadata,owasp,pattern,references,severity,subcategory,technology,vulnerability_class",True,False,False,False,False,False,False,,,[],1,True,False,True,False,False,False,"C1,C3","no_metavar,unnamed_ellipsis"
/home/moscovin/Documents/eboss/semgrep-rules-aggregate/scrap/0xBugatti-SEMGREP10K/c__security-other.yaml,0xBugatti-SEMGREP10K,0,3,raptor-unchecked-ret-scanf,A6,Containment (exclusive),"author,category,confidence,cwe,id,impact,languages,likelihood,message,metadata,metavariable,metavariable-pattern,owasp,pattern,pattern-either,pattern-not-inside,patterns,references,severity,subcategory,technology,vulnerability_class",False,True,True,True,False,True,False,"$FUN,$_","$FUN,$_","[{""$FUN"": 16, ""$_"": 13}, {""$FUN"": 16, ""$_"": 13}, {""$FUN"": 16, ""$_"": 13}, {""$FUN"": 16, ""$_"": 13}, {""$FUN"": 16, ""$_"": 13}, {""$FUN"": 16, ""$_"": 13}, {""$FUN"": 16, ""$_"": 13}, {""$FUN"": 16, ""$_"": 13}, {""$FUN"": 16, ""$_"": 13}, {""$FUN"": 16, ""$_"": 13}, {""$FUN"": 16, ""$_"": 13}, {""$FUN"": 16, ""$_"": 13}, {""$FUN"": 16, ""$_"": 13}, {""$FUN"": 16, ""$_"": 13}, {""$FUN"": 16, ""$_"": 13}, {""$FUN"": 16, ""$_"": 13}, {""$FUN"": 16, ""$_"": 13}, {""$FUN"": 16, ""$_"": 13}]",33,True,True,True,False,True,False,"C1,C2,C3,C5","B3.5_redundant_metavariable,deep_expression,no_metavar,plain_metavar,unnamed_ellipsis"
/home/moscovin/Documents/eboss/semgrep-rules-aggregate/scrap/0xBugatti-SEMGREP10K/c__sqli.yaml,0xBugatti-SEMGREP10K,0,0,raptor-insecure-api-access-stat-lstat,A2,Single or multiple positive pattern(s),"author,confidence,id,languages,message,metadata,pattern,pattern-either,references,severity",True,False,False,False,False,False,False,,,[],3,True,False,True,False,False,False,"C1,C3","no_metavar,unnamed_ellipsis"
/home/moscovin/Documents/eboss/semgrep-rules-aggregate/scrap/0xBugatti-SEMGREP10K/c__sqli.yaml,0xBugatti-SEMGREP10K,0,1,variable-printf-fmt,A4,Negation / Filtering,"category,id,languages,message,metadata,pattern,pattern-either,pattern-not,patterns,references,severity,technology",False,True,False,False,False,False,False,"$DEST,$SZ",,"[{""$DEST"": 1}, {""$DEST"": 1}, {""$DEST"": 1}, {""$DEST"": 1, ""$SZ"": 1}, {""$DEST"": 1}, {""$DEST"": 1}, {""$DEST"": 1}, {""$DEST"": 1, ""$SZ"": 1}, {""$DEST"": 1}]",22,True,True,True,False,False,False,"C1,C2,C3","no_metavar,plain_metavar,unnamed_ellipsis"
/home/moscovin/Documents/eboss/semgrep-rules-aggregate/scrap/0xBugatti-SEMGREP10K/c__sqli.yaml,0xBugatti-SEMGREP10K,0,2,variable-scanf-fmt,A4,Negation / Filtering,"category,id,languages,message,metadata,pattern,pattern-either,pattern-not,patterns,references,severity,technology",False,True,False,False,False,False,False,$DEST,,"[{""$DEST"": 1}, {""$DEST"": 1}, {""$DEST"": 1}, {""$DEST"": 1}]",12,True,True,True,False,False,False,"C1,C2,C3","no_metavar,plain_metavar,unnamed_ellipsis"
/home/moscovin/Documents/eboss/semgrep-rules-aggregate/scrap/0xBugatti-SEMGREP10K/c__sqli.yaml,0xBugatti-SEMGREP10K,0,3,raptor-ret-stack-address,A5,Containment (inclusive),"author,confidence,id,languages,message,metadata,pattern,pattern-either,pattern-inside,patterns,references,severity",False,True,True,False,False,False,False,"$ARR,$EXPR,$PTR,$SIZE,$TYPE,$VAR","$ARR,$PTR,$VAR","[{""$PTR"": 2, ""$SIZE"": 1, ""$TYPE"": 1}, {""$EXPR"": 1, ""$PTR"": 2, ""$SIZE"": 1, ""$TYPE"": 1}, {""$ARR"": 2, ""$PTR"": 2, ""$SIZE"": 1, ""$TYPE"": 1}, {""$ARR"": 2, ""$EXPR"": 1, ""$PTR"": 2, ""$SIZE"": 1, ""$TYPE"": 1}, {""$TYPE"": 1, ""$VAR"": 2}, {""$EXPR"": 1, ""$TYPE"": 1, ""$VAR"": 2}]",8,False,True,True,False,False,False,"C2,C3","plain_metavar,unnamed_ellipsis"
/home/moscovin/Documents/eboss/semgrep-rules-aggregate/scrap/0xBugatti-SEMGREP10K/c__sqli.yaml,0xBugatti-SEMGREP10K,0,4,Unsafe-return-value INFO check 1,A3,Conjunction / Intersection,"author,id,languages,message,metadata,metavariable,metavariable-pattern,pattern,pattern-either,pattern-regex,patterns,severity",False,True,True,False,False,True,False,"$BUF,$FMT,$FUN,$LENGTH,$SIZE",$FUN,"[{""$BUF"": 1, ""$FMT"": 1, ""$FUN"": 2, ""$LENGTH"": 1, ""$SIZE"": 1}, {""$BUF"": 1, ""$FMT"": 1, ""$FUN"": 2, ""$LENGTH"": 1, ""$SIZE"": 1}]",4,True,True,True,False,False,False,"C1,C2,C3","no_metavar,plain_metavar,unnamed_ellipsis"
/home/moscovin/Documents/eboss/semgrep-rules-aggregate/scrap/0xBugatti-SEMGREP10K/c__sqli.yaml,0xBugatti-SEMGREP10K,0,5,Unsafe-return-value INFO check 2,A3,Conjunction / Intersection,"author,id,languages,message,metadata,metavariable,metavariable-pattern,pattern,pattern-either,patterns,severity",False,True,True,False,False,True,False,"$BUF,$BUF1,$FUN,$LENGTH,$SIZE",$FUN,"[{""$BUF"": 1, ""$BUF1"": 1, ""$FUN"": 2, ""$LENGTH"": 1, ""$SIZE"": 1}, {""$BUF"": 1, ""$BUF1"": 1, ""$FUN"": 2, ""$LENGTH"": 1, ""$SIZE"": 1}]",3,True,True,False,False,False,False,"C1,C2","no_metavar,plain_metavar"
/home/moscovin/Documents/eboss/semgrep-rules-aggregate/scrap/0xBugatti-SEMGREP10K/c__sqli.yaml,0xBugatti-SEMGREP10K,0,6,raptor-ret-stack-address-2,A5,Containment (inclusive),"author,confidence,id,languages,message,metadata,pattern,pattern-either,pattern-inside,patterns,references,severity",False,True,True,False,False,False,False,"$ARR,$EXPR,$LEN,$PTR,$TYPE,$VAR","$ARR,$PTR,$VAR","[{""$LEN"": 1, ""$PTR"": 2, ""$TYPE"": 1}, {""$EXPR"": 1, ""$LEN"": 1, ""$PTR"": 2, ""$TYPE"": 1}, {""$ARR"": 2, ""$LEN"": 1, ""$PTR"": 2, ""$TYPE"": 1}, {""$ARR"": 2, ""$EXPR"": 1, ""$LEN"": 1, ""$PTR"": 2, ""$TYPE"": 1}, {""$TYPE"": 1, ""$VAR"": 2}, {""$EXPR"": 1, ""$TYPE"": 1, ""$VAR"": 2}, {""$LEN"": 1, ""$TYPE"": 1, ""$VAR"": 2}, {""$EXPR"": 1, ""$LEN"": 1, ""$TYPE"": 1, ""$VAR"": 2}, {""$TYPE"": 1, ""$VAR"": 2}, {""$EXPR"": 1, ""$TYPE"": 1, ""$VAR"": 2}]",12,False,True,True,False,False,False,"C2,C3","plain_metavar,unnamed_ellipsis"
/home/moscovin/Documents/eboss/semgrep-rules-aggregate/scrap/0xBugatti-SEMGREP10K/c__sqli.yaml,0xBugatti-SEMGREP10K,0,7,raptor-insecure-api-access-stat,A2,Single or multiple positive pattern(s),"author,category,confidence,cwe,id,impact,languages,likelihood,message,metadata,owasp,pattern,pattern-either,references,severity,subcategory,technology,vulnerability_class",True,False,False,False,False,False,False,,,[],6,True,False,True,False,False,False,"C1,C3","no_metavar,unnamed_ellipsis"
/home/moscovin/Documents/eboss/semgrep-rules-aggregate/scrap/0xBugatti-SEMGREP10K/c__sqli.yaml,0xBugatti-SEMGREP10K,0,8,raptor-ret-stack-address-3,A6,Containment (exclusive),"author,category,confidence,cwe,id,impact,languages,likelihood,message,metadata,owasp,pattern,pattern-either,pattern-inside,pattern-not-inside,patterns,references,severity,subcategory,technology,vulnerability_class",False,True,True,False,False,False,False,"$ARR,$PTR,$VAR,$_","$ARR,$PTR,$VAR,$_","[{""$PTR"": 3, ""$_"": 4}, {""$PTR"": 3, ""$_"": 4}, {""$PTR"": 3, ""$_"": 2}, {""$ARR"": 3, ""$PTR"": 2, ""$_"": 4}, {""$ARR"": 3, ""$PTR"": 2, ""$_"": 4}, {""$ARR"": 3, ""$PTR"": 2, ""$_"": 2}, {""$VAR"": 3, ""$_"": 2}, {""$VAR"": 3, ""$_"": 2}, {""$VAR"": 3, ""$_"": 4}, {""$VAR"": 3, ""$_"": 4}, {""$VAR"": 3, ""$_"": 2}, {""$VAR"": 3, ""$_"": 2}, {""$VAR"": 3, ""$_"": 2}]",28,False,True,True,False,False,False,"C2,C3","plain_metavar,unnamed_ellipsis"
/home/moscovin/Documents/eboss/semgrep-rules-aggregate/scrap/0xBugatti-SEMGREP10K/c__sqli.yaml,0xBugatti-SEMGREP10K,0,9,blender-fmt-wrappers,A4,Negation / Filtering,"category,id,languages,message,metadata,pattern,pattern-either,pattern-not,patterns,references,severity,technology",False,True,True,False,False,False,False,"$ARG1,$ARG2,$ARG3,$ARG4","$ARG1,$ARG2,$ARG3,$ARG4","[{""$ARG1"": 3}, {""$ARG1"": 3}, {""$ARG1"": 3}, {""$ARG1"": 3}, {""$ARG1"": 3}, {""$ARG1"": 3}, {""$ARG1"": 3}, {""$ARG1"": 3}, {""$ARG1"": 3}, {""$ARG1"": 3}, {""$ARG1"": 3, ""$ARG2"": 3}, {""$ARG1"": 3, ""$ARG2"": 3}, {""$ARG1"": 3, ""$ARG2"": 3}, {""$ARG1"": 3, ""$ARG2"": 3}, {""$ARG1"": 3, ""$ARG2"": 3}, {""$ARG1"": 3, ""$ARG2"": 3}, {""$ARG1"": 3, ""$ARG2"": 3}, {""$ARG1"": 3, ""$ARG2"": 3}, {""$ARG1"": 3, ""$ARG2"": 3}, {""$ARG1"": 3, ""$ARG2"": 3}, {""$ARG1"": 3, ""$ARG2"": 3}, {""$ARG1"": 3, ""$ARG2"": 3}, {""$ARG1"": 3, ""$ARG2"": 3, ""$ARG3"": 3}, {""$ARG1"": 3, ""$ARG2"": 3, ""$ARG3"": 3}, {""$ARG1"": 3, ""$ARG2"": 3, ""$ARG3"": 3}, {""$ARG1"": 3, ""$ARG2"": 3, ""$ARG3"": 3, ""$ARG4"": 3}, {""$ARG1"": 3, ""$ARG2"": 3, ""$ARG3"": 3, ""$ARG4"": 3}, {""$ARG1"": 3, ""$ARG2"": 3, ""$ARG3"": 3, ""$ARG4"": 3}, {""$ARG1"": 3, ""$ARG2"": 3, ""$ARG3"": 3, ""$ARG4"": 3}, {""$ARG1"": 3, ""$ARG2"": 3, ""$ARG3"": 3, ""$ARG4"": 3}]",144,True,True,True,False,False,False,"C1,C2,C3","no_metavar,plain_metavar,unnamed_ellipsis"
/home/moscovin/Documents/eboss/semgrep-rules-aggregate/scrap/0xBugatti-SEMGREP10K/c__xss.yaml,0xBugatti-SEMGREP10K,0,0,External-Control-of-System-or-Configuration-Setting,A5,Containment (inclusive),"author,category,confidence,cwe,id,languages,message,metadata,metavariable,metavariable-regex,pattern,pattern-either,pattern-inside,pattern-not,patterns,references,regex,severity,technology,vulnerability_class",False,True,True,False,True,False,False,"$BUF,$CMD,$EXEC_FUNC,$FIELD,$FSTYPE,$GROUP,$IDX,$KEY,$MODE,$NUM,$OVERWRITE,$OWNER,$PATH,$SENSITIVE_FUNC,$SIZE,$SOURCE,$SRC,$STR,$STRUCT,$TARGET,$VAL,$VAR","$BUF,$EXEC_FUNC,$FIELD,$SENSITIVE_FUNC,$SRC,$VAR","[{""$FIELD"": 2, ""$IDX"": 1, ""$SRC"": 2, ""$STRUCT"": 1}, {""$FIELD"": 2, ""$IDX"": 1, ""$SRC"": 2, ""$STRUCT"": 1}, {""$FIELD"": 2, ""$IDX"": 1, ""$NUM"": 1, ""$SRC"": 2, ""$STRUCT"": 1}, {""$FIELD"": 2, ""$IDX"": 1, ""$NUM"": 1, ""$SRC"": 2, ""$STRUCT"": 1}, {""$KEY"": 1, ""$OVERWRITE"": 1, ""$VAL"": 1}, {""$STR"": 1}, {""$CMD"": 1}, {""$CMD"": 1, ""$MODE"": 1}, {""$EXEC_FUNC"": 3, ""$PATH"": 1}, {""$MODE"": 1, ""$PATH"": 1}, {""$GROUP"": 1, ""$OWNER"": 1, ""$PATH"": 1}, {""$FSTYPE"": 1, ""$SOURCE"": 1, ""$TARGET"": 1}, {""$TARGET"": 1}, {""$FIELD"": 2, ""$IDX"": 1, ""$STRUCT"": 1, ""$VAR"": 2}, {""$BUF"": 2, ""$SENSITIVE_FUNC"": 2, ""$SIZE"": 1, ""$SRC"": 1}]",29,True,True,True,False,False,False,"C1,C2,C3","no_metavar,plain_metavar,unnamed_ellipsis"
/home/moscovin/Documents/eboss/semgrep-rules-aggregate/scrap/CissiWong-opencode-config/semgrep__recipes__c-cpp-backdoor-detection.yaml,CissiWong-opencode-config,0,0,c-outbound-socket,A2,Single or multiple positive pattern(s),"category,id,languages,message,metadata,pattern,severity",True,False,False,False,False,False,False,,,[],1,True,False,True,False,False,False,"C1,C3","no_metavar,unnamed_ellipsis"
/home/moscovin/Documents/eboss/semgrep-rules-aggregate/scrap/CissiWong-opencode-config/semgrep__recipes__c-cpp-backdoor-detection.yaml,CissiWong-opencode-config,0,1,c-outbound-connect,A2,Single or multiple positive pattern(s),"category,id,languages,message,metadata,pattern,severity",True,False,False,False,False,False,False,,,[],1,True,False,True,False,False,False,"C1,C3","no_metavar,unnamed_ellipsis"
/home/moscovin/Documents/eboss/semgrep-rules-aggregate/scrap/CissiWong-opencode-config/semgrep__recipes__c-cpp-backdoor-detection.yaml,CissiWong-opencode-config,0,2,c-outbound-send,A2,Single or multiple positive pattern(s),"category,id,languages,message,metadata,pattern,severity",True,False,False,False,False,False,False,,,[],1,True,False,True,False,False,False,"C1,C3","no_metavar,unnamed_ellipsis"
/home/moscovin/Documents/eboss/semgrep-rules-aggregate/scrap/CissiWong-opencode-config/semgrep__recipes__c-cpp-backdoor-detection.yaml,CissiWong-opencode-config,0,3,c-outbound-sendto,A2,Single or multiple positive pattern(s),"category,id,languages,message,metadata,pattern,severity",True,False,False,False,False,False,False,,,[],1,True,False,True,False,False,False,"C1,C3","no_metavar,unnamed_ellipsis"
/home/moscovin/Documents/eboss/semgrep-rules-aggregate/scrap/CissiWong-opencode-config/semgrep__recipes__c-cpp-backdoor-detection.yaml,CissiWong-opencode-config,0,4,c-outbound-recv,A2,Single or multiple positive pattern(s),"category,id,languages,message,metadata,pattern,severity",True,False,False,False,False,False,False,,,[],1,True,False,True,False,False,False,"C1,C3","no_metavar,unnamed_ellipsis"
/home/moscovin/Documents/eboss/semgrep-rules-aggregate/scrap/CissiWong-opencode-config/semgrep__recipes__c-cpp-backdoor-detection.yaml,CissiWong-opencode-config,0,5,c-outbound-curl-easy-init,A2,Single or multiple positive pattern(s),"category,id,languages,message,metadata,pattern,severity",True,False,False,False,False,False,False,,,[],1,True,False,True,False,False,False,"C1,C3","no_metavar,unnamed_ellipsis"
/home/moscovin/Documents/eboss/semgrep-rules-aggregate/scrap/CissiWong-opencode-config/semgrep__recipes__c-cpp-backdoor-detection.yaml,CissiWong-opencode-config,0,6,c-outbound-curl-easy-perform,A2,Single or multiple positive pattern(s),"category,id,languages,message,metadata,pattern,severity",True,False,False,False,False,False,False,,,[],1,True,False,True,False,False,False,"C1,C3","no_metavar,unnamed_ellipsis"
/home/moscovin/Documents/eboss/semgrep-rules-aggregate/scrap/CissiWong-opencode-config/semgrep__recipes__c-cpp-backdoor-detection.yaml,CissiWong-opencode-config,0,7,c-outbound-curl-easy-setopt,A2,Single or multiple positive pattern(s),"category,id,languages,message,metadata,pattern,severity",True,False,False,False,False,False,False,,,[],1,True,False,True,False,False,False,"C1,C3","no_metavar,unnamed_ellipsis"
/home/moscovin/Documents/eboss/semgrep-rules-aggregate/scrap/CissiWong-opencode-config/semgrep__recipes__c-cpp-backdoor-detection.yaml,CissiWong-opencode-config,0,8,c-outbound-getaddrinfo,A2,Single or multiple positive pattern(s),"category,id,languages,message,metadata,pattern,severity",True,False,False,False,False,False,False,,,[],1,True,False,True,False,False,False,"C1,C3","no_metavar,unnamed_ellipsis"
/home/moscovin/Documents/eboss/semgrep-rules-aggregate/scrap/CissiWong-opencode-config/semgrep__recipes__c-cpp-backdoor-detection.yaml,CissiWong-opencode-config,0,9,c-outbound-gethostbyname,A2,Single or multiple positive pattern(s),"category,id,languages,message,metadata,pattern,severity",True,False,False,False,False,False,False,,,[],1,True,False,True,False,False,False,"C1,C3","no_metavar,unnamed_ellipsis"
/home/moscovin/Documents/eboss/semgrep-rules-aggregate/scrap/CissiWong-opencode-config/semgrep__recipes__c-cpp-backdoor-detection.yaml,CissiWong-opencode-config,0,10,c-suspicious-popen,A2,Single or multiple positive pattern(s),"category,id,languages,message,metadata,pattern,severity",True,False,False,False,False,False,False,,,[],1,True,False,True,False,False,False,"C1,C3","no_metavar,unnamed_ellipsis"
/home/moscovin/Documents/eboss/semgrep-rules-aggregate/scrap/CissiWong-opencode-config/semgrep__recipes__c-cpp-backdoor-detection.yaml,CissiWong-opencode-config,0,11,c-suspicious-execve,A2,Single or multiple positive pattern(s),"category,id,languages,message,metadata,pattern,severity",True,False,False,False,False,False,False,,,[],1,True,False,True,False,False,False,"C1,C3","no_metavar,unnamed_ellipsis"
/home/moscovin/Documents/eboss/semgrep-rules-aggregate/scrap/CissiWong-opencode-config/semgrep__recipes__c-cpp-backdoor-detection.yaml,CissiWong-opencode-config,0,12,c-suspicious-execvp,A2,Single or multiple positive pattern(s),"category,id,languages,message,metadata,pattern,severity",True,False,False,False,False,False,False,,,[],1,True,False,True,False,False,False,"C1,C3","no_metavar,unnamed_ellipsis"
/home/moscovin/Documents/eboss/semgrep-rules-aggregate/scrap/CissiWong-opencode-config/semgrep__recipes__c-cpp-backdoor-detection.yaml,CissiWong-opencode-config,0,13,c-suspicious-fork,A2,Single or multiple positive pattern(s),"category,id,languages,message,metadata,pattern,severity",True,False,False,False,False,False,False,,,[],1,True,False,True,False,False,False,"C1,C3","no_metavar,unnamed_ellipsis"
/home/moscovin/Documents/eboss/semgrep-rules-aggregate/scrap/CissiWong-opencode-config/semgrep__recipes__c-cpp-backdoor-detection.yaml,CissiWong-opencode-config,0,14,c-suspicious-dlopen,A2,Single or multiple positive pattern(s),"category,id,languages,message,metadata,pattern,severity",True,False,False,False,False,False,False,,,[],1,True,False,True,False,False,False,"C1,C3","no_metavar,unnamed_ellipsis"
/home/moscovin/Documents/eboss/semgrep-rules-aggregate/scrap/CissiWong-opencode-config/semgrep__recipes__c-cpp-backdoor-detection.yaml,CissiWong-opencode-config,0,15,c-suspicious-dlsym,A2,Single or multiple positive pattern(s),"category,id,languages,message,metadata,pattern,severity",True,False,False,False,False,False,False,,,[],1,True,False,True,False,False,False,"C1,C3","no_metavar,unnamed_ellipsis"
/home/moscovin/Documents/eboss/semgrep-rules-aggregate/scrap/CissiWong-opencode-config/semgrep__recipes__c-cpp-backdoor-detection.yaml,CissiWong-opencode-config,0,16,c-suspicious-getprocaddress,A2,Single or multiple positive pattern(s),"category,id,languages,message,metadata,pattern,severity",True,False,False,False,False,False,False,,,[],1,True,False,True,False,False,False,"C1,C3","no_metavar,unnamed_ellipsis"
/home/moscovin/Documents/eboss/semgrep-rules-aggregate/scrap/CissiWong-opencode-config/semgrep__recipes__c-cpp-backdoor-detection.yaml,CissiWong-opencode-config,0,17,c-suspicious-mmap-exec,A2,Single or multiple positive pattern(s),"category,id,languages,message,metadata,pattern,severity",False,True,False,False,False,False,False,$PROT,,"[{""$PROT"": 1}]",1,False,True,True,False,False,False,"C2,C3","plain_metavar,unnamed_ellipsis"
/home/moscovin/Documents/eboss/semgrep-rules-aggregate/scrap/CissiWong-opencode-config/semgrep__recipes__c-cpp-backdoor-detection.yaml,CissiWong-opencode-config,0,18,c-suspicious-virtualalloc,A2,Single or multiple positive pattern(s),"category,id,languages,message,metadata,pattern,severity",True,False,False,False,False,False,False,,,[],1,True,False,True,False,False,False,"C1,C3","no_metavar,unnamed_ellipsis"
/home/moscovin/Documents/eboss/semgrep-rules-aggregate/scrap/CissiWong-opencode-config/semgrep__recipes__c-cpp-backdoor-detection.yaml,CissiWong-opencode-config,0,19,c-outbound-getenv,A2,Single or multiple positive pattern(s),"category,id,languages,message,metadata,pattern,severity",True,False,False,False,False,False,False,,,[],1,True,False,True,False,False,False,"C1,C3","no_metavar,unnamed_ellipsis"
/home/moscovin/Documents/eboss/semgrep-rules-aggregate/scrap/ZloyShadow-testsemgreprules/rulessecrets__potential-secret-hardcoded.yaml,ZloyShadow-testsemgreprules,0,0,potential-secret-hardcoded,A3,Conjunction / Intersection,"id,languages,message,pattern-regex,patterns,severity",True,False,False,False,False,False,False,,,[],1,True,False,False,False,False,False,C1,no_metavar
/home/moscovin/Documents/eboss/semgrep-rules-aggregate/scrap/andrew-semgrep-codeql/rules__cpp__security__broken-crypto.yaml,andrew-semgrep-codeql,0,0,codeql-cpp-weak-crypto-md5,A2,Single or multiple positive pattern(s),"category,confidence,cwe,id,impact,languages,likelihood,message,metadata,pattern,pattern-either,references,severity,source-rule-url,subcategory,technology",True,False,False,False,False,False,False,,,[],5,True,False,True,False,False,False,"C1,C3","no_metavar,unnamed_ellipsis"
/home/moscovin/Documents/eboss/semgrep-rules-aggregate/scrap/andrew-semgrep-codeql/rules__cpp__security__broken-crypto.yaml,andrew-semgrep-codeql,0,1,codeql-cpp-weak-crypto-sha1,A2,Single or multiple positive pattern(s),"category,confidence,cwe,id,impact,languages,likelihood,message,metadata,pattern,pattern-either,references,severity,source-rule-url,subcategory,technology",True,False,False,False,False,False,False,,,[],5,True,False,True,False,False,False,"C1,C3","no_metavar,unnamed_ellipsis"
/home/moscovin/Documents/eboss/semgrep-rules-aggregate/scrap/andrew-semgrep-codeql/rules__cpp__security__broken-crypto.yaml,andrew-semgrep-codeql,0,2,codeql-cpp-weak-crypto-des,A2,Single or multiple positive pattern(s),"category,confidence,cwe,id,impact,languages,likelihood,message,metadata,pattern,pattern-either,references,severity,source-rule-url,subcategory,technology",True,False,False,False,False,False,False,,,[],5,True,False,True,False,False,False,"C1,C3","no_metavar,unnamed_ellipsis"
/home/moscovin/Documents/eboss/semgrep-rules-aggregate/scrap/andrew-semgrep-codeql/rules__cpp__security__broken-crypto.yaml,andrew-semgrep-codeql,0,3,codeql-cpp-weak-crypto-rc4,A2,Single or multiple positive pattern(s),"category,confidence,cwe,id,impact,languages,likelihood,message,metadata,pattern,pattern-either,references,severity,source-rule-url,subcategory,technology",True,False,False,False,False,False,False,,,[],3,True,False,True,False,False,False,"C1,C3","no_metavar,unnamed_ellipsis"
/home/moscovin/Documents/eboss/semgrep-rules-aggregate/scrap/andrew-semgrep-codeql/rules__cpp__security__command-injection.yaml,andrew-semgrep-codeql,0,0,codeql-cpp-command-injection-system,A2,Single or multiple positive pattern(s),"category,confidence,cwe,id,impact,languages,likelihood,message,metadata,pattern,pattern-either,references,severity,source-rule-url,subcategory,technology",False,True,False,True,False,False,False,$CMD,,"[{""$CMD"": 1}, {""$CMD"": 1}, {""$CMD"": 1}, {""$CMD"": 1}]",4,False,True,True,False,False,False,"C2,C3","B3.5_redundant_metavariable,plain_metavar,unnamed_ellipsis"
/home/moscovin/Documents/eboss/semgrep-rules-aggregate/scrap/andrew-semgrep-codeql/rules__cpp__security__critical-safety.yaml,andrew-semgrep-codeql,0,0,codeql-cpp-goto-usage,A2,Single or multiple positive pattern(s),"category,confidence,cwe,id,impact,languages,likelihood,message,metadata,pattern,references,severity,source-rule-url,subcategory,technology",False,True,False,False,False,False,False,$LABEL,,"[{""$LABEL"": 1}]",1,False,True,False,False,False,False,C2,plain_metavar
/home/moscovin/Documents/eboss/semgrep-rules-aggregate/scrap/andrew-semgrep-codeql/rules__cpp__security__critical-safety.yaml,andrew-semgrep-codeql,0,1,codeql-cpp-assert-side-effect,A2,Single or multiple positive pattern(s),"category,confidence,cwe,id,impact,languages,likelihood,message,metadata,pattern,pattern-either,references,severity,subcategory,technology",False,True,False,True,False,False,False,$VAR,,"[{""$VAR"": 1}, {""$VAR"": 1}, {""$VAR"": 1}, {""$VAR"": 1}]",4,False,True,False,False,False,False,C2,"B3.5_redundant_metavariable,plain_metavar"
/home/moscovin/Documents/eboss/semgrep-rules-aggregate/scrap/andrew-semgrep-codeql/rules__cpp__security__critical-safety.yaml,andrew-semgrep-codeql,0,2,codeql-cpp-malloc-no-null-check,A4,Negation / Filtering,"category,confidence,cwe,id,impact,languages,likelihood,message,metadata,pattern,pattern-not,patterns,references,severity,source-rule-url,subcategory,technology",False,True,True,False,False,False,False,$PTR,$PTR,"[{""$PTR"": 8}]",3,False,True,True,False,False,False,"C2,C3","plain_metavar,unnamed_ellipsis"
/home/moscovin/Documents/eboss/semgrep-rules-aggregate/scrap/andrew-semgrep-codeql/rules__cpp__security__critical-safety.yaml,andrew-semgrep-codeql,0,3,codeql-cpp-divide-by-zero,A2,Single or multiple positive pattern(s),"category,confidence,cwe,id,impact,languages,likelihood,message,metadata,pattern,pattern-either,references,severity,source-rule-url,subcategory,technology",False,True,False,True,False,False,False,$X,,"[{""$X"": 1}, {""$X"": 1}]",2,False,True,False,False,False,False,C2,"B3.5_redundant_metavariable,plain_metavar"
/home/moscovin/Documents/eboss/semgrep-rules-aggregate/scrap/andrew-semgrep-codeql/rules__cpp__security__dangerous-functions.yaml,andrew-semgrep-codeql,0,0,codeql-cpp-potentially-dangerous-function,A2,Single or multiple positive pattern(s),"category,confidence,cwe,id,impact,languages,likelihood,message,metadata,pattern,pattern-either,references,severity,source-rule-url,subcategory,technology",True,False,False,False,False,False,False,,,[],4,True,False,True,False,False,False,"C1,C3","no_metavar,unnamed_ellipsis"
/home/moscovin/Documents/eboss/semgrep-rules-aggregate/scrap/andrew-semgrep-codeql/rules__cpp__security__dangerous-functions.yaml,andrew-semgrep-codeql,0,1,codeql-cpp-dangerous-sprintf,A2,Single or multiple positive pattern(s),"category,confidence,cwe,id,impact,languages,likelihood,message,metadata,pattern,references,severity,source-rule-url,subcategory,technology",True,False,False,False,False,False,False,,,[],1,True,False,True,False,False,False,"C1,C3","no_metavar,unnamed_ellipsis"
/home/moscovin/Documents/eboss/semgrep-rules-aggregate/scrap/andrew-semgrep-codeql/rules__cpp__security__file-permissions.yaml,andrew-semgrep-codeql,0,0,codeql-cpp-world-writable,A2,Single or multiple positive pattern(s),"category,confidence,cwe,id,impact,languages,likelihood,message,metadata,pattern,pattern-either,references,severity,source-rule-url,subcategory,technology",False,True,False,True,False,False,False,"$FD,$PATH",,"[{""$PATH"": 1}, {""$PATH"": 1}, {""$PATH"": 1}, {""$PATH"": 1}, {""$FD"": 1}, {""$FD"": 1}]",6,False,True,True,False,False,False,"C2,C3","B3.5_redundant_metavariable,plain_metavar,unnamed_ellipsis"
/home/moscovin/Documents/eboss/semgrep-rules-aggregate/scrap/andrew-semgrep-codeql/rules__cpp__security__file-permissions.yaml,andrew-semgrep-codeql,0,1,codeql-cpp-open-missing-mode,A3,Conjunction / Intersection,"category,confidence,cwe,id,impact,languages,likelihood,message,metadata,metavariable,metavariable-regex,pattern,patterns,references,regex,severity,source-rule-url,subcategory,technology",False,True,True,True,True,False,False,"$FLAGS,$PATH",$FLAGS,"[{""$FLAGS"": 2, ""$PATH"": 1}]",1,False,True,False,False,False,False,C2,"B3.5_redundant_metavariable,plain_metavar"
/home/moscovin/Documents/eboss/semgrep-rules-aggregate/scrap/andrew-semgrep-codeql/rules__cpp__security__format-string.yaml,andrew-semgrep-codeql,0,0,codeql-cpp-format-string-printf,A2,Single or multiple positive pattern(s),"category,confidence,cwe,id,impact,languages,likelihood,message,metadata,pattern,pattern-either,references,severity,source-rule-url,subcategory,technology",False,True,False,True,False,False,False,"$BUF,$FILE,$SIZE,$VAR",,"[{""$VAR"": 1}, {""$FILE"": 1, ""$VAR"": 1}, {""$BUF"": 1, ""$VAR"": 1}, {""$BUF"": 1, ""$SIZE"": 1, ""$VAR"": 1}]",4,False,True,False,False,False,False,C2,"B3.5_redundant_metavariable,plain_metavar"
/home/moscovin/Documents/eboss/semgrep-rules-aggregate/scrap/andrew-semgrep-codeql/rules__cpp__security__hardcoded-credentials.yaml,andrew-semgrep-codeql,0,0,codeql-cpp-hardcoded-password,A2,Single or multiple positive pattern(s),"category,confidence,cwe,id,impact,languages,likelihood,message,metadata,pattern,pattern-either,references,severity,subcategory,technology",True,False,False,False,False,False,False,,,[],6,True,False,True,False,False,False,"C1,C3","no_metavar,unnamed_ellipsis"
/home/moscovin/Documents/eboss/semgrep-rules-aggregate/scrap/andrew-semgrep-codeql/rules__cpp__security__hardcoded-credentials.yaml,andrew-semgrep-codeql,0,1,codeql-cpp-hardcoded-private-key,A1,Only regex pattern(s),"category,confidence,cwe,id,impact,languages,likelihood,message,metadata,pattern-regex,references,severity,subcategory,technology",True,False,False,False,False,False,False,,,[],1,True,False,False,False,False,False,C1,no_metavar
/home/moscovin/Documents/eboss/semgrep-rules-aggregate/scrap/andrew-semgrep-codeql/rules__cpp__security__insecure-randomness.yaml,andrew-semgrep-codeql,0,0,codeql-cpp-insecure-randomness,A2,Single or multiple positive pattern(s),"category,confidence,cwe,id,impact,languages,likelihood,message,metadata,pattern,pattern-either,references,severity,subcategory,technology",True,False,False,False,False,False,False,,,[],4,True,False,True,False,False,False,"C1,C3","no_metavar,unnamed_ellipsis"
/home/moscovin/Documents/eboss/semgrep-rules-aggregate/scrap/andrew-semgrep-codeql/rules__cpp__security__memory-safety.yaml,andrew-semgrep-codeql,0,0,codeql-cpp-memset-deleted,A3,Conjunction / Intersection,"category,confidence,cwe,id,impact,languages,likelihood,message,metadata,pattern,patterns,references,severity,source-rule-url,subcategory,technology",False,True,True,False,False,False,False,$BUF,$BUF,"[{""$BUF"": 2}]",1,False,True,True,False,False,False,"C2,C3","plain_metavar,unnamed_ellipsis"
/home/moscovin/Documents/eboss/semgrep-rules-aggregate/scrap/andrew-semgrep-codeql/rules__cpp__security__memory-safety.yaml,andrew-semgrep-codeql,0,1,codeql-cpp-use-after-free-pattern,A4,Negation / Filtering,"category,confidence,cwe,id,impact,languages,likelihood,message,metadata,pattern,pattern-not,patterns,references,severity,subcategory,technology",False,True,True,False,False,False,False,"$FUNC,$PTR","$FUNC,$PTR","[{""$FUNC"": 2, ""$PTR"": 5}]",2,False,True,True,False,False,False,"C2,C3","plain_metavar,unnamed_ellipsis"
/home/moscovin/Documents/eboss/semgrep-rules-aggregate/scrap/iter-malum-semgrep_rules/NULL-Pointer-Calloc-Array.yaml,iter-malum-semgrep_rules,0,0,NULL-Pointer-Calloc-Array,A6,Containment (exclusive),"author,category,confidence,cwe,id,impact,languages,likelihood,message,metadata,pattern,pattern-not-inside,patterns,severity,subcategory,technology",False,True,True,False,False,False,False,"$INDEX,$PTR",$PTR,"[{""$INDEX"": 1, ""$PTR"": 7}]",6,False,True,True,False,False,False,"C2,C3","plain_metavar,unnamed_ellipsis"
/home/moscovin/Documents/eboss/semgrep-rules-aggregate/scrap/iter-malum-semgrep_rules/NULL-Pointer-Calloc.yaml,iter-malum-semgrep_rules,0,0,NULL-Pointer-Calloc,A6,Containment (exclusive),"author,category,confidence,cwe,id,impact,languages,likelihood,message,metadata,pattern,pattern-either,pattern-not-inside,patterns,severity,subcategory,technology",False,True,True,True,False,False,False,"$FIELD,$FUNC,$INDEX,$OFFSET,$PTR,$VALUE",$PTR,"[{""$FIELD"": 1, ""$PTR"": 7}, {""$FIELD"": 1, ""$PTR"": 7, ""$VALUE"": 1}, {""$INDEX"": 1, ""$PTR"": 7}, {""$INDEX"": 1, ""$PTR"": 7, ""$VALUE"": 1}, {""$PTR"": 7, ""$VALUE"": 1}, {""$OFFSET"": 1, ""$PTR"": 7}, {""$PTR"": 7}, {""$PTR"": 7}, {""$PTR"": 7}, {""$PTR"": 7}, {""$PTR"": 7}, {""$PTR"": 7}, {""$PTR"": 7}, {""$PTR"": 7}, {""$PTR"": 7}, {""$PTR"": 7}, {""$PTR"": 7}, {""$FUNC"": 1, ""$PTR"": 7}]",24,False,True,True,False,False,False,"C2,C3","B3.5_redundant_metavariable,plain_metavar,unnamed_ellipsis"
/home/moscovin/Documents/eboss/semgrep-rules-aggregate/scrap/iter-malum-semgrep_rules/NULL-Pointer-Explicit.yaml,iter-malum-semgrep_rules,0,0,NULL-Pointer-Explicit,A6,Containment (exclusive),"author,category,confidence,cwe,id,impact,languages,likelihood,message,metadata,pattern,pattern-either,pattern-inside,pattern-not-inside,patterns,severity,subcategory,technology",False,True,True,True,False,False,False,"$FIELD,$FUNC,$INDEX,$OFFSET,$PTR,$TYPE,$VALUE",$PTR,"[{""$FIELD"": 1, ""$PTR"": 12, ""$TYPE"": 1}, {""$FIELD"": 1, ""$PTR"": 12, ""$TYPE"": 1, ""$VALUE"": 1}, {""$FIELD"": 1, ""$PTR"": 12, ""$TYPE"": 1}, {""$FIELD"": 1, ""$PTR"": 12, ""$TYPE"": 1}, {""$INDEX"": 1, ""$PTR"": 12, ""$TYPE"": 1}, {""$INDEX"": 1, ""$PTR"": 12, ""$TYPE"": 1, ""$VALUE"": 1}, {""$INDEX"": 1, ""$PTR"": 12, ""$TYPE"": 1}, {""$INDEX"": 1, ""$PTR"": 12, ""$TYPE"": 1}, {""$PTR"": 12, ""$TYPE"": 1, ""$VALUE"": 1}, {""$OFFSET"": 1, ""$PTR"": 12, ""$TYPE"": 1}, {""$OFFSET"": 1, ""$PTR"": 12, ""$TYPE"": 1}, {""$PTR"": 12, ""$TYPE"": 1}, {""$PTR"": 12, ""$TYPE"": 1}, {""$PTR"": 12, ""$TYPE"": 1}, {""$PTR"": 12, ""$TYPE"": 1}, {""$PTR"": 12, ""$TYPE"": 1}, {""$PTR"": 12, ""$TYPE"": 1}, {""$PTR"": 12, ""$TYPE"": 1}, {""$PTR"": 12, ""$TYPE"": 1}, {""$PTR"": 12, ""$TYPE"": 1}, {""$PTR"": 12, ""$TYPE"": 1}, {""$FUNC"": 1, ""$PTR"": 12, ""$TYPE"": 1}]",33,False,True,True,False,False,False,"C2,C3","B3.5_redundant_metavariable,plain_metavar,unnamed_ellipsis"
/home/moscovin/Documents/eboss/semgrep-rules-aggregate/scrap/iter-malum-semgrep_rules/NULL-Pointer-Fopen.yaml,iter-malum-semgrep_rules,0,0,NULL-Pointer-Fopen,A6,Containment (exclusive),"author,category,confidence,cwe,id,impact,languages,likelihood,message,metadata,pattern,pattern-either,pattern-not-inside,patterns,severity,subcategory,technology",False,True,True,True,False,False,False,$PTR,$PTR,"[{""$PTR"": 12}, {""$PTR"": 12}, {""$PTR"": 12}, {""$PTR"": 12}, {""$PTR"": 12}, {""$PTR"": 12}, {""$PTR"": 12}, {""$PTR"": 12}, {""$PTR"": 12}, {""$PTR"": 12}, {""$PTR"": 12}, {""$PTR"": 12}, {""$PTR"": 12}, {""$PTR"": 12}, {""$PTR"": 12}, {""$PTR"": 12}]",27,False,True,True,False,False,False,"C2,C3","B3.5_redundant_metavariable,plain_metavar,unnamed_ellipsis"
/home/moscovin/Documents/eboss/semgrep-rules-aggregate/scrap/iter-malum-semgrep_rules/NULL-Pointer-GetenV.yaml,iter-malum-semgrep_rules,0,0,NULL-Pointer-GetenV,A6,Containment (exclusive),"author,category,confidence,cwe,id,impact,languages,likelihood,message,metadata,pattern,pattern-either,pattern-not-inside,patterns,severity,subcategory,technology",False,True,True,True,False,False,False,"$FIELD,$FUNC,$INDEX,$OFFSET,$PTR,$VALUE",$PTR,"[{""$FIELD"": 1, ""$PTR"": 12}, {""$INDEX"": 1, ""$PTR"": 12}, {""$PTR"": 12, ""$VALUE"": 1}, {""$OFFSET"": 1, ""$PTR"": 12}, {""$PTR"": 12}, {""$PTR"": 12}, {""$PTR"": 12}, {""$PTR"": 12}, {""$PTR"": 12}, {""$PTR"": 12}, {""$PTR"": 12}, {""$PTR"": 12}, {""$PTR"": 12}, {""$PTR"": 12}, {""$PTR"": 12}, {""$PTR"": 12}, {""$PTR"": 12}, {""$PTR"": 12}, {""$PTR"": 12}, {""$PTR"": 12}, {""$PTR"": 12}, {""$FUNC"": 1, ""$PTR"": 12}]",33,False,True,True,False,False,False,"C2,C3","B3.5_redundant_metavariable,plain_metavar,unnamed_ellipsis"
/home/moscovin/Documents/eboss/semgrep-rules-aggregate/scrap/iter-malum-semgrep_rules/NULL-Pointer-Optional-Parameter.yaml,iter-malum-semgrep_rules,0,0,NULL-Pointer-Optional-Parameter,A6,Containment (exclusive),"author,category,confidence,cwe,id,impact,languages,likelihood,message,metadata,metavariable,metavariable-regex,pattern,pattern-either,pattern-inside,pattern-not-inside,patterns,regex,severity,subcategory,technology",False,True,True,True,True,False,False,"$FIELD,$FUNC,$INDEX,$OFFSET,$PTR,$RET,$TYPE,$VALUE",$PTR,"[{""$FIELD"": 1, ""$FUNC"": 1, ""$PTR"": 14, ""$RET"": 1, ""$TYPE"": 1}, {""$FIELD"": 1, ""$FUNC"": 1, ""$PTR"": 14, ""$RET"": 1, ""$TYPE"": 1, ""$VALUE"": 1}, {""$FUNC"": 1, ""$INDEX"": 1, ""$PTR"": 14, ""$RET"": 1, ""$TYPE"": 1}, {""$FUNC"": 1, ""$INDEX"": 1, ""$PTR"": 14, ""$RET"": 1, ""$TYPE"": 1, ""$VALUE"": 1}, {""$FUNC"": 1, ""$PTR"": 14, ""$RET"": 1, ""$TYPE"": 1, ""$VALUE"": 1}, {""$FUNC"": 1, ""$OFFSET"": 1, ""$PTR"": 14, ""$RET"": 1, ""$TYPE"": 1}, {""$FUNC"": 1, ""$PTR"": 14, ""$RET"": 1, ""$TYPE"": 1}, {""$FUNC"": 1, ""$PTR"": 14, ""$RET"": 1, ""$TYPE"": 1}, {""$FUNC"": 1, ""$PTR"": 14, ""$RET"": 1, ""$TYPE"": 1}, {""$FUNC"": 1, ""$PTR"": 14, ""$RET"": 1, ""$TYPE"": 1}, {""$FUNC"": 1, ""$PTR"": 14, ""$RET"": 1, ""$TYPE"": 1}, {""$FUNC"": 1, ""$PTR"": 14, ""$RET"": 1, ""$TYPE"": 1}, {""$FUNC"": 1, ""$PTR"": 14, ""$RET"": 1, ""$TYPE"": 1}]",24,False,True,True,False,False,False,"C2,C3","B3.5_redundant_metavariable,plain_metavar,unnamed_ellipsis"
/home/moscovin/Documents/eboss/semgrep-rules-aggregate/scrap/iter-malum-semgrep_rules/NULL-Pointer-Realloc.yaml,iter-malum-semgrep_rules,0,0,NULL-Pointer-Realloc,A6,Containment (exclusive),"author,category,confidence,cwe,id,impact,languages,likelihood,message,metadata,pattern,pattern-either,pattern-not-inside,patterns,severity,subcategory,technology",False,True,True,True,False,False,False,"$FIELD,$FUNC,$INDEX,$OFFSET,$PTR,$VALUE",$PTR,"[{""$FIELD"": 1, ""$PTR"": 12}, {""$FIELD"": 1, ""$PTR"": 12, ""$VALUE"": 1}, {""$FIELD"": 1, ""$PTR"": 12}, {""$FIELD"": 1, ""$PTR"": 12}, {""$INDEX"": 1, ""$PTR"": 12}, {""$INDEX"": 1, ""$PTR"": 12, ""$VALUE"": 1}, {""$INDEX"": 1, ""$PTR"": 12}, {""$INDEX"": 1, ""$PTR"": 12}, {""$PTR"": 12, ""$VALUE"": 1}, {""$OFFSET"": 1, ""$PTR"": 12}, {""$OFFSET"": 1, ""$PTR"": 12}, {""$PTR"": 12}, {""$PTR"": 12}, {""$PTR"": 12}, {""$PTR"": 12}, {""$PTR"": 12}, {""$PTR"": 12}, {""$PTR"": 12}, {""$PTR"": 12}, {""$PTR"": 12}, {""$PTR"": 12}, {""$PTR"": 12}, {""$PTR"": 12}, {""$PTR"": 12}, {""$PTR"": 12}, {""$PTR"": 12}, {""$PTR"": 12}, {""$PTR"": 12}, {""$PTR"": 12}, {""$PTR"": 12}, {""$FUNC"": 1, ""$PTR"": 12}, {""$FIELD"": 1, ""$FUNC"": 1, ""$PTR"": 12}]",43,False,True,True,False,False,False,"C2,C3","B3.5_redundant_metavariable,plain_metavar,unnamed_ellipsis"
/home/moscovin/Documents/eboss/semgrep-rules-aggregate/scrap/iter-malum-semgrep_rules/NULL-Pointer-Strdup.yaml,iter-malum-semgrep_rules,0,0,NULL-Pointer-Strdup,A6,Containment (exclusive),"author,category,confidence,cwe,id,impact,languages,likelihood,message,metadata,pattern,pattern-either,pattern-not-inside,patterns,severity,subcategory,technology",False,True,True,True,False,False,False,"$FIELD,$FUNC,$INDEX,$OFFSET,$PTR,$VALUE",$PTR,"[{""$FIELD"": 1, ""$PTR"": 12}, {""$FIELD"": 1, ""$PTR"": 12, ""$VALUE"": 1}, {""$FIELD"": 1, ""$PTR"": 12}, {""$FIELD"": 1, ""$PTR"": 12}, {""$INDEX"": 1, ""$PTR"": 12}, {""$INDEX"": 1, ""$PTR"": 12, ""$VALUE"": 1}, {""$INDEX"": 1, ""$PTR"": 12}, {""$INDEX"": 1, ""$PTR"": 12}, {""$PTR"": 12, ""$VALUE"": 1}, {""$OFFSET"": 1, ""$PTR"": 12}, {""$OFFSET"": 1, ""$PTR"": 12}, {""$PTR"": 12}, {""$PTR"": 12}, {""$PTR"": 12}, {""$PTR"": 12}, {""$PTR"": 12}, {""$PTR"": 12}, {""$PTR"": 12}, {""$PTR"": 12}, {""$PTR"": 12}, {""$PTR"": 12}, {""$PTR"": 12}, {""$PTR"": 12}, {""$PTR"": 12}, {""$PTR"": 12}, {""$PTR"": 12}, {""$PTR"": 12}, {""$PTR"": 12}, {""$PTR"": 12}, {""$PTR"": 12}, {""$FUNC"": 1, ""$PTR"": 12}, {""$FIELD"": 1, ""$FUNC"": 1, ""$PTR"": 12}]",43,False,True,True,False,False,False,"C2,C3","B3.5_redundant_metavariable,plain_metavar,unnamed_ellipsis"
/home/moscovin/Documents/eboss/semgrep-rules-aggregate/scrap/lambdasec-autogrep/filtered_rules__c__ARMmbed_rules.yaml,lambdasec-autogrep,0,0,vuln-mbedtls-a4e86141,A4,Negation / Filtering,"category,cwe,id,languages,message,metadata,owasp,pattern,pattern-not,references,severity,source-url,technology",False,True,False,False,False,False,False,$VAR,,"[{""$VAR"": 1}]",2,True,True,False,False,False,False,"C1,C2","no_metavar,plain_metavar"
/home/moscovin/Documents/eboss/semgrep-rules-aggregate/scrap/lambdasec-autogrep/filtered_rules__c__ArtifexSoftware_rules.yaml,lambdasec-autogrep,0,0,vuln-mupdf-fa193640,A4,Negation / Filtering,"category,cwe,id,languages,message,metadata,owasp,pattern,pattern-not,references,severity,source-url,technology",False,True,True,False,False,False,False,"$CTX,$DOC,$ENTRY,$ERROR,$I,$OFS,$XREF_LEN","$CTX,$DOC,$ENTRY,$ERROR,$I,$OFS,$XREF_LEN","[{""$CTX"": 4, ""$DOC"": 2, ""$ENTRY"": 5, ""$ERROR"": 2, ""$I"": 2, ""$OFS"": 5, ""$XREF_LEN"": 2}]",2,False,True,False,False,False,False,C2,plain_metavar
/home/moscovin/Documents/eboss/semgrep-rules-aggregate/scrap/lambdasec-autogrep/filtered_rules__c__ArtifexSoftware_rules.yaml,lambdasec-autogrep,0,1,vuln-mupdf-97096297,A4,Negation / Filtering,"category,cwe,id,languages,message,metadata,owasp,pattern,pattern-not,references,severity,source-url,technology",False,True,True,False,False,False,False,"$CTX,$FUNC,$NAME,$OBJ,$STR","$CTX,$FUNC,$NAME,$OBJ,$STR","[{""$CTX"": 4, ""$FUNC"": 2, ""$NAME"": 2, ""$OBJ"": 2, ""$STR"": 3}]",2,False,True,False,False,False,False,C2,plain_metavar
/home/moscovin/Documents/eboss/semgrep-rules-aggregate/scrap/lambdasec-autogrep/filtered_rules__c__ArtifexSoftware_rules.yaml,lambdasec-autogrep,0,2,vuln-mupdf-5e411a99,A4,Negation / Filtering,"category,cwe,id,languages,message,metadata,owasp,pattern,pattern-not,references,severity,source-url,technology",False,True,True,False,False,False,False,"$CTX,$ERROR,$MAX,$MSG,$NUM","$CTX,$ERROR,$MSG,$NUM","[{""$CTX"": 2, ""$ERROR"": 2, ""$MAX"": 1, ""$MSG"": 2, ""$NUM"": 5}]",2,False,True,False,False,False,False,C2,plain_metavar
/home/moscovin/Documents/eboss/semgrep-rules-aggregate/scrap/lambdasec-autogrep/filtered_rules__c__ArtifexSoftware_rules.yaml,lambdasec-autogrep,0,3,vuln-mupdf-e089b2e2,A4,Negation / Filtering,"category,cwe,id,languages,message,metadata,owasp,pattern,pattern-not,severity,source-url,technology",False,True,False,False,False,False,False,$VAR,,"[{""$VAR"": 1}]",2,True,True,False,False,False,False,"C1,C2","no_metavar,plain_metavar"
/home/moscovin/Documents/eboss/semgrep-rules-aggregate/scrap/lambdasec-autogrep/filtered_rules__c__ArtifexSoftware_rules.yaml,lambdasec-autogrep,0,4,vuln-mupdf-60dabde1,A4,Negation / Filtering,"category,cwe,id,languages,message,metadata,owasp,pattern,pattern-not,severity,source-url,technology",False,True,True,False,False,False,False,$SAMPLES,$SAMPLES,"[{""$SAMPLES"": 2}]",2,False,True,False,False,False,False,C2,plain_metavar
/home/moscovin/Documents/eboss/semgrep-rules-aggregate/scrap/lambdasec-autogrep/filtered_rules__c__ArtifexSoftware_rules.yaml,lambdasec-autogrep,0,5,vuln-mupdf-af1e390a,A4,Negation / Filtering,"category,cwe,id,languages,message,metadata,owasp,pattern,pattern-not,severity,source-url,technology",False,True,True,False,False,False,False,"$CTX,$ERROR,$N","$CTX,$ERROR,$N","[{""$CTX"": 2, ""$ERROR"": 2, ""$N"": 2}]",2,False,True,False,False,False,False,C2,plain_metavar
/home/moscovin/Documents/eboss/semgrep-rules-aggregate/scrap/lambdasec-autogrep/filtered_rules__c__CESNET_rules.yaml,lambdasec-autogrep,0,0,vuln-libyang-59a0bff1,A4,Negation / Filtering,"category,cwe,id,languages,message,metadata,owasp,pattern,pattern-not,references,severity,source-url,technology",False,True,True,False,False,False,False,"$EXT_PLUGINS,$MODULE,$NAME,$REVISION,$U","$EXT_PLUGINS,$MODULE,$NAME,$REVISION,$U","[{""$EXT_PLUGINS"": 8, ""$MODULE"": 2, ""$NAME"": 2, ""$REVISION"": 4, ""$U"": 8}]",2,False,True,True,False,False,False,"C2,C3","plain_metavar,unnamed_ellipsis"
/home/moscovin/Documents/eboss/semgrep-rules-aggregate/scrap/lambdasec-autogrep/filtered_rules__c__CESNET_rules.yaml,lambdasec-autogrep,0,1,vuln-libyang-f6d684ad,A4,Negation / Filtering,"category,cwe,id,languages,message,metadata,owasp,pattern,pattern-not,severity,source-url,technology",False,True,True,False,False,False,False,"$ARG,$ARG2,$CTX,$TYPE,$VALUE","$ARG,$ARG2,$CTX,$TYPE,$VALUE","[{""$ARG"": 2, ""$ARG2"": 2, ""$CTX"": 2, ""$TYPE"": 2, ""$VALUE"": 2}]",2,False,True,True,False,False,False,"C2,C3","plain_metavar,unnamed_ellipsis"
/home/moscovin/Documents/eboss/semgrep-rules-aggregate/scrap/lambdasec-autogrep/filtered_rules__c__Cisco-Talos_rules.yaml,lambdasec-autogrep,0,0,vuln-clamav-fc3794a5,A4,Negation / Filtering,"category,cwe,id,languages,message,metadata,owasp,pattern,pattern-not,severity,source-url,technology",False,True,True,False,False,False,False,"$CLEAN_RETURN,$EXE_SECTION,$EXE_SECTIONS,$FSIZE,$NSECTIONS,$SECTION_HDR","$CLEAN_RETURN,$EXE_SECTION,$EXE_SECTIONS,$FSIZE,$SECTION_HDR","[{""$CLEAN_RETURN"": 2, ""$EXE_SECTION"": 4, ""$EXE_SECTIONS"": 2, ""$FSIZE"": 3, ""$NSECTIONS"": 1, ""$SECTION_HDR"": 2}]",2,False,True,True,False,False,False,"C2,C3","plain_metavar,unnamed_ellipsis"
/home/moscovin/Documents/eboss/semgrep-rules-aggregate/scrap/lambdasec-autogrep/filtered_rules__c__Cisco-Talos_rules.yaml,lambdasec-autogrep,0,1,vuln-clamav-9a6bb57f,A4,Negation / Filtering,"category,cwe,id,languages,message,metadata,owasp,pattern,pattern-not,references,severity,source-url,technology",False,True,True,False,False,False,False,"$CONTINUE,$CT,$PN","$CONTINUE,$CT,$PN","[{""$CONTINUE"": 2, ""$CT"": 2, ""$PN"": 2}]",2,False,True,False,False,False,False,C2,plain_metavar
/home/moscovin/Documents/eboss/semgrep-rules-aggregate/scrap/lambdasec-autogrep/filtered_rules__c__Cisco-Talos_rules.yaml,lambdasec-autogrep,0,2,vuln-clamav-d96a6b8b,A4,Negation / Filtering,"category,cwe,id,languages,message,metadata,owasp,pattern,pattern-not,references,severity,source-url,technology",False,True,True,False,False,False,False,"$FUNC,$NUMSTR,$NUMVAL,$READER,$VALUE","$FUNC,$NUMSTR,$NUMVAL,$READER,$VALUE","[{""$FUNC"": 2, ""$NUMSTR"": 2, ""$NUMVAL"": 4, ""$READER"": 2, ""$VALUE"": 5}]",2,False,True,True,False,False,False,"C2,C3","plain_metavar,unnamed_ellipsis"
/home/moscovin/Documents/eboss/semgrep-rules-aggregate/scrap/lambdasec-autogrep/filtered_rules__c__Cisco-Talos_rules.yaml,lambdasec-autogrep,0,3,vuln-clamav-96ff19a1,A4,Negation / Filtering,"category,cwe,id,languages,message,metadata,owasp,pattern,pattern-not,references,severity,source-url,technology",False,True,True,False,False,False,False,"$ADDSIZE,$BACKBYTES,$BACKSIZE,$OLDBACK","$ADDSIZE,$BACKBYTES,$BACKSIZE,$OLDBACK","[{""$ADDSIZE"": 2, ""$BACKBYTES"": 2, ""$BACKSIZE"": 2, ""$OLDBACK"": 2}]",2,False,True,False,False,False,False,C2,plain_metavar
/home/moscovin/Documents/eboss/semgrep-rules-aggregate/scrap/lambdasec-autogrep/filtered_rules__c__ClusterLabs_rules.yaml,lambdasec-autogrep,0,0,vuln-booth-98b4284d,A4,Negation / Filtering,"category,cwe,id,languages,message,metadata,owasp,pattern,pattern-not,severity,source-url,technology",False,True,True,False,False,False,False,"$FUNC,$HID,$HLEN","$FUNC,$HID,$HLEN","[{""$FUNC"": 2, ""$HID"": 2, ""$HLEN"": 2}]",2,False,True,False,False,False,False,C2,plain_metavar
/home/moscovin/Documents/eboss/semgrep-rules-aggregate/scrap/lambdasec-autogrep/filtered_rules__c__ClusterLabs_rules.yaml,lambdasec-autogrep,0,1,vuln-booth-43eaf0e8,A4,Negation / Filtering,"category,cwe,id,languages,message,metadata,owasp,pattern,pattern-not,references,severity,source-url,technology",False,True,True,False,False,False,False,"$HEADER,$LEN,$MSG,$SITE,$TPT","$HEADER,$LEN,$MSG,$SITE,$TPT","[{""$HEADER"": 3, ""$LEN"": 3, ""$MSG"": 2, ""$SITE"": 2, ""$TPT"": 2}]",2,False,True,False,False,False,False,C2,plain_metavar
/home/moscovin/Documents/eboss/semgrep-rules-aggregate/scrap/lambdasec-autogrep/filtered_rules__c__DPDK_rules.yaml,lambdasec-autogrep,0,0,vuln-dpdk-e7debf60,A4,Negation / Filtering,"category,cwe,id,languages,message,metadata,owasp,pattern,pattern-not,severity,source-url,technology",False,True,True,False,False,False,False,$DEV,$DEV,"[{""$DEV"": 2}]",2,False,True,True,False,False,False,"C2,C3","plain_metavar,unnamed_ellipsis"
/home/moscovin/Documents/eboss/semgrep-rules-aggregate/scrap/lambdasec-autogrep/filtered_rules__c__DanBloomberg_rules.yaml,lambdasec-autogrep,0,0,vuln-leptonica-25ef6f68,A4,Negation / Filtering,"category,cwe,id,languages,message,metadata,owasp,pattern,pattern-not,references,severity,source-url,technology",False,True,True,False,False,False,False,"$BADCHAR,$ROOTNAME","$BADCHAR,$ROOTNAME","[{""$BADCHAR"": 2, ""$ROOTNAME"": 2}]",2,False,True,False,False,False,False,C2,plain_metavar
/home/moscovin/Documents/eboss/semgrep-rules-aggregate/scrap/lambdasec-autogrep/filtered_rules__c__Ettercap_rules.yaml,lambdasec-autogrep,0,0,vuln-ettercap-31b93729,A4,Negation / Filtering,"category,cwe,id,languages,message,metadata,owasp,pattern,pattern-not,severity,source-url,technology",False,True,True,False,False,False,False,$P,$P,"[{""$P"": 2}]",2,False,True,False,False,False,False,C2,plain_metavar
/home/moscovin/Documents/eboss/semgrep-rules-aggregate/scrap/lambdasec-autogrep/filtered_rules__c__Exim_rules.yaml,lambdasec-autogrep,0,0,vuln-exim-dd90c199,A4,Negation / Filtering,"category,cwe,id,languages,message,metadata,owasp,pattern,pattern-not,references,severity,source-url,technology",True,False,False,False,False,False,False,,,[],2,True,False,False,False,False,False,C1,no_metavar
/home/moscovin/Documents/eboss/semgrep-rules-aggregate/scrap/lambdasec-autogrep/filtered_rules__c__Exim_rules.yaml,lambdasec-autogrep,0,1,vuln-exim-1670ef10,A4,Negation / Filtering,"category,cwe,id,languages,message,metadata,owasp,pattern,pattern-not,references,severity,source-url,technology",False,True,True,False,False,False,False,"$GID,$RV,$UID","$GID,$RV,$UID","[{""$GID"": 2, ""$RV"": 4, ""$UID"": 2}]",2,False,True,True,False,False,False,"C2,C3","plain_metavar,unnamed_ellipsis"
/home/moscovin/Documents/eboss/semgrep-rules-aggregate/scrap/lambdasec-autogrep/filtered_rules__c__Exim_rules.yaml,lambdasec-autogrep,0,2,vuln-exim-3c90bbcd,A4,Negation / Filtering,"category,cwe,id,languages,message,metadata,owasp,pattern,pattern-not,severity,source-url,technology",False,True,True,False,False,False,False,"$BUFFER,$BUFFER_SIZE,$LEN,$PHRASE","$LEN,$PHRASE","[{""$BUFFER"": 1, ""$BUFFER_SIZE"": 1, ""$LEN"": 2, ""$PHRASE"": 2}]",2,False,True,False,False,False,False,C2,plain_metavar
/home/moscovin/Documents/eboss/semgrep-rules-aggregate/scrap/lambdasec-autogrep/filtered_rules__c__Exim_rules.yaml,lambdasec-autogrep,0,3,vuln-exim-12fb3842,A4,Negation / Filtering,"category,cwe,id,languages,message,metadata,owasp,pattern,pattern-not,references,severity,source-url,technology",False,True,True,False,False,False,False,"$RECORD,$X,$Y,$Z","$RECORD,$X,$Y,$Z","[{""$RECORD"": 2, ""$X"": 2, ""$Y"": 2, ""$Z"": 2}]",2,False,True,False,False,False,False,C2,plain_metavar
/home/moscovin/Documents/eboss/semgrep-rules-aggregate/scrap/lambdasec-autogrep/filtered_rules__c__Exim_rules.yaml,lambdasec-autogrep,0,4,vuln-exim-337e3505,A4,Negation / Filtering,"category,cwe,id,languages,message,metadata,owasp,pattern,pattern-not,references,severity,source-url,technology",False,True,True,False,False,False,False,$LOGMSG,$LOGMSG,"[{""$LOGMSG"": 2}]",2,False,True,False,False,False,False,C2,plain_metavar
/home/moscovin/Documents/eboss/semgrep-rules-aggregate/scrap/lambdasec-autogrep/filtered_rules__c__FFmpeg_rules.yaml,lambdasec-autogrep,0,0,vuln-ffmpeg-ab0fdaed,A4,Negation / Filtering,"category,cwe,id,languages,message,metadata,owasp,pattern,pattern-not,severity,source-url,technology",False,True,True,False,False,False,False,"$NB_FRAME,$NB_FRAMES","$NB_FRAME,$NB_FRAMES","[{""$NB_FRAME"": 2, ""$NB_FRAMES"": 2}]",2,False,True,True,False,False,False,"C2,C3","plain_metavar,unnamed_ellipsis"
/home/moscovin/Documents/eboss/semgrep-rules-aggregate/scrap/lambdasec-autogrep/filtered_rules__c__FRRouting_rules.yaml,lambdasec-autogrep,0,0,vuln-frr-3515178d,A4,Negation / Filtering,"category,cwe,id,languages,message,metadata,owasp,pattern,pattern-not,references,severity,source-url,technology",False,True,True,False,False,False,False,"$MASK,$PNT,$P_END","$MASK,$PNT","[{""$MASK"": 2, ""$PNT"": 3, ""$P_END"": 1}]",2,False,True,True,False,False,False,"C2,C3","plain_metavar,unnamed_ellipsis"
/home/moscovin/Documents/eboss/semgrep-rules-aggregate/scrap/lambdasec-autogrep/filtered_rules__c__FreeRDP_rules.yaml,lambdasec-autogrep,0,0,vuln-freerdp-6b2bc419,A4,Negation / Filtering,"category,cwe,id,languages,message,metadata,owasp,pattern,pattern-not,references,severity,source-url,technology",False,True,True,False,False,False,False,"$FALSE,$ICONINFO,$S","$FALSE,$ICONINFO,$S","[{""$FALSE"": 4, ""$ICONINFO"": 5, ""$S"": 4}]",2,False,True,False,False,False,False,C2,plain_metavar
/home/moscovin/Documents/eboss/semgrep-rules-aggregate/scrap/lambdasec-autogrep/filtered_rules__c__FreeRDP_rules.yaml,lambdasec-autogrep,0,1,vuln-freerdp-09b9d4f1,A4,Negation / Filtering,"category,cwe,id,languages,message,metadata,owasp,pattern,pattern-not,references,severity,source-url,technology",False,True,True,False,False,False,False,"$BITMAP,$DSTHEIGHT,$DSTWIDTH,$SIZE","$BITMAP,$DSTHEIGHT,$DSTWIDTH,$SIZE","[{""$BITMAP"": 6, ""$DSTHEIGHT"": 4, ""$DSTWIDTH"": 4, ""$SIZE"": 4}]",2,False,True,False,False,False,False,C2,plain_metavar
/home/moscovin/Documents/eboss/semgrep-rules-aggregate/scrap/lambdasec-autogrep/filtered_rules__c__GNOME_rules.yaml,lambdasec-autogrep,0,0,vuln-gdm-94ea12bb,A4,Negation / Filtering,"category,cwe,id,languages,message,metadata,owasp,pattern,pattern-not,severity,source-url,technology",False,True,True,False,False,False,False,"$FUNC,$HANDLE_ERROR,$MSG,$VAR","$FUNC,$MSG,$VAR","[{""$FUNC"": 2, ""$HANDLE_ERROR"": 1, ""$MSG"": 2, ""$VAR"": 2}]",2,False,True,False,False,False,False,C2,plain_metavar
/home/moscovin/Documents/eboss/semgrep-rules-aggregate/scrap/lambdasec-autogrep/filtered_rules__c__GStreamer_rules.yaml,lambdasec-autogrep,0,0,vuln-gstreamer-d58f668e,A4,Negation / Filtering,"category,cwe,id,languages,message,metadata,owasp,pattern,pattern-not,references,severity,source-url,technology",False,True,True,False,False,False,False,"$DATA_SIZE,$MIN_SIZE,$SECTION_LENGTH","$DATA_SIZE,$SECTION_LENGTH","[{""$DATA_SIZE"": 3, ""$MIN_SIZE"": 1, ""$SECTION_LENGTH"": 2}]",2,False,True,True,False,False,False,"C2,C3","plain_metavar,unnamed_ellipsis"
/home/moscovin/Documents/eboss/semgrep-rules-aggregate/scrap/lambdasec-autogrep/filtered_rules__c__GStreamer_rules.yaml,lambdasec-autogrep,0,1,vuln-gstreamer-7b12593c,A4,Negation / Filtering,"category,cwe,id,languages,message,metadata,pattern,pattern-not,severity,source-url,technology",False,True,True,False,False,False,False,"$DATA,$END,$I,$NB_PROGRAMS","$I,$NB_PROGRAMS","[{""$DATA"": 1, ""$END"": 1, ""$I"": 6, ""$NB_PROGRAMS"": 3}]",2,False,True,True,False,False,False,"C2,C3","plain_metavar,unnamed_ellipsis"
/home/moscovin/Documents/eboss/semgrep-rules-aggregate/scrap/lambdasec-autogrep/filtered_rules__c__GStreamer_rules.yaml,lambdasec-autogrep,0,2,vuln-gstreamer-45dcd0b9,A4,Negation / Filtering,"category,cwe,id,languages,message,metadata,owasp,pattern,pattern-not,references,severity,source-url,technology",False,True,False,False,False,False,False,$VAR,,"[{""$VAR"": 1}]",2,True,True,False,False,False,False,"C1,C2","no_metavar,plain_metavar"
/home/moscovin/Documents/eboss/semgrep-rules-aggregate/scrap/lambdasec-autogrep/filtered_rules__c__HDFGroup_rules.yaml,lambdasec-autogrep,0,0,vuln-hdf5-302053f9,A4,Negation / Filtering,"category,cwe,id,languages,message,metadata,owasp,pattern,pattern-not,references,severity,source-url,technology",False,True,True,False,False,False,False,"$BUF,$BUF_SIZE,$DXPL_ID,$F,$MSG_ID,$OPEN_OH","$BUF,$DXPL_ID,$F,$MSG_ID,$OPEN_OH","[{""$BUF"": 2, ""$BUF_SIZE"": 1, ""$DXPL_ID"": 2, ""$F"": 2, ""$MSG_ID"": 2, ""$OPEN_OH"": 2}]",2,False,True,False,False,False,False,C2,plain_metavar
/home/moscovin/Documents/eboss/semgrep-rules-aggregate/scrap/lambdasec-autogrep/filtered_rules__c__ImageMagick_rules.yaml,lambdasec-autogrep,0,0,vuln-imagemagick-5a389769,A4,Negation / Filtering,"category,cwe,id,languages,message,metadata,owasp,pattern,pattern-not,references,severity,source-url,technology",False,True,True,False,False,False,False,"$LENGTH,$OFFSET,$PROFILE,$Q","$LENGTH,$OFFSET,$PROFILE","[{""$LENGTH"": 3, ""$OFFSET"": 2, ""$PROFILE"": 3, ""$Q"": 1}]",2,False,True,False,False,False,False,C2,plain_metavar
/home/moscovin/Documents/eboss/semgrep-rules-aggregate/scrap/lambdasec-autogrep/filtered_rules__c__ImageMagick_rules.yaml,lambdasec-autogrep,0,1,vuln-imagemagick6-f6ffc702,A4,Negation / Filtering,"category,cwe,id,languages,message,metadata,owasp,pattern,pattern-not,references,severity,source-url,technology",False,True,True,False,False,False,False,"$EXCEPTION,$IMAGE,$OTHER_IMAGE,$VIEW,$Y","$EXCEPTION,$IMAGE,$VIEW,$Y","[{""$EXCEPTION"": 2, ""$IMAGE"": 2, ""$OTHER_IMAGE"": 1, ""$VIEW"": 2, ""$Y"": 2}]",2,False,True,False,False,False,False,C2,plain_metavar
/home/moscovin/Documents/eboss/semgrep-rules-aggregate/scrap/lambdasec-autogrep/filtered_rules__c__InfrastructureServices_rules.yaml,lambdasec-autogrep,0,0,vuln-dnsmasq-03345ece,A4,Negation / Filtering,"category,cwe,id,languages,message,metadata,owasp,pattern,pattern-not,severity,source-url,technology",False,True,True,False,False,False,False,"$FUNC,$INBUFF,$MSG_TYPE,$STATE,$SZ","$FUNC,$INBUFF,$MSG_TYPE,$STATE,$SZ","[{""$FUNC"": 2, ""$INBUFF"": 4, ""$MSG_TYPE"": 2, ""$STATE"": 2, ""$SZ"": 2}]",2,False,True,True,False,False,False,"C2,C3","plain_metavar,unnamed_ellipsis"
/home/moscovin/Documents/eboss/semgrep-rules-aggregate/scrap/lambdasec-autogrep/filtered_rules__c__InfrastructureServices_rules.yaml,lambdasec-autogrep,0,1,vuln-dnsmasq-63437ffb,A4,Negation / Filtering,"category,cwe,id,languages,message,metadata,owasp,pattern,pattern-not,references,severity,source-url,technology",False,True,True,False,False,False,False,"$BUF,$LIMIT,$OFFSET,$SIZE","$BUF,$OFFSET","[{""$BUF"": 3, ""$LIMIT"": 1, ""$OFFSET"": 4, ""$SIZE"": 1}]",2,False,True,False,False,False,False,C2,plain_metavar
/home/moscovin/Documents/eboss/semgrep-rules-aggregate/scrap/lambdasec-autogrep/filtered_rules__c__LibVNC_rules.yaml,lambdasec-autogrep,0,0,vuln-libvncserver-f8912fee,A4,Negation / Filtering,"category,cwe,id,languages,message,metadata,owasp,pattern,pattern-not,references,severity,source-url,technology",False,True,True,False,False,False,False,"$CL,$RTCP","$CL,$RTCP","[{""$CL"": 2, ""$RTCP"": 2}]",2,False,True,False,False,False,False,C2,plain_metavar
/home/moscovin/Documents/eboss/semgrep-rules-aggregate/scrap/lambdasec-autogrep/filtered_rules__c__LibVNC_rules.yaml,lambdasec-autogrep,0,1,vuln-libvncserver-495ffa3f,A4,Negation / Filtering,"category,cwe,id,languages,message,metadata,owasp,pattern,pattern-not,references,severity,source-url,technology",False,True,True,False,False,False,False,"$CL,$RTCP","$CL,$RTCP","[{""$CL"": 6, ""$RTCP"": 2}]",2,False,True,False,False,False,False,C2,plain_metavar
/home/moscovin/Documents/eboss/semgrep-rules-aggregate/scrap/lambdasec-autogrep/filtered_rules__c__LibVNC_rules.yaml,lambdasec-autogrep,0,2,vuln-libvncserver-b5919c3b,A4,Negation / Filtering,"category,cwe,id,languages,message,metadata,owasp,pattern,pattern-not,references,severity,source-url,technology",False,True,True,False,False,False,False,$RET,$RET,"[{""$RET"": 2}]",2,False,True,False,False,False,False,C2,plain_metavar
/home/moscovin/Documents/eboss/semgrep-rules-aggregate/scrap/lambdasec-autogrep/filtered_rules__c__LibVNC_rules.yaml,lambdasec-autogrep,0,3,vuln-libvncserver-33441d90,A4,Negation / Filtering,"category,cwe,id,languages,message,metadata,owasp,pattern,pattern-not,references,severity,source-url,technology",False,True,True,False,False,False,False,"$CRED,$VAR","$CRED,$VAR","[{""$CRED"": 2, ""$VAR"": 3}]",2,False,True,False,False,False,False,C2,plain_metavar
/home/moscovin/Documents/eboss/semgrep-rules-aggregate/scrap/lambdasec-autogrep/filtered_rules__c__LibreDWG_rules.yaml,lambdasec-autogrep,0,0,vuln-libredwg-bcec483e,A4,Negation / Filtering,"category,cwe,id,languages,message,metadata,owasp,pattern,pattern-not,severity,source-url,technology",False,True,True,False,False,False,False,"$DECOMP,$I,$INFO,$J","$DECOMP,$I,$INFO,$J","[{""$DECOMP"": 2, ""$I"": 7, ""$INFO"": 4, ""$J"": 3}]",2,False,True,True,False,False,False,"C2,C3","plain_metavar,unnamed_ellipsis"
/home/moscovin/Documents/eboss/semgrep-rules-aggregate/scrap/lambdasec-autogrep/filtered_rules__c__Matthias-Wandel_rules.yaml,lambdasec-autogrep,0,0,vuln-jhead-76d11094,A4,Negation / Filtering,"category,cwe,id,languages,message,metadata,owasp,pattern,pattern-not,references,severity,source-url,technology",False,True,True,False,False,False,False,$VAR,$VAR,"[{""$VAR"": 2}]",2,False,True,True,False,False,False,"C2,C3","plain_metavar,unnamed_ellipsis"
/home/moscovin/Documents/eboss/semgrep-rules-aggregate/scrap/lambdasec-autogrep/filtered_rules__c__Matthias-Wandel_rules.yaml,lambdasec-autogrep,0,1,vuln-jhead-f0a88421,A4,Negation / Filtering,"category,cwe,id,languages,message,metadata,owasp,pattern,pattern-not,severity,source-url,technology",False,True,True,False,False,False,False,"$EXIF,$LEN,$RET","$EXIF,$LEN","[{""$EXIF"": 2, ""$LEN"": 2, ""$RET"": 1}]",2,False,True,True,False,False,False,"C2,C3","plain_metavar,unnamed_ellipsis"
/home/moscovin/Documents/eboss/semgrep-rules-aggregate/scrap/lambdasec-autogrep/filtered_rules__c__Matthias-Wandel_rules.yaml,lambdasec-autogrep,0,2,vuln-jhead-a50953a2,A4,Negation / Filtering,"category,cwe,id,languages,message,metadata,owasp,pattern,pattern-not,references,severity,source-url,technology",False,True,True,False,False,False,False,"$BYTECOUNT,$EXIFLENGTH,$OFFSETVAL","$BYTECOUNT,$EXIFLENGTH,$OFFSETVAL","[{""$BYTECOUNT"": 2, ""$EXIFLENGTH"": 2, ""$OFFSETVAL"": 5}]",2,False,True,True,False,False,False,"C2,C3","plain_metavar,unnamed_ellipsis"
/home/moscovin/Documents/eboss/semgrep-rules-aggregate/scrap/lambdasec-autogrep/filtered_rules__c__Matthias-Wandel_rules.yaml,lambdasec-autogrep,0,3,vuln-jhead-4827ed31,A4,Negation / Filtering,"category,cwe,id,languages,message,metadata,owasp,pattern,pattern-not,references,severity,source-url,technology",False,True,True,False,False,False,False,"$A,$CH,$CONTINUE,$DATA,$LENGTH","$A,$CH,$CONTINUE,$DATA","[{""$A"": 3, ""$CH"": 2, ""$CONTINUE"": 2, ""$DATA"": 2, ""$LENGTH"": 1}]",2,False,True,False,False,False,False,C2,plain_metavar
/home/moscovin/Documents/eboss/semgrep-rules-aggregate/scrap/lambdasec-autogrep/filtered_rules__c__Matthias-Wandel_rules.yaml,lambdasec-autogrep,0,4,vuln-jhead-b8d78e5e,A4,Negation / Filtering,"category,cwe,id,languages,message,metadata,owasp,pattern,pattern-not,severity,source-url,technology",False,True,True,False,False,False,False,"$A,$SECTIONS,$SECTIONS_READ,$SECTION_T","$A,$SECTIONS,$SECTIONS_READ,$SECTION_T","[{""$A"": 6, ""$SECTIONS"": 4, ""$SECTIONS_READ"": 2, ""$SECTION_T"": 2}]",2,False,True,False,False,False,False,C2,plain_metavar
/home/moscovin/Documents/eboss/semgrep-rules-aggregate/scrap/lambdasec-autogrep/filtered_rules__c__Moddable-OpenSource_rules.yaml,lambdasec-autogrep,0,0,vuln-moddable-ef5216cc,A4,Negation / Filtering,"category,cwe,id,languages,message,metadata,owasp,pattern,pattern-not,references,severity,source-url,technology",False,True,True,False,False,False,False,"$BYTE,$CONST,$ERROR,$FIELD,$FUNC,$ID,$MSG,$VAR","$BYTE,$CONST,$ERROR,$FUNC,$ID,$MSG,$VAR","[{""$BYTE"": 2, ""$CONST"": 2, ""$ERROR"": 3, ""$FIELD"": 1, ""$FUNC"": 3, ""$ID"": 3, ""$MSG"": 3, ""$VAR"": 3}]",2,False,True,False,False,False,False,C2,plain_metavar
/home/moscovin/Documents/eboss/semgrep-rules-aggregate/scrap/lambdasec-autogrep/filtered_rules__c__Moddable-OpenSource_rules.yaml,lambdasec-autogrep,0,1,vuln-moddable-df143cb6,A4,Negation / Filtering,"category,cwe,id,languages,message,metadata,owasp,pattern,pattern-not,severity,source-url,technology",False,True,True,False,False,False,False,"$TOKEN,$VAR","$TOKEN,$VAR","[{""$TOKEN"": 2, ""$VAR"": 3}]",2,False,True,True,False,False,False,"C2,C3","plain_metavar,unnamed_ellipsis"
/home/moscovin/Documents/eboss/semgrep-rules-aggregate/scrap/lambdasec-autogrep/filtered_rules__c__Moddable-OpenSource_rules.yaml,lambdasec-autogrep,0,2,vuln-moddable-8e94a366,A4,Negation / Filtering,"category,cwe,id,languages,message,metadata,owasp,pattern,pattern-not,references,severity,source-url,technology",False,True,True,False,False,False,False,"$INTEGER,$RADIX","$INTEGER,$RADIX","[{""$INTEGER"": 2, ""$RADIX"": 2}]",2,False,True,False,False,False,False,C2,plain_metavar
/home/moscovin/Documents/eboss/semgrep-rules-aggregate/scrap/lambdasec-autogrep/filtered_rules__c__NagiosEnterprises_rules.yaml,lambdasec-autogrep,0,0,vuln-nagioscore-8a61ba39,A4,Negation / Filtering,"category,cwe,id,languages,message,metadata,owasp,pattern,pattern-not,references,severity,source-url,technology",False,True,True,False,False,False,False,$BUF,$BUF,"[{""$BUF"": 4}]",2,False,True,True,False,False,False,"C2,C3","plain_metavar,unnamed_ellipsis"
/home/moscovin/Documents/eboss/semgrep-rules-aggregate/scrap/lambdasec-autogrep/filtered_rules__c__OISF_rules.yaml,lambdasec-autogrep,0,0,vuln-suricata-2f39ba75,A4,Negation / Filtering,"category,cwe,id,languages,message,metadata,owasp,pattern,pattern-not,references,severity,source-url,technology",False,True,True,False,False,False,False,$F,$F,"[{""$F"": 2}]",2,False,True,False,False,False,False,C2,plain_metavar
/home/moscovin/Documents/eboss/semgrep-rules-aggregate/scrap/lambdasec-autogrep/filtered_rules__c__OISF_rules.yaml,lambdasec-autogrep,0,1,vuln-suricata-d8634daf,A4,Negation / Filtering,"category,cwe,id,languages,message,metadata,owasp,pattern,pattern-not,references,severity,source-url,technology",False,True,True,False,False,False,False,"$FLAGS,$PROTO,$PROTOCTX","$PROTO,$PROTOCTX","[{""$FLAGS"": 1, ""$PROTO"": 2, ""$PROTOCTX"": 2}]",2,False,True,True,False,False,False,"C2,C3","plain_metavar,unnamed_ellipsis"
/home/moscovin/Documents/eboss/semgrep-rules-aggregate/scrap/lambdasec-autogrep/filtered_rules__c__OISF_rules.yaml,lambdasec-autogrep,0,2,vuln-suricata-51790d38,A4,Negation / Filtering,"category,cwe,id,languages,message,metadata,owasp,pattern,pattern-not,severity,source-url,technology",False,True,True,False,False,False,False,"$FUNC,$LINE_LEN,$LINE_PTR","$FUNC,$LINE_LEN,$LINE_PTR","[{""$FUNC"": 2, ""$LINE_LEN"": 2, ""$LINE_PTR"": 2}]",2,False,True,True,False,False,False,"C2,C3","plain_metavar,unnamed_ellipsis"
/home/moscovin/Documents/eboss/semgrep-rules-aggregate/scrap/lambdasec-autogrep/filtered_rules__c__OpenPrinting_rules.yaml,lambdasec-autogrep,0,0,vuln-cups-ff1f8a62,A4,Negation / Filtering,"category,cwe,id,languages,message,metadata,owasp,pattern,pattern-not,references,severity,source-url,technology",False,True,True,False,False,False,False,"$ADDR,$FD,$LENGTH","$ADDR,$FD,$LENGTH","[{""$ADDR"": 4, ""$FD"": 2, ""$LENGTH"": 2}]",2,False,True,True,False,False,False,"C2,C3","plain_metavar,unnamed_ellipsis"
/home/moscovin/Documents/eboss/semgrep-rules-aggregate/scrap/lambdasec-autogrep/filtered_rules__c__OpenPrinting_rules.yaml,lambdasec-autogrep,0,1,vuln-cups-filters-8f274035,A4,Negation / Filtering,"category,cwe,id,languages,message,metadata,owasp,pattern,pattern-not,references,severity,source-url,technology",False,True,True,False,False,False,False,"$BACKEND_ARGV,$BACKEND_PATH,$CMDLINE,$PID,$RETVAL","$PID,$RETVAL","[{""$BACKEND_ARGV"": 1, ""$BACKEND_PATH"": 1, ""$CMDLINE"": 1, ""$PID"": 2, ""$RETVAL"": 2}]",2,False,True,True,False,False,False,"C2,C3","plain_metavar,unnamed_ellipsis"
/home/moscovin/Documents/eboss/semgrep-rules-aggregate/scrap/lambdasec-autogrep/filtered_rules__c__OpenSC_rules.yaml,lambdasec-autogrep,0,0,vuln-opensc-c3f23b83,A4,Negation / Filtering,"category,cwe,id,languages,message,metadata,owasp,pattern,pattern-not,severity,source-url,technology",False,True,True,False,False,False,False,"$EXPR,$VAR","$EXPR,$VAR","[{""$EXPR"": 3, ""$VAR"": 2}]",2,False,True,False,False,False,False,C2,plain_metavar
/home/moscovin/Documents/eboss/semgrep-rules-aggregate/scrap/lambdasec-autogrep/filtered_rules__c__OpenSC_rules.yaml,lambdasec-autogrep,0,1,vuln-opensc-6903aebf,A4,Negation / Filtering,"category,cwe,id,languages,message,metadata,owasp,pattern,pattern-not,severity,source-url,technology",False,True,True,False,False,False,False,"$FILE,$OFFS,$REC,$REC_LEN","$FILE,$OFFS,$REC,$REC_LEN","[{""$FILE"": 2, ""$OFFS"": 2, ""$REC"": 2, ""$REC_LEN"": 2}]",2,False,True,False,False,False,False,C2,plain_metavar
/home/moscovin/Documents/eboss/semgrep-rules-aggregate/scrap/lambdasec-autogrep/filtered_rules__c__OpenSC_rules.yaml,lambdasec-autogrep,0,2,vuln-opensc-40c50a3a,A4,Negation / Filtering,"category,cwe,id,languages,message,metadata,owasp,pattern,pattern-not,severity,source-url,technology",False,True,True,False,False,False,False,"$BLOB,$COND","$BLOB,$COND","[{""$BLOB"": 3, ""$COND"": 2}]",2,False,True,True,False,False,False,"C2,C3","plain_metavar,unnamed_ellipsis"
/home/moscovin/Documents/eboss/semgrep-rules-aggregate/scrap/lambdasec-autogrep/filtered_rules__c__OpenSC_rules.yaml,lambdasec-autogrep,0,3,vuln-opensc-7114fb71,A4,Negation / Filtering,"category,cwe,id,languages,message,metadata,owasp,pattern,pattern-not,severity,source-url,technology",False,True,True,False,False,False,False,$VAR,$VAR,"[{""$VAR"": 3}]",2,False,True,False,False,False,False,C2,plain_metavar
/home/moscovin/Documents/eboss/semgrep-rules-aggregate/scrap/lambdasec-autogrep/filtered_rules__c__RIOT-OS_rules.yaml,lambdasec-autogrep,0,0,vuln-riot-07f1254d,A4,Negation / Filtering,"category,cwe,id,languages,message,metadata,owasp,pattern,pattern-not,severity,source-url,technology",False,True,True,False,False,False,False,"$P,$URI_END",$P,"[{""$P"": 7, ""$URI_END"": 1}]",2,False,True,True,False,False,False,"C2,C3","plain_metavar,unnamed_ellipsis"
/home/moscovin/Documents/eboss/semgrep-rules-aggregate/scrap/lambdasec-autogrep/filtered_rules__c__RIOT-OS_rules.yaml,lambdasec-autogrep,0,1,vuln-riot-3c7fd0cd,A4,Negation / Filtering,"category,cwe,id,languages,message,metadata,owasp,pattern,pattern-not,references,severity,source-url,technology",False,True,True,False,False,False,False,"$EXPR,$FUNC,$VAR,$VAR2","$EXPR,$FUNC,$VAR,$VAR2","[{""$EXPR"": 2, ""$FUNC"": 2, ""$VAR"": 2, ""$VAR2"": 2}]",2,False,True,True,False,False,False,"C2,C3","plain_metavar,unnamed_ellipsis"
/home/moscovin/Documents/eboss/semgrep-rules-aggregate/scrap/lambdasec-autogrep/filtered_rules__c__SchedMD_rules.yaml,lambdasec-autogrep,0,0,vuln-slurm-351669e7,A4,Negation / Filtering,"category,cwe,id,languages,message,metadata,owasp,pattern,pattern-not,references,severity,source-url,technology",False,True,True,False,False,False,False,"$MSG,$SIG,$SIG_LEN","$MSG,$SIG","[{""$MSG"": 5, ""$SIG"": 2, ""$SIG_LEN"": 1}]",2,False,True,True,False,False,False,"C2,C3","plain_metavar,unnamed_ellipsis"
/home/moscovin/Documents/eboss/semgrep-rules-aggregate/scrap/lambdasec-autogrep/filtered_rules__c__SchedMD_rules.yaml,lambdasec-autogrep,0,1,vuln-slurm-5ac031b2,A4,Negation / Filtering,"category,cwe,id,languages,message,metadata,owasp,pattern,pattern-not,severity,source-url,technology",False,True,True,False,False,False,False,$UID,$UID,"[{""$UID"": 2}]",2,False,True,False,False,False,False,C2,plain_metavar
/home/moscovin/Documents/eboss/semgrep-rules-aggregate/scrap/lambdasec-autogrep/filtered_rules__c__VirusTotal_rules.yaml,lambdasec-autogrep,0,0,vuln-yara-4a342f01,A4,Negation / Filtering,"category,cwe,id,languages,message,metadata,owasp,pattern,pattern-not,severity,source-url,technology",False,True,True,False,False,False,False,$INDEX,$INDEX,"[{""$INDEX"": 2}]",2,False,True,False,False,False,False,C2,plain_metavar
/home/moscovin/Documents/eboss/semgrep-rules-aggregate/scrap/lambdasec-autogrep/filtered_rules__c___rules.yaml,lambdasec-autogrep,0,0,vuln-freetype-77930974,A4,Negation / Filtering,"category,cwe,id,languages,message,metadata,owasp,pattern,pattern-not,references,severity,source-url,technology",False,True,True,False,False,False,False,"$FACE,$FUNC,$NUM_INSTANCES,$STREAM,$TTAG_CFF","$FACE,$FUNC,$NUM_INSTANCES,$STREAM,$TTAG_CFF","[{""$FACE"": 3, ""$FUNC"": 3, ""$NUM_INSTANCES"": 2, ""$STREAM"": 3, ""$TTAG_CFF"": 2}]",2,False,True,False,False,False,False,C2,plain_metavar
/home/moscovin/Documents/eboss/semgrep-rules-aggregate/scrap/lambdasec-autogrep/filtered_rules__c___rules.yaml,lambdasec-autogrep,0,1,vuln-libmspack-72e70a92,A4,Negation / Filtering,"category,cwe,id,languages,message,metadata,owasp,pattern,pattern-not,severity,source-url,technology",False,True,True,False,False,False,False,"$LIMIT,$VAR","$LIMIT,$VAR","[{""$LIMIT"": 2, ""$VAR"": 4}]",2,False,True,True,False,False,False,"C2,C3","plain_metavar,unnamed_ellipsis"
/home/moscovin/Documents/eboss/semgrep-rules-aggregate/scrap/lambdasec-autogrep/filtered_rules__c___rules.yaml,lambdasec-autogrep,0,2,vuln-dosfstools-e8eff147,A4,Negation / Filtering,"category,cwe,id,languages,message,metadata,owasp,pattern,pattern-not,references,severity,source-url,technology",False,True,True,False,False,False,False,"$FS,$LSS","$FS,$LSS","[{""$FS"": 4, ""$LSS"": 2}]",2,False,True,False,False,False,False,C2,plain_metavar
/home/moscovin/Documents/eboss/semgrep-rules-aggregate/scrap/lambdasec-autogrep/filtered_rules__c___rules.yaml,lambdasec-autogrep,0,3,vuln-libgit2-9844d38b,A4,Negation / Filtering,"category,cwe,id,languages,message,metadata,owasp,pattern,pattern-not,references,severity,source-url,technology",False,True,True,False,False,False,False,"$CMD,$DELTA,$DELTA_END,$MASK1,$MASK2,$MASK3,$MASK4,$O,$SHIFT,$SHIFT1,$SHIFT2,$SHIFT3,$SHIFT4,$VAR1","$CMD,$DELTA,$MASK1,$MASK2,$MASK3,$MASK4,$O,$SHIFT,$SHIFT1,$SHIFT2,$SHIFT3,$VAR1","[{""$CMD"": 8, ""$DELTA"": 6, ""$DELTA_END"": 1, ""$MASK1"": 2, ""$MASK2"": 2, ""$MASK3"": 2, ""$MASK4"": 2, ""$O"": 2, ""$SHIFT"": 2, ""$SHIFT1"": 2, ""$SHIFT2"": 2, ""$SHIFT3"": 2, ""$SHIFT4"": 1, ""$VAR1"": 8}]",2,False,True,False,False,False,False,C2,plain_metavar
/home/moscovin/Documents/eboss/semgrep-rules-aggregate/scrap/lambdasec-autogrep/filtered_rules__c___rules.yaml,lambdasec-autogrep,0,4,vuln-vim-d1ae8366,A4,Negation / Filtering,"category,cwe,id,languages,message,metadata,owasp,pattern,pattern-not,references,severity,source-url,technology",False,True,True,False,False,False,False,"$REG,$YCURRENT",$REG,"[{""$REG"": 2, ""$YCURRENT"": 1}]",2,False,True,True,False,False,False,"C2,C3","plain_metavar,unnamed_ellipsis"
/home/moscovin/Documents/eboss/semgrep-rules-aggregate/scrap/lambdasec-autogrep/filtered_rules__c___rules.yaml,lambdasec-autogrep,0,5,vuln-openssl-7725e7bf,A4,Negation / Filtering,"category,cwe,id,languages,message,metadata,owasp,pattern,pattern-not,references,severity,source-url,technology",False,True,True,False,False,False,False,"$EXFLAG_INVALID_POLICY,$EX_FLAGS,$LOCK,$RET","$EXFLAG_INVALID_POLICY,$EX_FLAGS,$LOCK,$RET","[{""$EXFLAG_INVALID_POLICY"": 3, ""$EX_FLAGS"": 3, ""$LOCK"": 4, ""$RET"": 2}]",2,False,True,False,False,False,False,C2,plain_metavar
/home/moscovin/Documents/eboss/semgrep-rules-aggregate/scrap/lambdasec-autogrep/filtered_rules__c___rules.yaml,lambdasec-autogrep,0,6,vuln-qemu-a71c775b,A4,Negation / Filtering,"category,cwe,id,languages,message,metadata,owasp,pattern,pattern-not,severity,source-url,technology",False,True,True,False,False,False,False,"$BLK,$BLOCKSIZE,$BUF,$CMD_BUF,$MAX_TRANSFER,$PAGE,$TYPE","$BLK,$BLOCKSIZE,$BUF,$CMD_BUF,$MAX_TRANSFER,$PAGE,$TYPE","[{""$BLK"": 2, ""$BLOCKSIZE"": 2, ""$BUF"": 6, ""$CMD_BUF"": 3, ""$MAX_TRANSFER"": 8, ""$PAGE"": 2, ""$TYPE"": 2}]",2,False,True,False,False,False,False,C2,plain_metavar
/home/moscovin/Documents/eboss/semgrep-rules-aggregate/scrap/lambdasec-autogrep/filtered_rules__c___rules.yaml,lambdasec-autogrep,0,7,vuln-openldap-6fe51a9a,A4,Negation / Filtering,"category,cwe,id,languages,message,metadata,owasp,pattern,pattern-not,severity,source-url,technology",True,False,False,False,False,False,False,,,[],2,True,False,False,False,False,False,C1,no_metavar
/home/moscovin/Documents/eboss/semgrep-rules-aggregate/scrap/lambdasec-autogrep/filtered_rules__c___rules.yaml,lambdasec-autogrep,0,8,vuln-slurm-750cc23e,A4,Negation / Filtering,"category,cwe,id,languages,message,metadata,owasp,pattern,pattern-not,severity,source-url,technology",False,True,True,False,False,False,False,"$CLEAR,$SIZE","$CLEAR,$SIZE","[{""$CLEAR"": 2, ""$SIZE"": 3}]",2,False,True,True,False,False,False,"C2,C3","plain_metavar,unnamed_ellipsis"
/home/moscovin/Documents/eboss/semgrep-rules-aggregate/scrap/lambdasec-autogrep/filtered_rules__c___rules.yaml,lambdasec-autogrep,0,9,vuln-gnutls-3efb6c5f,A4,Negation / Filtering,"category,cwe,id,languages,message,metadata,owasp,pattern,pattern-not,severity,source-url,technology",False,True,True,False,False,False,False,"$DATA_SIZE,$RESPONDER_IDS,$RID_BYTES",$DATA_SIZE,"[{""$DATA_SIZE"": 2, ""$RESPONDER_IDS"": 1, ""$RID_BYTES"": 1}]",2,False,True,True,False,False,False,"C2,C3","plain_metavar,unnamed_ellipsis"
/home/moscovin/Documents/eboss/semgrep-rules-aggregate/scrap/lambdasec-autogrep/filtered_rules__c___rules.yaml,lambdasec-autogrep,0,10,vuln-krb5-ea92d2f0,A4,Negation / Filtering,"category,cwe,id,languages,message,metadata,owasp,pattern,pattern-not,severity,source-url,technology",False,True,True,False,False,False,False,"$BUFFER,$HEADER_LEN,$LEN","$BUFFER,$HEADER_LEN,$LEN","[{""$BUFFER"": 7, ""$HEADER_LEN"": 2, ""$LEN"": 3}]",2,False,True,True,False,False,False,"C2,C3","plain_metavar,unnamed_ellipsis"
/home/moscovin/Documents/eboss/semgrep-rules-aggregate/scrap/lambdasec-autogrep/filtered_rules__c___rules.yaml,lambdasec-autogrep,0,11,vuln-moddable-c31b8fd1,A4,Negation / Filtering,"category,cwe,id,languages,message,metadata,owasp,pattern,pattern-not,references,severity,source-url,technology",False,True,True,False,False,False,False,"$I,$J","$I,$J","[{""$I"": 6, ""$J"": 6}]",2,False,True,False,False,False,False,C2,plain_metavar
/home/moscovin/Documents/eboss/semgrep-rules-aggregate/scrap/lambdasec-autogrep/filtered_rules__c___rules.yaml,lambdasec-autogrep,0,12,vuln-libplist-3a55ddd3,A4,Negation / Filtering,"category,cwe,id,languages,message,metadata,owasp,pattern,pattern-not,references,severity,source-url,technology",False,True,True,False,False,False,False,"$DATA,$I,$N,$OUTBUF,$P,$PTR,$TABLE,$TARGET,$TMPCNT,$TMPVAL,$W1,$W2,$W3,$W4,$WV","$DATA,$I,$N,$OUTBUF,$P,$TABLE,$TARGET,$TMPCNT,$TMPVAL,$W1,$W2,$W3,$W4,$WV","[{""$DATA"": 4, ""$I"": 3, ""$N"": 4, ""$OUTBUF"": 3, ""$P"": 3, ""$PTR"": 1, ""$TABLE"": 5, ""$TARGET"": 3, ""$TMPCNT"": 4, ""$TMPVAL"": 6, ""$W1"": 6, ""$W2"": 10, ""$W3"": 10, ""$W4"": 8, ""$WV"": 3}]",2,False,True,True,False,False,False,"C2,C3","plain_metavar,unnamed_ellipsis"
/home/moscovin/Documents/eboss/semgrep-rules-aggregate/scrap/lambdasec-autogrep/filtered_rules__c___rules.yaml,lambdasec-autogrep,0,13,vuln-libtiff-438274f9,A4,Negation / Filtering,"category,cwe,id,languages,message,metadata,owasp,pattern,pattern-not,severity,source-url,technology",False,True,True,False,False,False,False,"$ROWSPERSTRIP,$STRIPSPERPLANE,$TD","$ROWSPERSTRIP,$STRIPSPERPLANE,$TD","[{""$ROWSPERSTRIP"": 3, ""$STRIPSPERPLANE"": 2, ""$TD"": 2}]",2,False,True,False,False,False,False,C2,plain_metavar
/home/moscovin/Documents/eboss/semgrep-rules-aggregate/scrap/lambdasec-autogrep/filtered_rules__c___rules.yaml,lambdasec-autogrep,0,14,vuln-clamav-26b19809,A4,Negation / Filtering,"category,cwe,id,languages,message,metadata,owasp,pattern,pattern-not,severity,source-url,technology",True,False,False,False,False,False,False,,,[],2,True,False,False,False,False,False,C1,no_metavar
/home/moscovin/Documents/eboss/semgrep-rules-aggregate/scrap/lambdasec-autogrep/filtered_rules__c___rules.yaml,lambdasec-autogrep,0,15,vuln-cyrus-imapd-1ebd8ae4,A4,Negation / Filtering,"category,cwe,id,languages,message,metadata,owasp,pattern,pattern-not,severity,source-url,technology",False,True,True,False,False,False,False,"$C,$HASH,$I,$RET_VAL,$SEED,$STRING,$USTR","$C,$HASH,$I,$RET_VAL,$SEED,$STRING,$USTR","[{""$C"": 5, ""$HASH"": 8, ""$I"": 7, ""$RET_VAL"": 4, ""$SEED"": 4, ""$STRING"": 4, ""$USTR"": 2}]",2,False,True,False,False,False,False,C2,plain_metavar
/home/moscovin/Documents/eboss/semgrep-rules-aggregate/scrap/lambdasec-autogrep/filtered_rules__c___rules.yaml,lambdasec-autogrep,0,16,vuln-gvdb-d83587b2,A4,Negation / Filtering,"category,cwe,id,languages,message,metadata,owasp,pattern,pattern-not,severity,source-url,technology",False,True,True,False,False,False,False,"$BYTES,$FILE,$STR","$BYTES,$FILE,$STR","[{""$BYTES"": 2, ""$FILE"": 2, ""$STR"": 2}]",2,False,True,True,False,False,False,"C2,C3","plain_metavar,unnamed_ellipsis"
/home/moscovin/Documents/eboss/semgrep-rules-aggregate/scrap/lambdasec-autogrep/filtered_rules__c___rules.yaml,lambdasec-autogrep,0,17,vuln-curl-cff89bc0,A4,Negation / Filtering,"category,cwe,id,languages,message,metadata,owasp,pattern,pattern-not,references,severity,source-url,technology",False,True,True,False,False,False,False,"$FP,$LINE,$MAX_LEN","$FP,$LINE,$MAX_LEN","[{""$FP"": 2, ""$LINE"": 2, ""$MAX_LEN"": 2}]",2,False,True,True,False,False,False,"C2,C3","plain_metavar,unnamed_ellipsis"
/home/moscovin/Documents/eboss/semgrep-rules-aggregate/scrap/lambdasec-autogrep/filtered_rules__c___rules.yaml,lambdasec-autogrep,0,18,vuln-flatpak-ba818f50,A4,Negation / Filtering,"category,cwe,id,languages,message,metadata,owasp,pattern,pattern-not,severity,source-url,technology",False,True,True,False,False,False,False,$METADATA,$METADATA,"[{""$METADATA"": 4}]",2,False,True,False,False,False,False,C2,plain_metavar
/home/moscovin/Documents/eboss/semgrep-rules-aggregate/scrap/lambdasec-autogrep/filtered_rules__c___rules.yaml,lambdasec-autogrep,0,19,vuln-opensc-f015746d,A4,Negation / Filtering,"category,cwe,id,languages,message,metadata,owasp,pattern,pattern-not,references,severity,source-url,technology",False,True,True,False,False,False,False,"$CARD,$FLAGS,$FUNC,$NAME,$OFFSET,$R,$SIZE,$TNAME","$CARD,$FLAGS,$FUNC,$NAME,$OFFSET,$R,$SIZE,$TNAME","[{""$CARD"": 2, ""$FLAGS"": 2, ""$FUNC"": 2, ""$NAME"": 7, ""$OFFSET"": 2, ""$R"": 4, ""$SIZE"": 4, ""$TNAME"": 7}]",2,False,True,True,False,False,False,"C2,C3","plain_metavar,unnamed_ellipsis"
/home/moscovin/Documents/eboss/semgrep-rules-aggregate/scrap/lambdasec-autogrep/filtered_rules__c___rules.yaml,lambdasec-autogrep,0,20,vuln-opensc-ed55fcd2,A4,Negation / Filtering,"category,cwe,id,languages,message,metadata,owasp,pattern,pattern-not,references,severity,source-url,technology",False,True,True,False,False,False,False,$I,$I,"[{""$I"": 6}]",2,False,True,True,False,False,False,"C2,C3","plain_metavar,unnamed_ellipsis"
/home/moscovin/Documents/eboss/semgrep-rules-aggregate/scrap/lambdasec-autogrep/filtered_rules__c___rules.yaml,lambdasec-autogrep,0,21,vuln-openjpeg-178194c0,A4,Negation / Filtering,"category,cwe,id,languages,message,metadata,owasp,pattern,pattern-not,references,severity,source-url,technology",False,True,True,False,False,False,False,"$CMAP,$I,$IS_SANE,$MANAGER,$NR_CHANNELS,$PCOL","$CMAP,$I,$NR_CHANNELS,$PCOL","[{""$CMAP"": 5, ""$I"": 6, ""$IS_SANE"": 1, ""$MANAGER"": 1, ""$NR_CHANNELS"": 2, ""$PCOL"": 2}]",2,False,True,True,False,False,False,"C2,C3","plain_metavar,unnamed_ellipsis"
/home/moscovin/Documents/eboss/semgrep-rules-aggregate/scrap/lambdasec-autogrep/filtered_rules__c___rules.yaml,lambdasec-autogrep,0,22,vuln-libical-04d84749,A4,Negation / Filtering,"category,cwe,id,languages,message,metadata,owasp,pattern,pattern-not,references,severity,source-url,technology",False,True,True,False,False,False,False,$PREV_CHAR,$PREV_CHAR,"[{""$PREV_CHAR"": 3}]",2,False,True,True,False,False,False,"C2,C3","plain_metavar,unnamed_ellipsis"
/home/moscovin/Documents/eboss/semgrep-rules-aggregate/scrap/lambdasec-autogrep/filtered_rules__c___rules.yaml,lambdasec-autogrep,0,23,vuln-freetype-cee5d593,A4,Negation / Filtering,"category,cwe,id,languages,message,metadata,owasp,pattern,pattern-not,severity,source-url,technology",False,True,True,False,False,False,False,"$OLDSIZE,$VAR","$OLDSIZE,$VAR","[{""$OLDSIZE"": 4, ""$VAR"": 2}]",2,False,True,False,False,False,False,C2,plain_metavar
/home/moscovin/Documents/eboss/semgrep-rules-aggregate/scrap/lambdasec-autogrep/filtered_rules__c__antirez_rules.yaml,lambdasec-autogrep,0,0,vuln-redis-e89086e0,A4,Negation / Filtering,"category,cwe,id,languages,message,metadata,owasp,pattern,pattern-not,references,severity,source-url,technology",False,True,True,False,False,False,False,"$ARG,$ARG2,$L,$LD,$POS,$SIZE","$ARG,$ARG2,$L,$LD,$POS,$SIZE","[{""$ARG"": 3, ""$ARG2"": 2, ""$L"": 5, ""$LD"": 3, ""$POS"": 6, ""$SIZE"": 3}]",2,False,True,True,False,False,False,"C2,C3","plain_metavar,unnamed_ellipsis"
/home/moscovin/Documents/eboss/semgrep-rules-aggregate/scrap/lambdasec-autogrep/filtered_rules__c__antirez_rules.yaml,lambdasec-autogrep,0,1,vuln-redis-874804da,A4,Negation / Filtering,"category,cwe,id,languages,message,metadata,owasp,pattern,pattern-not,references,severity,source-url,technology",False,True,True,False,False,False,False,$C,$C,"[{""$C"": 2}]",2,False,True,False,False,False,False,C2,plain_metavar
/home/moscovin/Documents/eboss/semgrep-rules-aggregate/scrap/lambdasec-autogrep/filtered_rules__c__antirez_rules.yaml,lambdasec-autogrep,0,2,vuln-redis-71536684,A4,Negation / Filtering,"category,cwe,id,languages,message,metadata,owasp,pattern,pattern-not,severity,source-url,technology",False,True,True,False,False,False,False,"$FILENAME,$FP,$MODE,$OLD_UMASK,$PERMISSIONS","$FILENAME,$FP,$OLD_UMASK","[{""$FILENAME"": 3, ""$FP"": 3, ""$MODE"": 1, ""$OLD_UMASK"": 2, ""$PERMISSIONS"": 1}]",2,False,True,False,False,False,False,C2,plain_metavar
/home/moscovin/Documents/eboss/semgrep-rules-aggregate/scrap/lambdasec-autogrep/filtered_rules__c__antirez_rules.yaml,lambdasec-autogrep,0,3,vuln-redis-01173bc8,A4,Negation / Filtering,"category,cwe,id,languages,message,metadata,owasp,pattern,pattern-not,references,severity,source-url,technology",False,True,True,False,False,False,False,"$DF,$FMT,$L","$DF,$FMT","[{""$DF"": 2, ""$FMT"": 2, ""$L"": 1}]",2,False,True,False,False,False,False,C2,plain_metavar
/home/moscovin/Documents/eboss/semgrep-rules-aggregate/scrap/lambdasec-autogrep/filtered_rules__c__apache_rules.yaml,lambdasec-autogrep,0,0,vuln-trafficserver-92f729f5,A4,Negation / Filtering,"category,cwe,id,languages,message,metadata,owasp,pattern,pattern-not,references,severity,source-url,technology",False,True,True,False,False,False,False,"$LEN,$MIN_LEN,$STR,$VALUE","$STR,$VALUE","[{""$LEN"": 1, ""$MIN_LEN"": 1, ""$STR"": 2, ""$VALUE"": 2}]",2,False,True,True,False,False,False,"C2,C3","plain_metavar,unnamed_ellipsis"
/home/moscovin/Documents/eboss/semgrep-rules-aggregate/scrap/lambdasec-autogrep/filtered_rules__c__apache_rules.yaml,lambdasec-autogrep,0,1,vuln-subversion-df961c8f,A4,Negation / Filtering,"category,cwe,id,languages,message,metadata,owasp,pattern,pattern-not,severity,source-url,technology",False,True,True,False,False,False,False,"$SVN_SSH,$VAR","$SVN_SSH,$VAR","[{""$SVN_SSH"": 2, ""$VAR"": 2}]",2,False,True,False,False,False,False,C2,plain_metavar
/home/moscovin/Documents/eboss/semgrep-rules-aggregate/scrap/lambdasec-autogrep/filtered_rules__c__apache_rules.yaml,lambdasec-autogrep,0,2,vuln-subversion-e4d42eb1,A4,Negation / Filtering,"category,cwe,id,languages,message,metadata,owasp,pattern,pattern-not,severity,source-url,technology",False,True,True,False,False,False,False,"$FUNC,$PROPNAME,$RESOURCE,$SUBPOOL,$VALUE","$FUNC,$PROPNAME,$RESOURCE,$VALUE","[{""$FUNC"": 2, ""$PROPNAME"": 2, ""$RESOURCE"": 2, ""$SUBPOOL"": 1, ""$VALUE"": 2}]",2,False,True,False,False,False,False,C2,plain_metavar
/home/moscovin/Documents/eboss/semgrep-rules-aggregate/scrap/lambdasec-autogrep/filtered_rules__c__appneta_rules.yaml,lambdasec-autogrep,0,0,vuln-tcpreplay-b63f1697,A4,Negation / Filtering,"category,cwe,id,languages,message,metadata,owasp,pattern,pattern-not,severity,source-url,technology",False,True,True,False,False,False,False,"$IP_HDR,$IP_LEN,$IP_LEN_WANT,$L2LEN,$PKTHDR","$IP_HDR,$IP_LEN,$IP_LEN_WANT,$L2LEN,$PKTHDR","[{""$IP_HDR"": 8, ""$IP_LEN"": 2, ""$IP_LEN_WANT"": 3, ""$L2LEN"": 3, ""$PKTHDR"": 5}]",2,False,True,False,False,False,False,C2,plain_metavar
/home/moscovin/Documents/eboss/semgrep-rules-aggregate/scrap/lambdasec-autogrep/filtered_rules__c__appneta_rules.yaml,lambdasec-autogrep,0,1,vuln-tcpreplay-e2ac765a,A4,Negation / Filtering,"category,cwe,id,languages,message,metadata,owasp,pattern,pattern-not,severity,source-url,technology",False,True,True,False,False,False,False,"$IP,$L2LEN,$PKT,$TC","$IP,$PKT,$TC","[{""$IP"": 2, ""$L2LEN"": 1, ""$PKT"": 2, ""$TC"": 2}]",2,False,True,False,False,False,False,C2,plain_metavar
/home/moscovin/Documents/eboss/semgrep-rules-aggregate/scrap/lambdasec-autogrep/filtered_rules__c__appneta_rules.yaml,lambdasec-autogrep,0,2,vuln-tcpreplay-ff0ece88,A4,Negation / Filtering,"category,cwe,id,languages,message,metadata,owasp,pattern,pattern-not,references,severity,source-url,technology",False,True,True,False,False,False,False,"$ETH_HDR,$LEN","$ETH_HDR,$LEN","[{""$ETH_HDR"": 2, ""$LEN"": 3}]",2,False,True,False,False,False,False,C2,plain_metavar
/home/moscovin/Documents/eboss/semgrep-rules-aggregate/scrap/lambdasec-autogrep/filtered_rules__c__appneta_rules.yaml,lambdasec-autogrep,0,3,vuln-tcpreplay-6fb578d2,A4,Negation / Filtering,"category,cwe,id,languages,message,metadata,owasp,pattern,pattern-not,references,severity,source-url,technology",False,True,True,False,False,False,False,$PKTDATA,$PKTDATA,"[{""$PKTDATA"": 2}]",2,False,True,True,False,False,False,"C2,C3","plain_metavar,unnamed_ellipsis"
/home/moscovin/Documents/eboss/semgrep-rules-aggregate/scrap/lambdasec-autogrep/filtered_rules__c__appneta_rules.yaml,lambdasec-autogrep,0,4,vuln-tcpreplay-46cf964a,A4,Negation / Filtering,"category,cwe,id,languages,message,metadata,owasp,pattern,pattern-not,severity,source-url,technology",True,False,False,False,False,False,False,,,[],2,True,False,True,False,False,False,"C1,C3","no_metavar,unnamed_ellipsis"
/home/moscovin/Documents/eboss/semgrep-rules-aggregate/scrap/lambdasec-autogrep/filtered_rules__c__aseprite_rules.yaml,lambdasec-autogrep,0,0,vuln-freetype2-c06da1ad,A4,Negation / Filtering,"category,cwe,id,languages,message,metadata,owasp,pattern,pattern-not,severity,source-url,technology",False,True,True,False,False,False,False,"$LIMIT,$PARSER,$STRING_SIZE","$LIMIT,$PARSER,$STRING_SIZE","[{""$LIMIT"": 2, ""$PARSER"": 4, ""$STRING_SIZE"": 3}]",2,False,True,True,False,False,False,"C2,C3","plain_metavar,unnamed_ellipsis"
/home/moscovin/Documents/eboss/semgrep-rules-aggregate/scrap/lambdasec-autogrep/filtered_rules__c__aseprite_rules.yaml,lambdasec-autogrep,0,1,vuln-freetype2-8d22746c,A4,Negation / Filtering,"category,cwe,id,languages,message,metadata,owasp,pattern,pattern-not,severity,source-url,technology",False,True,True,False,False,False,False,"$GLYPH,$MASK,$VAR","$GLYPH,$MASK,$VAR","[{""$GLYPH"": 2, ""$MASK"": 3, ""$VAR"": 2}]",2,False,True,False,False,False,False,C2,plain_metavar
/home/moscovin/Documents/eboss/semgrep-rules-aggregate/scrap/lambdasec-autogrep/filtered_rules__c__asterisk_rules.yaml,lambdasec-autogrep,0,0,vuln-asterisk-da2573a3,A4,Negation / Filtering,"category,cwe,id,languages,message,metadata,owasp,pattern,pattern-not,references,severity,source-url,technology",False,True,True,False,False,False,False,"$LEN,$LIMIT,$OCTET_CNT","$LEN,$LIMIT,$OCTET_CNT","[{""$LEN"": 2, ""$LIMIT"": 2, ""$OCTET_CNT"": 3}]",2,False,True,True,False,False,False,"C2,C3","plain_metavar,unnamed_ellipsis"
/home/moscovin/Documents/eboss/semgrep-rules-aggregate/scrap/lambdasec-autogrep/filtered_rules__c__aubio_rules.yaml,lambdasec-autogrep,0,0,vuln-aubio-b1559f4c,A4,Negation / Filtering,"category,cwe,id,languages,message,metadata,owasp,pattern,pattern-not,references,severity,source-url,technology",False,True,True,False,False,False,False,"$SIZE,$STRING,$VAR","$SIZE,$STRING,$VAR","[{""$SIZE"": 2, ""$STRING"": 2, ""$VAR"": 3}]",2,False,True,False,False,False,False,C2,plain_metavar
/home/moscovin/Documents/eboss/semgrep-rules-aggregate/scrap/lambdasec-autogrep/filtered_rules__c__bluez_rules.yaml,lambdasec-autogrep,0,0,vuln-bluez-3cccdbab,A4,Negation / Filtering,"category,cwe,id,languages,message,metadata,owasp,pattern,pattern-not,references,severity,source-url,technology",False,True,True,False,False,False,False,"$CLASSIC_BONDED_ONLY,$REQ",$REQ,"[{""$CLASSIC_BONDED_ONLY"": 1, ""$REQ"": 2}]",2,False,True,True,False,False,False,"C2,C3","plain_metavar,unnamed_ellipsis"
/home/moscovin/Documents/eboss/semgrep-rules-aggregate/scrap/lambdasec-autogrep/filtered_rules__c__bluez_rules.yaml,lambdasec-autogrep,0,1,vuln-bluez-0388794d,A4,Negation / Filtering,"category,cwe,id,languages,message,metadata,owasp,pattern,pattern-not,references,severity,source-url,technology",False,True,True,False,False,False,False,"$CAP,$SIZE","$CAP,$SIZE","[{""$CAP"": 4, ""$SIZE"": 2}]",2,False,True,True,False,False,False,"C2,C3","plain_metavar,unnamed_ellipsis"
/home/moscovin/Documents/eboss/semgrep-rules-aggregate/scrap/lambdasec-autogrep/filtered_rules__c__bluez_rules.yaml,lambdasec-autogrep,0,2,vuln-bluez-7a80d209,A4,Negation / Filtering,"category,cwe,id,languages,message,metadata,owasp,pattern,pattern-not,references,severity,source-url,technology",False,True,True,False,False,False,False,"$CAP,$CAPS,$DATA,$LENGTH,$PROCESSED,$SIZE","$CAP,$CAPS,$DATA,$LENGTH,$PROCESSED,$SIZE","[{""$CAP"": 8, ""$CAPS"": 2, ""$DATA"": 2, ""$LENGTH"": 3, ""$PROCESSED"": 4, ""$SIZE"": 6}]",2,False,True,True,False,False,False,"C2,C3","plain_metavar,unnamed_ellipsis"
/home/moscovin/Documents/eboss/semgrep-rules-aggregate/scrap/lambdasec-autogrep/filtered_rules__c__bminor_rules.yaml,lambdasec-autogrep,0,0,vuln-newlib-5f15d7c5,A4,Negation / Filtering,"category,cwe,id,languages,message,metadata,pattern,pattern-not,severity,source-url,technology",False,True,True,False,False,False,False,"$TP,$TS","$TP,$TS","[{""$TP"": 2, ""$TS"": 2}]",2,False,True,False,False,False,False,C2,plain_metavar
/home/moscovin/Documents/eboss/semgrep-rules-aggregate/scrap/lambdasec-autogrep/filtered_rules__c__brackeen_rules.yaml,lambdasec-autogrep,0,0,vuln-ok-file-formats-7a9fe754,A4,Negation / Filtering,"category,cwe,id,languages,message,metadata,owasp,pattern,pattern-not,references,severity,source-url,technology",False,True,False,False,False,False,False,"$BYTES_PER_STRING,$VAR",,"[{""$BYTES_PER_STRING"": 1, ""$VAR"": 1}]",2,False,True,False,False,False,False,C2,plain_metavar
/home/moscovin/Documents/eboss/semgrep-rules-aggregate/scrap/lambdasec-autogrep/filtered_rules__c__brackeen_rules.yaml,lambdasec-autogrep,0,1,vuln-ok-file-formats-ce43dd0a,A4,Negation / Filtering,"category,cwe,id,languages,message,metadata,owasp,pattern,pattern-not,severity,source-url,technology",False,True,True,False,False,False,False,"$BLOCKS,$EXTRA_SPACE,$NUM_BLOCKS,$SIZE","$BLOCKS,$EXTRA_SPACE,$NUM_BLOCKS,$SIZE","[{""$BLOCKS"": 2, ""$EXTRA_SPACE"": 2, ""$NUM_BLOCKS"": 2, ""$SIZE"": 2}]",2,False,True,False,False,False,False,C2,plain_metavar
/home/moscovin/Documents/eboss/semgrep-rules-aggregate/scrap/lambdasec-autogrep/filtered_rules__c__brianmario_rules.yaml,lambdasec-autogrep,0,0,vuln-yajl-ruby-a8ca8f47,A4,Negation / Filtering,"category,cwe,id,languages,message,metadata,owasp,pattern,pattern-not,severity,source-url,technology",False,True,True,False,False,False,False,"$END,$LEN",$END,"[{""$END"": 5, ""$LEN"": 1}]",2,False,True,True,False,False,False,"C2,C3","plain_metavar,unnamed_ellipsis"
/home/moscovin/Documents/eboss/semgrep-rules-aggregate/scrap/lambdasec-autogrep/filtered_rules__c__ccxvii_rules.yaml,lambdasec-autogrep,0,0,vuln-mujs-fa3d30fd,A4,Negation / Filtering,"category,cwe,id,languages,message,metadata,owasp,pattern,pattern-not,references,severity,source-url,technology",False,True,True,False,False,False,False,"$ALLOC,$CTX,$N,$NODE,$NULL,$NUM,$TYPE","$ALLOC,$CTX,$NULL,$TYPE","[{""$ALLOC"": 2, ""$CTX"": 2, ""$N"": 1, ""$NODE"": 1, ""$NULL"": 2, ""$NUM"": 1, ""$TYPE"": 2}]",2,False,True,False,False,False,False,C2,plain_metavar
/home/moscovin/Documents/eboss/semgrep-rules-aggregate/scrap/lambdasec-autogrep/filtered_rules__c__ccxvii_rules.yaml,lambdasec-autogrep,0,1,vuln-mujs-00d4606c,A4,Negation / Filtering,"category,cwe,id,languages,message,metadata,owasp,pattern,pattern-not,severity,source-url,technology",False,True,True,False,False,False,False,"$J,$M,$OPTS,$PROG,$RESULT,$TEXT","$M,$OPTS,$PROG,$RESULT,$TEXT","[{""$J"": 1, ""$M"": 2, ""$OPTS"": 2, ""$PROG"": 2, ""$RESULT"": 3, ""$TEXT"": 2}]",2,False,True,True,False,False,False,"C2,C3","plain_metavar,unnamed_ellipsis"
/home/moscovin/Documents/eboss/semgrep-rules-aggregate/scrap/lambdasec-autogrep/filtered_rules__c__ccxvii_rules.yaml,lambdasec-autogrep,0,2,vuln-mujs-833b6f16,A4,Negation / Filtering,"category,cwe,id,languages,message,metadata,owasp,pattern,pattern-not,severity,source-url,technology",False,True,True,False,False,False,False,"$EXP,$P",$P,"[{""$EXP"": 1, ""$P"": 4}]",2,False,True,True,False,False,False,"C2,C3","plain_metavar,unnamed_ellipsis"
/home/moscovin/Documents/eboss/semgrep-rules-aggregate/scrap/lambdasec-autogrep/filtered_rules__c__ccxvii_rules.yaml,lambdasec-autogrep,0,3,vuln-mujs-edb50ad6,A4,Negation / Filtering,"category,cwe,id,languages,message,metadata,owasp,pattern,pattern-not,severity,source-url,technology",False,True,True,False,False,False,False,"$INDEX,$J,$PROPERTY","$INDEX,$J,$PROPERTY","[{""$INDEX"": 2, ""$J"": 2, ""$PROPERTY"": 2}]",2,False,True,False,False,False,False,C2,plain_metavar
/home/moscovin/Documents/eboss/semgrep-rules-aggregate/scrap/lambdasec-autogrep/filtered_rules__c__ccxvii_rules.yaml,lambdasec-autogrep,0,4,vuln-mujs-7ef066a3,A4,Negation / Filtering,"category,cwe,id,languages,message,metadata,owasp,pattern,pattern-not,references,severity,source-url,technology",False,True,True,False,False,False,False,"$J,$OBJ","$J,$OBJ","[{""$J"": 2, ""$OBJ"": 2}]",2,False,True,False,False,False,False,C2,plain_metavar
/home/moscovin/Documents/eboss/semgrep-rules-aggregate/scrap/lambdasec-autogrep/filtered_rules__c__ccxvii_rules.yaml,lambdasec-autogrep,0,5,vuln-mujs-25821e6d,A4,Negation / Filtering,"category,cwe,id,languages,message,metadata,owasp,pattern,pattern-not,severity,source-url,technology",False,True,True,False,False,False,False,"$EXP,$EXPSIGN,$MAXEXPONENT","$EXP,$EXPSIGN,$MAXEXPONENT","[{""$EXP"": 8, ""$EXPSIGN"": 2, ""$MAXEXPONENT"": 6}]",2,False,True,True,False,False,False,"C2,C3","plain_metavar,unnamed_ellipsis"
/home/moscovin/Documents/eboss/semgrep-rules-aggregate/scrap/lambdasec-autogrep/filtered_rules__c__cesanta_rules.yaml,lambdasec-autogrep,0,0,vuln-mongoose-c65c8fda,A4,Negation / Filtering,"category,cwe,id,languages,message,metadata,owasp,pattern,pattern-not,severity,source-url,technology",False,True,True,False,False,False,False,"$C,$DIR,$FP,$FUNC,$HM,$NAME,$OFFSET,$OFT,$PATH","$C,$DIR,$FP,$FUNC,$HM,$NAME,$OFFSET,$OFT,$PATH","[{""$C"": 2, ""$DIR"": 4, ""$FP"": 4, ""$FUNC"": 2, ""$HM"": 6, ""$NAME"": 10, ""$OFFSET"": 8, ""$OFT"": 4, ""$PATH"": 9}]",2,False,True,True,False,False,False,"C2,C3","plain_metavar,unnamed_ellipsis"
/home/moscovin/Documents/eboss/semgrep-rules-aggregate/scrap/lambdasec-autogrep/filtered_rules__c__contiki-ng_rules.yaml,lambdasec-autogrep,0,0,vuln-contiki-ng-280019dc,A4,Negation / Filtering,"category,cwe,id,languages,message,metadata,owasp,pattern,pattern-not,severity,source-url,technology",False,True,True,False,False,False,False,"$LEN,$MTU,$VAR","$LEN,$MTU,$VAR","[{""$LEN"": 2, ""$MTU"": 2, ""$VAR"": 2}]",2,False,True,True,False,False,False,"C2,C3","plain_metavar,unnamed_ellipsis"
/home/moscovin/Documents/eboss/semgrep-rules-aggregate/scrap/lambdasec-autogrep/filtered_rules__c__contiki-ng_rules.yaml,lambdasec-autogrep,0,1,vuln-contiki-ng-6e21dd29,A4,Negation / Filtering,"category,cwe,id,languages,message,metadata,owasp,pattern,pattern-not,severity,source-url,technology",False,True,True,False,False,False,False,$VARNAME,$VARNAME,"[{""$VARNAME"": 2}]",2,False,True,False,False,False,False,C2,plain_metavar
/home/moscovin/Documents/eboss/semgrep-rules-aggregate/scrap/lambdasec-autogrep/filtered_rules__c__contiki-ng_rules.yaml,lambdasec-autogrep,0,2,vuln-contiki-ng-99a92574,A4,Negation / Filtering,"category,cwe,id,languages,message,metadata,owasp,pattern,pattern-not,severity,source-url,technology",False,True,True,False,False,False,False,"$ADDR_OFFSET,$ADDR_PTR,$CMPR,$CMPRI,$I,$RH_HEADER,$RH_OFFSET,$RPL_RH_LEN,$RPL_SRH_LEN,$UIP_BUF,$UIP_BUFSIZE","$ADDR_OFFSET,$ADDR_PTR,$CMPRI,$I,$RH_HEADER,$RH_OFFSET,$RPL_RH_LEN,$RPL_SRH_LEN","[{""$ADDR_OFFSET"": 3, ""$ADDR_PTR"": 2, ""$CMPR"": 1, ""$CMPRI"": 2, ""$I"": 2, ""$RH_HEADER"": 3, ""$RH_OFFSET"": 2, ""$RPL_RH_LEN"": 2, ""$RPL_SRH_LEN"": 2, ""$UIP_BUF"": 1, ""$UIP_BUFSIZE"": 1}]",2,False,True,False,False,False,False,C2,plain_metavar
/home/moscovin/Documents/eboss/semgrep-rules-aggregate/scrap/lambdasec-autogrep/filtered_rules__c__contiki-ng_rules.yaml,lambdasec-autogrep,0,3,vuln-contiki-ng-3216ebf5,A4,Negation / Filtering,"category,cwe,id,languages,message,metadata,owasp,pattern,pattern-not,severity,source-url,technology",False,True,True,False,False,False,False,"$ARRAY,$CID,$CONST,$I","$ARRAY,$CID,$CONST,$I","[{""$ARRAY"": 2, ""$CID"": 3, ""$CONST"": 3, ""$I"": 3}]",2,False,True,True,False,False,False,"C2,C3","plain_metavar,unnamed_ellipsis"
/home/moscovin/Documents/eboss/semgrep-rules-aggregate/scrap/lambdasec-autogrep/filtered_rules__c__coturn_rules.yaml,lambdasec-autogrep,0,0,vuln-coturn-e09bcd9f,A4,Negation / Filtering,"category,cwe,id,languages,message,metadata,owasp,pattern,pattern-not,severity,source-url,technology",False,True,True,False,False,False,False,"$DATA,$DATA_LEN","$DATA,$DATA_LEN","[{""$DATA"": 2, ""$DATA_LEN"": 5}]",2,False,True,False,False,False,False,C2,plain_metavar
/home/moscovin/Documents/eboss/semgrep-rules-aggregate/scrap/lambdasec-autogrep/filtered_rules__c__coturn_rules.yaml,lambdasec-autogrep,0,1,vuln-coturn-51a7c2b9,A4,Negation / Filtering,"category,cwe,id,languages,message,metadata,owasp,pattern,pattern-not,severity,source-url,technology",False,True,True,False,False,False,False,"$DATA,$DATA_LEN",$DATA,"[{""$DATA"": 6, ""$DATA_LEN"": 1}]",2,False,True,False,False,False,False,C2,plain_metavar
/home/moscovin/Documents/eboss/semgrep-rules-aggregate/scrap/lambdasec-autogrep/filtered_rules__c__curl_rules.yaml,lambdasec-autogrep,0,0,vuln-curl-7e92d12b,A4,Negation / Filtering,"category,cwe,id,languages,message,metadata,owasp,pattern,pattern-not,severity,source-url,technology",False,True,True,False,False,False,False,"$DOMAIN,$DOT,$FALSE,$TRUE","$DOMAIN,$DOT,$FALSE,$TRUE","[{""$DOMAIN"": 4, ""$DOT"": 3, ""$FALSE"": 2, ""$TRUE"": 2}]",2,False,True,False,False,False,False,C2,plain_metavar
/home/moscovin/Documents/eboss/semgrep-rules-aggregate/scrap/lambdasec-autogrep/filtered_rules__c__curl_rules.yaml,lambdasec-autogrep,0,1,vuln-curl-39ce47f2,A4,Negation / Filtering,"category,cwe,id,languages,message,metadata,owasp,pattern,pattern-not,references,severity,source-url,technology",False,True,True,False,False,False,False,"$DATA,$EXPECTED,$FORMAT,$VAR1,$VAR2","$DATA,$FORMAT,$VAR1,$VAR2","[{""$DATA"": 2, ""$EXPECTED"": 1, ""$FORMAT"": 2, ""$VAR1"": 2, ""$VAR2"": 2}]",2,False,True,True,False,False,False,"C2,C3","plain_metavar,unnamed_ellipsis"
/home/moscovin/Documents/eboss/semgrep-rules-aggregate/scrap/lambdasec-autogrep/filtered_rules__c__curl_rules.yaml,lambdasec-autogrep,0,2,vuln-curl-6ecdf513,A4,Negation / Filtering,"category,cwe,id,languages,message,metadata,owasp,pattern,pattern-not,severity,source-url,technology",False,True,True,False,False,False,False,"$ARG1,$ARG2,$ARG3,$ARG4,$ARG5,$ERROR,$FUNC,$NREAD","$ARG1,$ARG2,$ARG3,$ARG4,$ARG5,$FUNC,$NREAD","[{""$ARG1"": 2, ""$ARG2"": 2, ""$ARG3"": 2, ""$ARG4"": 2, ""$ARG5"": 2, ""$ERROR"": 1, ""$FUNC"": 2, ""$NREAD"": 3}]",2,False,True,False,False,False,False,C2,plain_metavar
/home/moscovin/Documents/eboss/semgrep-rules-aggregate/scrap/lambdasec-autogrep/filtered_rules__c__curl_rules.yaml,lambdasec-autogrep,0,3,vuln-curl-af32cd38,A4,Negation / Filtering,"category,cwe,id,languages,message,metadata,owasp,pattern,pattern-not,references,severity,source-url,technology",False,True,True,False,False,False,False,$VAR,$VAR,"[{""$VAR"": 2}]",2,False,True,False,False,False,False,C2,plain_metavar
/home/moscovin/Documents/eboss/semgrep-rules-aggregate/scrap/lambdasec-autogrep/filtered_rules__c__curl_rules.yaml,lambdasec-autogrep,0,4,vuln-curl-8236aba5,A4,Negation / Filtering,"category,cwe,id,languages,message,metadata,owasp,pattern,pattern-not,severity,source-url,technology",False,True,True,False,False,False,False,"$ALLOC,$FAILURE,$GLOBAL,$NEW,$OLD,$RC","$FAILURE,$NEW,$OLD,$RC","[{""$ALLOC"": 1, ""$FAILURE"": 2, ""$GLOBAL"": 1, ""$NEW"": 4, ""$OLD"": 3, ""$RC"": 3}]",2,False,True,False,False,False,False,C2,plain_metavar
/home/moscovin/Documents/eboss/semgrep-rules-aggregate/scrap/lambdasec-autogrep/filtered_rules__c__curl_rules.yaml,lambdasec-autogrep,0,5,vuln-curl-8ae35102,A4,Negation / Filtering,"category,cwe,id,languages,message,metadata,owasp,pattern,pattern-not,severity,source-url,technology",False,True,True,False,False,False,False,"$AUTH_TYPE,$AUTH_TYPE_WB,$EXPR,$VAR","$AUTH_TYPE,$AUTH_TYPE_WB,$EXPR,$VAR","[{""$AUTH_TYPE"": 2, ""$AUTH_TYPE_WB"": 2, ""$EXPR"": 4, ""$VAR"": 2}]",2,False,True,False,False,False,False,C2,plain_metavar
/home/moscovin/Documents/eboss/semgrep-rules-aggregate/scrap/lambdasec-autogrep/filtered_rules__c__curl_rules.yaml,lambdasec-autogrep,0,6,vuln-curl-686d54ba,A4,Negation / Filtering,"category,cwe,id,languages,message,metadata,owasp,pattern,pattern-not,severity,source-url,technology",False,True,True,False,False,False,False,"$BUFFER,$FUNC","$BUFFER,$FUNC","[{""$BUFFER"": 2, ""$FUNC"": 2}]",2,False,True,True,False,False,False,"C2,C3","plain_metavar,unnamed_ellipsis"
/home/moscovin/Documents/eboss/semgrep-rules-aggregate/scrap/lambdasec-autogrep/filtered_rules__c__curl_rules.yaml,lambdasec-autogrep,0,7,vuln-curl-192c4f78,A4,Negation / Filtering,"category,cwe,id,languages,message,metadata,owasp,pattern,pattern-not,severity,source-url,technology",False,True,True,False,False,False,False,"$ALLOC,$IN,$STRING","$IN,$STRING","[{""$ALLOC"": 1, ""$IN"": 2, ""$STRING"": 4}]",2,False,True,True,False,False,False,"C2,C3","plain_metavar,unnamed_ellipsis"
/home/moscovin/Documents/eboss/semgrep-rules-aggregate/scrap/lambdasec-autogrep/filtered_rules__c__curl_rules.yaml,lambdasec-autogrep,0,8,vuln-curl-89721ff0,A4,Negation / Filtering,"category,cwe,id,languages,message,metadata,owasp,pattern,pattern-not,references,severity,source-url,technology",False,True,True,False,False,False,False,$NEEDLE,$NEEDLE,"[{""$NEEDLE"": 2}]",2,False,True,True,False,False,False,"C2,C3","plain_metavar,unnamed_ellipsis"
/home/moscovin/Documents/eboss/semgrep-rules-aggregate/scrap/lambdasec-autogrep/filtered_rules__c__curl_rules.yaml,lambdasec-autogrep,0,9,vuln-curl-75ca568f,A4,Negation / Filtering,"category,cwe,id,languages,message,metadata,owasp,pattern,pattern-not,severity,source-url,technology",False,True,True,False,False,False,False,"$FUNC,$HANDLE,$LENGTH,$OLEN,$STRINDEX,$STRING,$TYPE","$FUNC,$HANDLE,$LENGTH,$OLEN,$STRINDEX,$STRING,$TYPE","[{""$FUNC"": 2, ""$HANDLE"": 2, ""$LENGTH"": 2, ""$OLEN"": 2, ""$STRINDEX"": 2, ""$STRING"": 2, ""$TYPE"": 2}]",2,False,True,True,False,False,False,"C2,C3","plain_metavar,unnamed_ellipsis"
/home/moscovin/Documents/eboss/semgrep-rules-aggregate/scrap/lambdasec-autogrep/filtered_rules__c__curl_rules.yaml,lambdasec-autogrep,0,10,vuln-curl-3bb273db,A4,Negation / Filtering,"category,cwe,id,languages,message,metadata,owasp,pattern,pattern-not,references,severity,source-url,technology",False,True,True,False,False,False,False,"$HOST,$PATH,$URL","$HOST,$PATH,$URL","[{""$HOST"": 2, ""$PATH"": 2, ""$URL"": 2}]",2,False,True,False,False,False,False,C2,plain_metavar
/home/moscovin/Documents/eboss/semgrep-rules-aggregate/scrap/lambdasec-autogrep/filtered_rules__c__curl_rules.yaml,lambdasec-autogrep,0,11,vuln-curl-fa3dbb9a,A4,Negation / Filtering,"category,cwe,id,languages,message,metadata,owasp,pattern,pattern-not,severity,source-url,technology",False,True,True,False,False,False,False,"$N,$NAMELEN,$VALUELEN","$N,$NAMELEN,$VALUELEN","[{""$N"": 2, ""$NAMELEN"": 2, ""$VALUELEN"": 2}]",2,False,True,False,False,False,False,C2,plain_metavar
/home/moscovin/Documents/eboss/semgrep-rules-aggregate/scrap/lambdasec-autogrep/filtered_rules__c__curl_rules.yaml,lambdasec-autogrep,0,12,vuln-curl-be285cde,A4,Negation / Filtering,"category,cwe,id,languages,message,metadata,owasp,pattern,pattern-not,references,severity,source-url,technology",False,True,True,False,False,False,False,"$BUFFER,$ERROR,$NTLM,$SIZE,$TYPE2_MARKER","$BUFFER,$NTLM,$SIZE,$TYPE2_MARKER","[{""$BUFFER"": 6, ""$ERROR"": 1, ""$NTLM"": 3, ""$SIZE"": 2, ""$TYPE2_MARKER"": 2}]",2,False,True,False,False,False,False,C2,plain_metavar
/home/moscovin/Documents/eboss/semgrep-rules-aggregate/scrap/lambdasec-autogrep/filtered_rules__c__curl_rules.yaml,lambdasec-autogrep,0,13,vuln-curl-fae6fea2,A4,Negation / Filtering,"category,cwe,id,languages,message,metadata,owasp,pattern,pattern-not,severity,source-url,technology",False,True,True,False,False,False,False,"$DUPHOST,$HLEN,$HOSTNAME,$STS","$DUPHOST,$HLEN,$HOSTNAME,$STS","[{""$DUPHOST"": 6, ""$HLEN"": 3, ""$HOSTNAME"": 2, ""$STS"": 3}]",2,False,True,True,False,False,False,"C2,C3","plain_metavar,unnamed_ellipsis"
/home/moscovin/Documents/eboss/semgrep-rules-aggregate/scrap/lambdasec-autogrep/filtered_rules__c__curl_rules.yaml,lambdasec-autogrep,0,14,vuln-curl-453e7a7a,A4,Negation / Filtering,"category,cwe,id,languages,message,metadata,owasp,pattern,pattern-not,severity,source-url,technology",False,True,True,False,False,False,False,$END,$END,"[{""$END"": 3}]",2,False,True,True,False,False,False,"C2,C3","plain_metavar,unnamed_ellipsis"
/home/moscovin/Documents/eboss/semgrep-rules-aggregate/scrap/lambdasec-autogrep/filtered_rules__c__curl_rules.yaml,lambdasec-autogrep,0,15,vuln-curl-ba1dbd78,A4,Negation / Filtering,"category,cwe,id,languages,message,metadata,owasp,pattern,pattern-not,references,severity,source-url,technology",False,True,True,False,False,False,False,"$DATA,$SCRATCH",$SCRATCH,"[{""$DATA"": 1, ""$SCRATCH"": 2}]",2,False,True,False,False,False,False,C2,plain_metavar
/home/moscovin/Documents/eboss/semgrep-rules-aggregate/scrap/lambdasec-autogrep/filtered_rules__c__curl_rules.yaml,lambdasec-autogrep,0,16,vuln-curl-fb4415d8,A4,Negation / Filtering,"category,cwe,id,languages,message,metadata,owasp,pattern,pattern-not,references,severity,source-url,technology",False,True,True,False,False,False,False,"$HOSTNAME_LEN,$LEN","$HOSTNAME_LEN,$LEN","[{""$HOSTNAME_LEN"": 2, ""$LEN"": 2}]",2,False,True,False,False,False,False,C2,plain_metavar
/home/moscovin/Documents/eboss/semgrep-rules-aggregate/scrap/lambdasec-autogrep/filtered_rules__c__curl_rules.yaml,lambdasec-autogrep,0,17,vuln-curl-2eb8dcf2,A4,Negation / Filtering,"category,cwe,id,languages,message,metadata,owasp,pattern,pattern-not,references,severity,source-url,technology",False,True,True,False,False,False,False,"$BIGLEN,$BIGONE,$COOKIE_DOMAIN,$COOKIE_DOMAIN_LEN,$HOSTNAME,$HOSTNAME_LEN,$LITTLE,$LITTLELEN","$BIGLEN,$BIGONE,$COOKIE_DOMAIN,$COOKIE_DOMAIN_LEN,$HOSTNAME,$HOSTNAME_LEN,$LITTLE,$LITTLELEN","[{""$BIGLEN"": 3, ""$BIGONE"": 3, ""$COOKIE_DOMAIN"": 3, ""$COOKIE_DOMAIN_LEN"": 5, ""$HOSTNAME"": 4, ""$HOSTNAME_LEN"": 5, ""$LITTLE"": 3, ""$LITTLELEN"": 3}]",2,False,True,False,False,False,False,C2,plain_metavar
/home/moscovin/Documents/eboss/semgrep-rules-aggregate/scrap/lambdasec-autogrep/filtered_rules__c__curl_rules.yaml,lambdasec-autogrep,0,18,vuln-curl-73980f9a,A4,Negation / Filtering,"category,cwe,id,languages,message,metadata,owasp,pattern,pattern-not,references,severity,source-url,technology",False,True,True,False,False,False,False,$PREFIX,$PREFIX,"[{""$PREFIX"": 2}]",2,False,True,False,False,False,False,C2,plain_metavar
/home/moscovin/Documents/eboss/semgrep-rules-aggregate/scrap/lambdasec-autogrep/filtered_rules__c__curl_rules.yaml,lambdasec-autogrep,0,19,vuln-curl-058f98dc,A4,Negation / Filtering,"category,cwe,id,languages,message,metadata,owasp,pattern,pattern-not,severity,source-url,technology",False,True,True,False,False,False,False,"$BUF,$HOSTNAME,$LEN,$PORT","$BUF,$HOSTNAME,$LEN,$PORT","[{""$BUF"": 2, ""$HOSTNAME"": 2, ""$LEN"": 2, ""$PORT"": 2}]",2,False,True,False,False,False,False,C2,plain_metavar
/home/moscovin/Documents/eboss/semgrep-rules-aggregate/scrap/lambdasec-autogrep/filtered_rules__c__curl_rules.yaml,lambdasec-autogrep,0,20,vuln-curl-2766262a,A4,Negation / Filtering,"category,cwe,id,languages,message,metadata,owasp,pattern,pattern-not,references,severity,source-url,technology",False,True,True,False,False,False,False,"$LEN,$LINE",$LINE,"[{""$LEN"": 1, ""$LINE"": 2}]",2,False,True,False,False,False,False,C2,plain_metavar
/home/moscovin/Documents/eboss/semgrep-rules-aggregate/scrap/lambdasec-autogrep/filtered_rules__c__cyrusimap_rules.yaml,lambdasec-autogrep,0,0,vuln-cyrus-imapd-833c22bd,A4,Negation / Filtering,"category,cwe,id,languages,message,metadata,owasp,pattern,pattern-not,references,severity,source-url,technology",False,True,True,False,False,False,False,$TABLE,$TABLE,"[{""$TABLE"": 3}]",2,False,True,False,False,False,False,C2,plain_metavar
/home/moscovin/Documents/eboss/semgrep-rules-aggregate/scrap/lambdasec-autogrep/filtered_rules__c__davea42_rules.yaml,lambdasec-autogrep,0,0,vuln-libdwarf-code-faf99408,A4,Negation / Filtering,"category,cwe,id,languages,message,metadata,owasp,pattern,pattern-not,severity,source-url,technology",False,True,True,False,False,False,False,"$FORMAT,$VAR,$VAR2","$FORMAT,$VAR,$VAR2","[{""$FORMAT"": 2, ""$VAR"": 2, ""$VAR2"": 3}]",2,False,True,False,False,False,False,C2,plain_metavar
/home/moscovin/Documents/eboss/semgrep-rules-aggregate/scrap/lambdasec-autogrep/filtered_rules__c__davea42_rules.yaml,lambdasec-autogrep,0,1,vuln-libdwarf-code-8151575a,A4,Negation / Filtering,"category,cwe,id,languages,message,metadata,owasp,pattern,pattern-not,severity,source-url,technology",False,True,True,False,False,False,False,$NSTRLEN,$NSTRLEN,"[{""$NSTRLEN"": 2}]",2,True,True,False,False,False,False,"C1,C2","no_metavar,plain_metavar"
/home/moscovin/Documents/eboss/semgrep-rules-aggregate/scrap/lambdasec-autogrep/filtered_rules__c__davea42_rules.yaml,lambdasec-autogrep,0,2,vuln-libdwarf-code-583f8834,A4,Negation / Filtering,"category,cwe,id,languages,message,metadata,pattern,pattern-not,severity,source-url,technology",False,True,True,False,False,False,False,"$ATCOUNT,$I","$ATCOUNT,$I","[{""$ATCOUNT"": 2, ""$I"": 7}]",2,False,True,True,False,False,False,"C2,C3","plain_metavar,unnamed_ellipsis"
/home/moscovin/Documents/eboss/semgrep-rules-aggregate/scrap/lambdasec-autogrep/filtered_rules__c__davea42_rules.yaml,lambdasec-autogrep,0,3,vuln-libdwarf-code-99e77c38,A4,Negation / Filtering,"category,cwe,id,languages,message,metadata,pattern,pattern-not,severity,source-url,technology",True,False,False,False,False,False,False,,,[],2,True,False,False,False,False,False,C1,no_metavar
/home/moscovin/Documents/eboss/semgrep-rules-aggregate/scrap/lambdasec-autogrep/filtered_rules__c__davea42_rules.yaml,lambdasec-autogrep,0,4,vuln-libdwarf-code-268c1f18,A4,Negation / Filtering,"category,cwe,id,languages,message,metadata,owasp,pattern,pattern-not,references,severity,source-url,technology",False,True,True,False,False,False,False,"$DBG,$ERROR,$LINE_PTR,$LINE_PTR_END,$UTMP2","$LINE_PTR,$UTMP2","[{""$DBG"": 1, ""$ERROR"": 1, ""$LINE_PTR"": 2, ""$LINE_PTR_END"": 1, ""$UTMP2"": 2}]",2,False,True,False,False,False,False,C2,plain_metavar
/home/moscovin/Documents/eboss/semgrep-rules-aggregate/scrap/lambdasec-autogrep/filtered_rules__c__davea42_rules.yaml,lambdasec-autogrep,0,5,vuln-libdwarf-code-0b28b923,A4,Negation / Filtering,"category,cwe,id,languages,message,metadata,owasp,pattern,pattern-not,severity,source-url,technology",False,True,True,False,False,False,False,$SHIFT,$SHIFT,"[{""$SHIFT"": 2}]",2,False,True,False,False,False,False,C2,plain_metavar
/home/moscovin/Documents/eboss/semgrep-rules-aggregate/scrap/lambdasec-autogrep/filtered_rules__c__derf_rules.yaml,lambdasec-autogrep,0,0,vuln-feh-f7a547b7,A4,Negation / Filtering,"category,cwe,id,languages,message,metadata,owasp,pattern,pattern-not,references,severity,source-url,technology",False,True,True,False,False,False,False,$LEN,$LEN,"[{""$LEN"": 2}]",2,False,True,False,False,False,False,C2,plain_metavar
/home/moscovin/Documents/eboss/semgrep-rules-aggregate/scrap/lambdasec-autogrep/filtered_rules__c__derf_rules.yaml,lambdasec-autogrep,0,1,vuln-feh-23421a86,A4,Negation / Filtering,"category,cwe,id,languages,message,metadata,owasp,pattern,pattern-not,severity,source-url,technology",False,True,True,False,False,False,False,"$QUIET,$TMPNAME,$URL","$QUIET,$TMPNAME,$URL","[{""$QUIET"": 2, ""$TMPNAME"": 2, ""$URL"": 2}]",2,False,True,False,False,False,False,C2,plain_metavar
/home/moscovin/Documents/eboss/semgrep-rules-aggregate/scrap/lambdasec-autogrep/filtered_rules__c__derf_rules.yaml,lambdasec-autogrep,0,2,vuln-feh-ae56ce24,A4,Negation / Filtering,"category,cwe,id,languages,message,metadata,owasp,pattern,pattern-not,severity,source-url,technology",False,True,True,False,False,False,False,"$QUIET,$TMPNAME,$URL","$QUIET,$TMPNAME,$URL","[{""$QUIET"": 2, ""$TMPNAME"": 2, ""$URL"": 2}]",2,False,True,False,False,False,False,C2,plain_metavar
/home/moscovin/Documents/eboss/semgrep-rules-aggregate/scrap/lambdasec-autogrep/filtered_rules__c__dovecot_rules.yaml,lambdasec-autogrep,0,0,vuln-core-f904cbdf,A4,Negation / Filtering,"category,cwe,id,languages,message,metadata,owasp,pattern,pattern-not,references,severity,source-url,technology",False,True,True,False,False,False,False,"$STR,$VAR",$STR,"[{""$STR"": 2, ""$VAR"": 1}]",2,False,True,False,False,False,False,C2,plain_metavar
/home/moscovin/Documents/eboss/semgrep-rules-aggregate/scrap/lambdasec-autogrep/filtered_rules__c__dovecot_rules.yaml,lambdasec-autogrep,0,1,vuln-core-2c3f3767,A4,Negation / Filtering,"category,cwe,id,languages,message,metadata,owasp,pattern,pattern-not,severity,source-url,technology",False,True,True,False,False,False,False,"$ARGS,$FUNC,$IDX,$USERNAME","$ARGS,$FUNC,$IDX,$USERNAME","[{""$ARGS"": 2, ""$FUNC"": 2, ""$IDX"": 2, ""$USERNAME"": 2}]",2,False,True,False,False,False,False,C2,plain_metavar
/home/moscovin/Documents/eboss/semgrep-rules-aggregate/scrap/lambdasec-autogrep/filtered_rules__c__erikd_rules.yaml,lambdasec-autogrep,0,0,vuln-libsndfile-6be89067,A4,Negation / Filtering,"category,cwe,id,languages,message,metadata,owasp,pattern,pattern-not,severity,source-url,technology",False,True,True,False,False,False,False,"$FUNC,$PSF,$PTR,$READ_BYTES,$SIZE","$FUNC,$PSF,$PTR,$READ_BYTES,$SIZE","[{""$FUNC"": 2, ""$PSF"": 2, ""$PTR"": 2, ""$READ_BYTES"": 4, ""$SIZE"": 2}]",2,False,True,True,False,False,False,"C2,C3","plain_metavar,unnamed_ellipsis"
/home/moscovin/Documents/eboss/semgrep-rules-aggregate/scrap/lambdasec-autogrep/filtered_rules__c__erikd_rules.yaml,lambdasec-autogrep,0,1,vuln-libsndfile-9e0e55f8,A4,Negation / Filtering,"category,cwe,id,languages,message,metadata,owasp,pattern,pattern-not,references,severity,source-url,technology",False,True,True,False,False,False,False,"$CONSTANT,$VALUE",$CONSTANT,"[{""$CONSTANT"": 4, ""$VALUE"": 1}]",2,False,True,True,False,False,False,"C2,C3","plain_metavar,unnamed_ellipsis"
/home/moscovin/Documents/eboss/semgrep-rules-aggregate/scrap/lambdasec-autogrep/filtered_rules__c__erikd_rules.yaml,lambdasec-autogrep,0,2,vuln-libsndfile-e4cc9d35,A4,Negation / Filtering,"category,cwe,id,languages,message,metadata,owasp,pattern,pattern-not,severity,source-url,technology",False,True,True,False,False,False,False,$VAR,$VAR,"[{""$VAR"": 2}]",2,False,True,True,False,False,False,"C2,C3","plain_metavar,unnamed_ellipsis"
/home/moscovin/Documents/eboss/semgrep-rules-aggregate/scrap/lambdasec-autogrep/filtered_rules__c__erikd_rules.yaml,lambdasec-autogrep,0,3,vuln-libsndfile-deb669ee,A4,Negation / Filtering,"category,cwe,id,languages,message,metadata,owasp,pattern,pattern-not,references,severity,source-url,technology",False,True,True,False,False,False,False,"$BLOCKALIGN,$CHANNELS,$PSF,$SAMPLESPERBLOCK","$BLOCKALIGN,$CHANNELS,$PSF,$SAMPLESPERBLOCK","[{""$BLOCKALIGN"": 4, ""$CHANNELS"": 4, ""$PSF"": 2, ""$SAMPLESPERBLOCK"": 2}]",2,False,True,True,False,False,False,"C2,C3","plain_metavar,unnamed_ellipsis"
/home/moscovin/Documents/eboss/semgrep-rules-aggregate/scrap/lambdasec-autogrep/filtered_rules__c__erikd_rules.yaml,lambdasec-autogrep,0,4,vuln-libsndfile-cb3c87aa,A4,Negation / Filtering,"category,cwe,id,languages,message,metadata,owasp,pattern,pattern-not,severity,source-url,technology",False,True,True,False,False,False,False,"$STRUCT,$VALUE",$STRUCT,"[{""$STRUCT"": 7, ""$VALUE"": 1}]",2,False,True,False,False,False,False,C2,plain_metavar
/home/moscovin/Documents/eboss/semgrep-rules-aggregate/scrap/lambdasec-autogrep/filtered_rules__c__espruino_rules.yaml,lambdasec-autogrep,0,0,vuln-espruino-013cb1be,A4,Negation / Filtering,"category,cwe,id,languages,message,metadata,owasp,pattern,pattern-not,references,severity,source-url,technology",False,True,True,False,False,False,False,$FILENAME,$FILENAME,"[{""$FILENAME"": 3}]",2,False,True,False,False,False,False,C2,plain_metavar
/home/moscovin/Documents/eboss/semgrep-rules-aggregate/scrap/lambdasec-autogrep/filtered_rules__c__espruino_rules.yaml,lambdasec-autogrep,0,1,vuln-espruino-ce192419,A4,Negation / Filtering,"category,cwe,id,languages,message,metadata,owasp,pattern,pattern-not,severity,source-url,technology",False,True,True,False,False,False,False,"$L,$LEN,$S","$L,$LEN,$S","[{""$L"": 3, ""$LEN"": 2, ""$S"": 2}]",2,False,True,True,False,False,False,"C2,C3","plain_metavar,unnamed_ellipsis"
/home/moscovin/Documents/eboss/semgrep-rules-aggregate/scrap/lambdasec-autogrep/filtered_rules__c__espruino_rules.yaml,lambdasec-autogrep,0,2,vuln-espruino-bed844f1,A4,Negation / Filtering,"category,cwe,id,languages,message,metadata,owasp,pattern,pattern-not,severity,source-url,technology",False,True,True,False,False,False,False,"$LEN,$SRC,$STR","$SRC,$STR","[{""$LEN"": 1, ""$SRC"": 2, ""$STR"": 2}]",2,False,True,False,False,False,False,C2,plain_metavar
/home/moscovin/Documents/eboss/semgrep-rules-aggregate/scrap/lambdasec-autogrep/filtered_rules__c__espruino_rules.yaml,lambdasec-autogrep,0,3,vuln-espruino-c1043117,A4,Negation / Filtering,"category,cwe,id,languages,message,metadata,owasp,pattern,pattern-not,references,severity,source-url,technology",False,True,True,False,False,False,False,"$BUF,$TYPE,$VAR","$BUF,$TYPE,$VAR","[{""$BUF"": 2, ""$TYPE"": 2, ""$VAR"": 2}]",2,False,True,False,False,False,False,C2,plain_metavar
/home/moscovin/Documents/eboss/semgrep-rules-aggregate/scrap/lambdasec-autogrep/filtered_rules__c__flatpak_rules.yaml,lambdasec-autogrep,0,0,vuln-flatpak-e26ac758,A4,Negation / Filtering,"category,cwe,id,languages,message,metadata,owasp,pattern,pattern-not,severity,source-url,technology",False,True,True,False,False,False,False,"$ARG,$ARG_COUNT,$ERRNUM,$SCALL,$SECCOMP","$ARG,$ARG_COUNT,$SCALL,$SECCOMP","[{""$ARG"": 2, ""$ARG_COUNT"": 2, ""$ERRNUM"": 1, ""$SCALL"": 2, ""$SECCOMP"": 2}]",2,False,True,False,False,False,False,C2,plain_metavar
/home/moscovin/Documents/eboss/semgrep-rules-aggregate/scrap/lambdasec-autogrep/filtered_rules__c__flatpak_rules.yaml,lambdasec-autogrep,0,1,vuln-flatpak-d9a8f9d8,A4,Negation / Filtering,"category,cwe,id,languages,message,metadata,owasp,pattern,pattern-not,references,severity,source-url,technology",False,True,True,False,False,False,False,"$BYTES,$ERROR,$METADATA,$METAKEY,$REF,$RESOLVED_METADATA,$RESOLVED_METAKEY","$BYTES,$METADATA,$METAKEY,$REF,$RESOLVED_METADATA,$RESOLVED_METAKEY","[{""$BYTES"": 4, ""$ERROR"": 1, ""$METADATA"": 2, ""$METAKEY"": 2, ""$REF"": 2, ""$RESOLVED_METADATA"": 2, ""$RESOLVED_METAKEY"": 2}]",2,False,True,False,False,False,False,C2,plain_metavar
/home/moscovin/Documents/eboss/semgrep-rules-aggregate/scrap/lambdasec-autogrep/filtered_rules__c__flatpak_rules.yaml,lambdasec-autogrep,0,2,vuln-flatpak-cc140104,A4,Negation / Filtering,"category,cwe,id,languages,message,metadata,owasp,pattern,pattern-not,references,severity,source-url,technology",False,True,True,False,False,False,False,"$ENV,$ENV_STRING,$VAL,$VAR","$ENV,$ENV_STRING,$VAL,$VAR","[{""$ENV"": 2, ""$ENV_STRING"": 4, ""$VAL"": 3, ""$VAR"": 5}]",2,False,True,True,False,False,False,"C2,C3","plain_metavar,unnamed_ellipsis"
/home/moscovin/Documents/eboss/semgrep-rules-aggregate/scrap/lambdasec-autogrep/filtered_rules__c__freetype_rules.yaml,lambdasec-autogrep,0,0,vuln-freetype-45a3c76b,A4,Negation / Filtering,"category,cwe,id,languages,message,metadata,owasp,pattern,pattern-not,severity,source-url,technology",False,True,True,False,False,False,False,"$COUNT,$STREAM","$COUNT,$STREAM","[{""$COUNT"": 2, ""$STREAM"": 4}]",2,False,True,False,False,False,False,C2,plain_metavar
/home/moscovin/Documents/eboss/semgrep-rules-aggregate/scrap/lambdasec-autogrep/filtered_rules__c__freetype_rules.yaml,lambdasec-autogrep,0,1,vuln-freetype-0545ec1c,A4,Negation / Filtering,"category,cwe,id,languages,message,metadata,owasp,pattern,pattern-not,references,severity,source-url,technology",False,True,True,False,False,False,False,"$CHARSET,$IDX,$SID","$CHARSET,$IDX,$SID","[{""$CHARSET"": 3, ""$IDX"": 3, ""$SID"": 3}]",2,False,True,False,False,False,False,C2,plain_metavar
/home/moscovin/Documents/eboss/semgrep-rules-aggregate/scrap/lambdasec-autogrep/filtered_rules__c__freetype_rules.yaml,lambdasec-autogrep,0,2,vuln-freetype-8b281f83,A4,Negation / Filtering,"category,cwe,id,languages,message,metadata,owasp,pattern,pattern-not,severity,source-url,technology",False,True,True,False,False,False,False,"$FUNC,$NUM,$NUM2,$PARSER,$RESULT,$TEMP","$FUNC,$NUM,$NUM2,$PARSER,$RESULT,$TEMP","[{""$FUNC"": 2, ""$NUM"": 3, ""$NUM2"": 2, ""$PARSER"": 2, ""$RESULT"": 2, ""$TEMP"": 2}]",2,False,True,True,False,False,False,"C2,C3","plain_metavar,unnamed_ellipsis"
/home/moscovin/Documents/eboss/semgrep-rules-aggregate/scrap/lambdasec-autogrep/filtered_rules__c__gdraheim_rules.yaml,lambdasec-autogrep,0,0,vuln-zziplib-0c0c9256,A4,Negation / Filtering,"category,cwe,id,languages,message,metadata,owasp,pattern,pattern-not,references,severity,source-url,technology",False,True,True,False,False,False,False,"$ARG,$ERROR",$ARG,"[{""$ARG"": 2, ""$ERROR"": 1}]",2,False,True,False,False,False,False,C2,plain_metavar
/home/moscovin/Documents/eboss/semgrep-rules-aggregate/scrap/lambdasec-autogrep/filtered_rules__c__gdraheim_rules.yaml,lambdasec-autogrep,0,1,vuln-zziplib-d2e5d5c5,A4,Negation / Filtering,"category,cwe,id,languages,message,metadata,owasp,pattern,pattern-not,references,severity,source-url,technology",False,True,True,False,False,False,False,"$COND,$ERROR_CODE,$VAR","$COND,$ERROR_CODE,$VAR","[{""$COND"": 2, ""$ERROR_CODE"": 2, ""$VAR"": 2}]",2,False,True,True,False,False,False,"C2,C3","plain_metavar,unnamed_ellipsis"
/home/moscovin/Documents/eboss/semgrep-rules-aggregate/scrap/lambdasec-autogrep/filtered_rules__c__gdraheim_rules.yaml,lambdasec-autogrep,0,2,vuln-zziplib-2a84ae73,A4,Negation / Filtering,"category,cwe,id,languages,message,metadata,owasp,pattern,pattern-not,severity,source-url,technology",False,True,True,False,False,False,False,"$END,$STRUCT,$TAIL","$END,$STRUCT,$TAIL","[{""$END"": 2, ""$STRUCT"": 2, ""$TAIL"": 2}]",2,False,True,False,False,False,False,C2,plain_metavar
/home/moscovin/Documents/eboss/semgrep-rules-aggregate/scrap/lambdasec-autogrep/filtered_rules__c__git-for-windows_rules.yaml,lambdasec-autogrep,0,0,vuln-git-bffc762f,A4,Negation / Filtering,"category,cwe,id,languages,message,metadata,owasp,pattern,pattern-not,references,severity,source-url,technology",False,True,True,False,False,False,False,"$ERR,$FLAGS,$PATH,$STAT","$ERR,$PATH,$STAT","[{""$ERR"": 3, ""$FLAGS"": 1, ""$PATH"": 3, ""$STAT"": 3}]",2,False,True,True,False,False,False,"C2,C3","plain_metavar,unnamed_ellipsis"
/home/moscovin/Documents/eboss/semgrep-rules-aggregate/scrap/lambdasec-autogrep/filtered_rules__c__gnutls_rules.yaml,lambdasec-autogrep,0,0,vuln-gnutls-fb2a6bae,A4,Negation / Filtering,"category,cwe,id,languages,message,metadata,owasp,pattern,pattern-not,references,severity,source-url,technology",False,True,True,False,False,False,False,"$FILENAME,$FP","$FILENAME,$FP","[{""$FILENAME"": 4, ""$FP"": 2}]",2,False,True,True,False,False,False,"C2,C3","plain_metavar,unnamed_ellipsis"
/home/moscovin/Documents/eboss/semgrep-rules-aggregate/scrap/lambdasec-autogrep/filtered_rules__c__gnutls_rules.yaml,lambdasec-autogrep,0,1,vuln-gnutls-42221486,A4,Negation / Filtering,"category,cwe,id,languages,message,metadata,owasp,pattern,pattern-not,references,severity,source-url,technology",False,True,True,False,False,False,False,"$CIPHERTEXT,$ERROR_CODE,$HASH_SIZE","$CIPHERTEXT,$ERROR_CODE","[{""$CIPHERTEXT"": 2, ""$ERROR_CODE"": 2, ""$HASH_SIZE"": 1}]",2,False,True,True,False,False,False,"C2,C3","plain_metavar,unnamed_ellipsis"
/home/moscovin/Documents/eboss/semgrep-rules-aggregate/scrap/lambdasec-autogrep/filtered_rules__c__gnutls_rules.yaml,lambdasec-autogrep,0,2,vuln-gnutls-60ee8a0e,A4,Negation / Filtering,"category,cwe,id,languages,message,metadata,owasp,pattern,pattern-not,references,severity,source-url,technology",False,True,True,False,False,False,False,$XCRED,$XCRED,"[{""$XCRED"": 2}]",2,False,True,False,False,False,False,C2,plain_metavar
/home/moscovin/Documents/eboss/semgrep-rules-aggregate/scrap/lambdasec-autogrep/filtered_rules__c__gnutls_rules.yaml,lambdasec-autogrep,0,3,vuln-gnutls-c8dcbedd,A4,Negation / Filtering,"category,cwe,id,languages,message,metadata,owasp,pattern,pattern-not,references,severity,source-url,technology",False,True,True,False,False,False,False,$FLAGS,$FLAGS,"[{""$FLAGS"": 2}]",2,False,True,False,False,False,False,C2,plain_metavar
/home/moscovin/Documents/eboss/semgrep-rules-aggregate/scrap/lambdasec-autogrep/filtered_rules__c__gnutls_rules.yaml,lambdasec-autogrep,0,4,vuln-gnutls-e14d85eb,A4,Negation / Filtering,"category,cwe,id,languages,message,metadata,owasp,pattern,pattern-not,severity,source-url,technology",False,True,True,False,False,False,False,"$GNUTLS_MAC_SHA384,$LEN,$PAD,$PARAMS,$TOTAL,$V","$LEN,$PAD,$PARAMS,$TOTAL,$V","[{""$GNUTLS_MAC_SHA384"": 1, ""$LEN"": 8, ""$PAD"": 2, ""$PARAMS"": 2, ""$TOTAL"": 4, ""$V"": 4}]",2,False,True,True,False,False,False,"C2,C3","plain_metavar,unnamed_ellipsis"
/home/moscovin/Documents/eboss/semgrep-rules-aggregate/scrap/lambdasec-autogrep/filtered_rules__c__gnutls_rules.yaml,lambdasec-autogrep,0,5,vuln-gnutls-688ea642,A4,Negation / Filtering,"category,cwe,id,languages,message,metadata,owasp,pattern,pattern-not,severity,source-url,technology",True,False,False,False,False,False,False,,,[],2,True,False,True,False,False,False,"C1,C3","no_metavar,unnamed_ellipsis"
/home/moscovin/Documents/eboss/semgrep-rules-aggregate/scrap/lambdasec-autogrep/filtered_rules__c__gnutls_rules.yaml,lambdasec-autogrep,0,6,vuln-gnutls-9bb4ca9e,A4,Negation / Filtering,"category,cwe,id,languages,message,metadata,owasp,pattern,pattern-not,severity,source-url,technology",False,True,True,False,False,False,False,$HD,$HD,"[{""$HD"": 2}]",2,False,True,False,False,False,False,C2,plain_metavar
/home/moscovin/Documents/eboss/semgrep-rules-aggregate/scrap/lambdasec-autogrep/filtered_rules__c__gnutls_rules.yaml,lambdasec-autogrep,0,7,vuln-gnutls-6be35136,A4,Negation / Filtering,"category,cwe,id,languages,message,metadata,owasp,pattern,pattern-not,references,severity,source-url,technology",False,True,True,False,False,False,False,"$DATA,$OUTPUT,$SIZE","$DATA,$OUTPUT,$SIZE","[{""$DATA"": 2, ""$OUTPUT"": 2, ""$SIZE"": 2}]",2,False,True,False,False,False,False,C2,plain_metavar
/home/moscovin/Documents/eboss/semgrep-rules-aggregate/scrap/lambdasec-autogrep/filtered_rules__c__gpac_rules.yaml,lambdasec-autogrep,0,0,vuln-gpac-ae831621,A4,Negation / Filtering,"category,cwe,id,languages,message,metadata,owasp,pattern,pattern-not,severity,source-url,technology",False,True,True,False,False,False,False,"$EXPR,$NAME","$EXPR,$NAME","[{""$EXPR"": 5, ""$NAME"": 2}]",2,False,True,False,False,False,False,C2,plain_metavar
/home/moscovin/Documents/eboss/semgrep-rules-aggregate/scrap/lambdasec-autogrep/filtered_rules__c__gpac_rules.yaml,lambdasec-autogrep,0,1,vuln-gpac-d33ecf81,A4,Negation / Filtering,"category,cwe,id,languages,message,metadata,owasp,pattern,pattern-not,severity,source-url,technology",False,True,True,False,False,False,False,"$ERROR,$NBITS","$ERROR,$NBITS","[{""$ERROR"": 2, ""$NBITS"": 3}]",2,False,True,False,False,False,False,C2,plain_metavar
/home/moscovin/Documents/eboss/semgrep-rules-aggregate/scrap/lambdasec-autogrep/filtered_rules__c__gpac_rules.yaml,lambdasec-autogrep,0,2,vuln-gpac-14ec709a,A4,Negation / Filtering,"category,cwe,id,languages,message,metadata,owasp,pattern,pattern-not,severity,source-url,technology",True,False,False,False,False,False,False,,,[],2,True,False,True,False,False,False,"C1,C3","no_metavar,unnamed_ellipsis"
/home/moscovin/Documents/eboss/semgrep-rules-aggregate/scrap/lambdasec-autogrep/filtered_rules__c__gpac_rules.yaml,lambdasec-autogrep,0,3,vuln-gpac-6c1e7ddf,A4,Negation / Filtering,"category,cwe,id,languages,message,metadata,owasp,pattern,pattern-not,severity,source-url,technology",False,True,True,False,False,False,False,$VAR,$VAR,"[{""$VAR"": 4}]",2,False,True,True,False,False,False,"C2,C3","plain_metavar,unnamed_ellipsis"
/home/moscovin/Documents/eboss/semgrep-rules-aggregate/scrap/lambdasec-autogrep/filtered_rules__c__gpac_rules.yaml,lambdasec-autogrep,0,4,vuln-gpac-77510778,A4,Negation / Filtering,"category,cwe,id,languages,message,metadata,owasp,pattern,pattern-not,severity,source-url,technology",False,True,True,False,False,False,False,$PROP_SIZE,$PROP_SIZE,"[{""$PROP_SIZE"": 2}]",2,False,True,False,False,False,False,C2,plain_metavar
/home/moscovin/Documents/eboss/semgrep-rules-aggregate/scrap/lambdasec-autogrep/filtered_rules__c__gpac_rules.yaml,lambdasec-autogrep,0,5,vuln-gpac-3661da28,A4,Negation / Filtering,"category,cwe,id,languages,message,metadata,owasp,pattern,pattern-not,severity,source-url,technology",False,True,True,False,False,False,False,"$SAMPLE_INDEX,$TRF_SDTP","$SAMPLE_INDEX,$TRF_SDTP","[{""$SAMPLE_INDEX"": 2, ""$TRF_SDTP"": 2}]",2,False,True,True,False,False,False,"C2,C3","plain_metavar,unnamed_ellipsis"
/home/moscovin/Documents/eboss/semgrep-rules-aggregate/scrap/lambdasec-autogrep/filtered_rules__c__gpac_rules.yaml,lambdasec-autogrep,0,6,vuln-gpac-362fc486,A4,Negation / Filtering,"category,cwe,id,languages,message,metadata,owasp,pattern,pattern-not,references,severity,source-url,technology",False,True,True,False,False,False,False,$PTR,$PTR,"[{""$PTR"": 2}]",2,False,True,True,False,False,False,"C2,C3","plain_metavar,unnamed_ellipsis"
/home/moscovin/Documents/eboss/semgrep-rules-aggregate/scrap/lambdasec-autogrep/filtered_rules__c__gpac_rules.yaml,lambdasec-autogrep,0,7,vuln-gpac-ad19e0c4,A4,Negation / Filtering,"category,cwe,id,languages,message,metadata,owasp,pattern,pattern-not,references,severity,source-url,technology",False,True,True,False,False,False,False,$EXPR,$EXPR,"[{""$EXPR"": 5}]",2,False,True,False,False,False,False,C2,plain_metavar
/home/moscovin/Documents/eboss/semgrep-rules-aggregate/scrap/lambdasec-autogrep/filtered_rules__c__gpac_rules.yaml,lambdasec-autogrep,0,8,vuln-gpac-0fc71487,A4,Negation / Filtering,"category,cwe,id,languages,message,metadata,owasp,pattern,pattern-not,references,severity,source-url,technology",False,True,True,False,False,False,False,$VAR,$VAR,"[{""$VAR"": 4}]",2,False,True,True,False,False,False,"C2,C3","plain_metavar,unnamed_ellipsis"
/home/moscovin/Documents/eboss/semgrep-rules-aggregate/scrap/lambdasec-autogrep/filtered_rules__c__gpac_rules.yaml,lambdasec-autogrep,0,9,vuln-gpac-613dbc57,A4,Negation / Filtering,"category,cwe,id,languages,message,metadata,owasp,pattern,pattern-not,severity,source-url,technology",False,True,True,False,False,False,False,$VAR,$VAR,"[{""$VAR"": 2}]",2,False,True,True,False,False,False,"C2,C3","plain_metavar,unnamed_ellipsis"
/home/moscovin/Documents/eboss/semgrep-rules-aggregate/scrap/lambdasec-autogrep/filtered_rules__c__gpac_rules.yaml,lambdasec-autogrep,0,10,vuln-gpac-6c51ddec,A4,Negation / Filtering,"category,cwe,id,languages,message,metadata,owasp,pattern,pattern-not,severity,source-url,technology",False,True,True,False,False,False,False,"$CTX,$NOW","$CTX,$NOW","[{""$CTX"": 4, ""$NOW"": 2}]",2,False,True,True,False,False,False,"C2,C3","plain_metavar,unnamed_ellipsis"
/home/moscovin/Documents/eboss/semgrep-rules-aggregate/scrap/lambdasec-autogrep/filtered_rules__c__gpac_rules.yaml,lambdasec-autogrep,0,11,vuln-gpac-c4a5109d,A4,Negation / Filtering,"category,cwe,id,languages,message,metadata,owasp,pattern,pattern-not,severity,source-url,technology",True,False,False,False,False,False,False,,,[],2,True,False,True,False,False,False,"C1,C3","no_metavar,unnamed_ellipsis"
/home/moscovin/Documents/eboss/semgrep-rules-aggregate/scrap/lambdasec-autogrep/filtered_rules__c__gpac_rules.yaml,lambdasec-autogrep,0,12,vuln-gpac-eb71812f,A5,Containment (inclusive),"category,cwe,id,languages,message,metadata,owasp,pattern,pattern-inside,pattern-not,references,severity,source-url,technology",False,True,True,False,False,False,False,"$IDX,$UDTA,$UDTA_SIZE","$IDX,$UDTA,$UDTA_SIZE","[{""$IDX"": 5, ""$UDTA"": 4, ""$UDTA_SIZE"": 2}]",3,False,True,True,False,False,False,"C2,C3","plain_metavar,unnamed_ellipsis"
/home/moscovin/Documents/eboss/semgrep-rules-aggregate/scrap/lambdasec-autogrep/filtered_rules__c__gpac_rules.yaml,lambdasec-autogrep,0,13,vuln-gpac-62dbd5ca,A4,Negation / Filtering,"category,cwe,id,languages,message,metadata,owasp,pattern,pattern-not,severity,source-url,technology",False,True,True,False,False,False,False,$STSZ,$STSZ,"[{""$STSZ"": 3}]",2,False,True,True,False,False,False,"C2,C3","plain_metavar,unnamed_ellipsis"
/home/moscovin/Documents/eboss/semgrep-rules-aggregate/scrap/lambdasec-autogrep/filtered_rules__c__gpg_rules.yaml,lambdasec-autogrep,0,0,vuln-libgcrypt-6199cd96,A4,Negation / Filtering,"category,cwe,id,languages,message,metadata,owasp,pattern,pattern-not,references,severity,source-url,technology",False,True,True,False,False,False,False,"$BLOCKLEN,$DST,$LEN,$LEN2,$OFFSET,$PEND,$SRC","$BLOCKLEN,$DST,$LEN,$OFFSET,$SRC","[{""$BLOCKLEN"": 2, ""$DST"": 4, ""$LEN"": 2, ""$LEN2"": 1, ""$OFFSET"": 2, ""$PEND"": 1, ""$SRC"": 5}]",2,False,True,True,False,False,False,"C2,C3","plain_metavar,unnamed_ellipsis"
/home/moscovin/Documents/eboss/semgrep-rules-aggregate/scrap/lambdasec-autogrep/filtered_rules__c__gpg_rules.yaml,lambdasec-autogrep,0,1,vuln-libgcrypt-707c3c5c,A4,Negation / Filtering,"category,cwe,id,languages,message,metadata,owasp,pattern,pattern-not,severity,source-url,technology",False,True,True,False,False,False,False,$P,$P,"[{""$P"": 2}]",2,False,True,False,False,False,False,C2,plain_metavar
/home/moscovin/Documents/eboss/semgrep-rules-aggregate/scrap/lambdasec-autogrep/filtered_rules__c__grpc_rules.yaml,lambdasec-autogrep,0,0,vuln-grpc-c6ec1155,A4,Negation / Filtering,"category,cwe,id,languages,message,metadata,owasp,pattern,pattern-not,severity,source-url,technology",False,True,True,False,False,False,False,$ERR,$ERR,"[{""$ERR"": 4}]",2,False,True,False,False,False,False,C2,plain_metavar
/home/moscovin/Documents/eboss/semgrep-rules-aggregate/scrap/lambdasec-autogrep/filtered_rules__c__grpc_rules.yaml,lambdasec-autogrep,0,1,vuln-grpc-e2869fee,A4,Negation / Filtering,"category,cwe,id,languages,message,metadata,owasp,pattern,pattern-not,references,severity,source-url,technology",False,True,True,False,False,False,False,"$MAXLEN,$PATH_LEN,$UN,$URI,$VAL","$MAXLEN,$PATH_LEN,$UN,$URI","[{""$MAXLEN"": 3, ""$PATH_LEN"": 2, ""$UN"": 6, ""$URI"": 3, ""$VAL"": 1}]",2,False,True,False,False,False,False,C2,plain_metavar
/home/moscovin/Documents/eboss/semgrep-rules-aggregate/scrap/lambdasec-autogrep/filtered_rules__c__haproxy_rules.yaml,lambdasec-autogrep,0,0,vuln-haproxy-146f53ae,A4,Negation / Filtering,"category,cwe,id,languages,message,metadata,owasp,pattern,pattern-not,references,severity,source-url,technology",False,True,True,False,False,False,False,"$I,$IDX,$LEN,$LIST,$N,$PHDR,$PTR","$I,$IDX,$LEN,$LIST,$N,$PTR","[{""$I"": 9, ""$IDX"": 5, ""$LEN"": 2, ""$LIST"": 5, ""$N"": 5, ""$PHDR"": 1, ""$PTR"": 3}]",2,False,True,False,False,False,False,C2,plain_metavar
/home/moscovin/Documents/eboss/semgrep-rules-aggregate/scrap/lambdasec-autogrep/filtered_rules__c__haproxy_rules.yaml,lambdasec-autogrep,0,1,vuln-haproxy-58df5aea,A4,Negation / Filtering,"category,cwe,id,languages,message,metadata,owasp,pattern,pattern-not,references,severity,source-url,technology",False,True,True,False,False,False,False,"$BUFEND,$DEPTH,$MAX_SIZE,$NAME,$OFFSET,$READER,$RESP","$BUFEND,$MAX_SIZE,$NAME,$OFFSET,$READER,$RESP","[{""$BUFEND"": 2, ""$DEPTH"": 1, ""$MAX_SIZE"": 2, ""$NAME"": 2, ""$OFFSET"": 2, ""$READER"": 2, ""$RESP"": 2}]",2,False,True,False,False,False,False,C2,plain_metavar
/home/moscovin/Documents/eboss/semgrep-rules-aggregate/scrap/lambdasec-autogrep/filtered_rules__c__hoene_rules.yaml,lambdasec-autogrep,0,0,vuln-libmysofa-0b250b6f,A4,Negation / Filtering,"category,cwe,id,languages,message,metadata,owasp,pattern,pattern-not,severity,source-url,technology",False,True,True,False,False,False,False,"$ERROR,$VAL,$VAR","$VAL,$VAR","[{""$ERROR"": 1, ""$VAL"": 2, ""$VAR"": 2}]",2,False,True,False,False,False,False,C2,plain_metavar
/home/moscovin/Documents/eboss/semgrep-rules-aggregate/scrap/lambdasec-autogrep/filtered_rules__c__hoene_rules.yaml,lambdasec-autogrep,0,1,vuln-libmysofa-ecb7b743,A4,Negation / Filtering,"category,cwe,id,languages,message,metadata,owasp,pattern,pattern-not,references,severity,source-url,technology",False,True,True,False,False,False,False,"$DATA,$SIZE","$DATA,$SIZE","[{""$DATA"": 2, ""$SIZE"": 2}]",2,False,True,False,False,False,False,C2,plain_metavar
/home/moscovin/Documents/eboss/semgrep-rules-aggregate/scrap/lambdasec-autogrep/filtered_rules__c__hyperhq_rules.yaml,lambdasec-autogrep,0,0,vuln-hyperstart-7670d5e8,A4,Negation / Filtering,"category,cwe,id,languages,message,metadata,owasp,pattern,pattern-not,references,severity,source-url,technology",False,True,True,False,False,False,False,"$FILE,$NAME,$PWD,$TYPE,$UID","$FILE,$NAME,$PWD,$TYPE,$UID","[{""$FILE"": 3, ""$NAME"": 4, ""$PWD"": 5, ""$TYPE"": 5, ""$UID"": 6}]",2,False,True,True,False,False,False,"C2,C3","plain_metavar,unnamed_ellipsis"
/home/moscovin/Documents/eboss/semgrep-rules-aggregate/scrap/lambdasec-autogrep/filtered_rules__c__irssi_rules.yaml,lambdasec-autogrep,0,0,vuln-irssi-e32e9d63,A4,Negation / Filtering,"category,cwe,id,languages,message,metadata,owasp,pattern,pattern-not,severity,source-url,technology",False,True,True,False,False,False,False,$VAR,$VAR,"[{""$VAR"": 3}]",2,False,True,True,False,False,False,"C2,C3","plain_metavar,unnamed_ellipsis"
/home/moscovin/Documents/eboss/semgrep-rules-aggregate/scrap/lambdasec-autogrep/filtered_rules__c__irssi_rules.yaml,lambdasec-autogrep,0,1,vuln-irssi-5a4e7ab6,A4,Negation / Filtering,"category,cwe,id,languages,message,metadata,owasp,pattern,pattern-not,severity,source-url,technology",False,True,True,False,False,False,False,"$KEY,$SERVER,$VAL","$KEY,$SERVER,$VAL","[{""$KEY"": 2, ""$SERVER"": 2, ""$VAL"": 2}]",2,False,True,False,False,False,False,C2,plain_metavar
/home/moscovin/Documents/eboss/semgrep-rules-aggregate/scrap/lambdasec-autogrep/filtered_rules__c__isc-projects_rules.yaml,lambdasec-autogrep,0,0,vuln-bind9-69c1ee1c,A4,Negation / Filtering,"category,cwe,id,languages,message,metadata,owasp,pattern,pattern-not,severity,source-url,technology",False,True,True,False,False,False,False,"$FUNC,$RESULT","$FUNC,$RESULT","[{""$FUNC"": 2, ""$RESULT"": 2}]",2,False,True,True,False,False,False,"C2,C3","plain_metavar,unnamed_ellipsis"
/home/moscovin/Documents/eboss/semgrep-rules-aggregate/scrap/lambdasec-autogrep/filtered_rules__c__isc-projects_rules.yaml,lambdasec-autogrep,0,1,vuln-bind9-73df5c80,A4,Negation / Filtering,"category,cwe,id,languages,message,metadata,owasp,pattern,pattern-not,references,severity,source-url,technology",False,True,True,False,False,False,False,"$DST_RET,$PRIV_KEY1,$PRIV_KEY2,$RETURN_VALUE","$PRIV_KEY1,$PRIV_KEY2,$RETURN_VALUE","[{""$DST_RET"": 1, ""$PRIV_KEY1"": 4, ""$PRIV_KEY2"": 4, ""$RETURN_VALUE"": 3}]",2,False,True,False,False,False,False,C2,plain_metavar
/home/moscovin/Documents/eboss/semgrep-rules-aggregate/scrap/lambdasec-autogrep/filtered_rules__c__isc-projects_rules.yaml,lambdasec-autogrep,0,2,vuln-bind9-2e9d79f1,A4,Negation / Filtering,"category,cwe,id,languages,message,metadata,owasp,pattern,pattern-not,severity,source-url,technology",True,False,False,False,False,False,False,,,[],2,True,False,True,False,False,False,"C1,C3","no_metavar,unnamed_ellipsis"
/home/moscovin/Documents/eboss/semgrep-rules-aggregate/scrap/lambdasec-autogrep/filtered_rules__c__jasper-software_rules.yaml,lambdasec-autogrep,0,0,vuln-jasper-f94e7499,A4,Negation / Filtering,"category,cwe,id,languages,message,metadata,owasp,pattern,pattern-not,references,severity,source-url,technology",False,True,True,False,False,False,False,"$COMPNO,$I,$IMAGE","$COMPNO,$I,$IMAGE","[{""$COMPNO"": 3, ""$I"": 2, ""$IMAGE"": 3}]",2,False,True,True,False,False,False,"C2,C3","plain_metavar,unnamed_ellipsis"
/home/moscovin/Documents/eboss/semgrep-rules-aggregate/scrap/lambdasec-autogrep/filtered_rules__c__jasper-software_rules.yaml,lambdasec-autogrep,0,1,vuln-jasper-5dbe57e4,A4,Negation / Filtering,"category,cwe,id,languages,message,metadata,owasp,pattern,pattern-not,references,severity,source-url,technology",False,True,True,False,False,False,False,"$DEC,$VAR","$DEC,$VAR","[{""$DEC"": 2, ""$VAR"": 2}]",2,False,True,True,False,False,False,"C2,C3","plain_metavar,unnamed_ellipsis"
/home/moscovin/Documents/eboss/semgrep-rules-aggregate/scrap/lambdasec-autogrep/filtered_rules__c__jasper-software_rules.yaml,lambdasec-autogrep,0,2,vuln-jasper-d42b2388,A4,Negation / Filtering,"category,cwe,id,languages,message,metadata,owasp,pattern,pattern-not,references,severity,source-url,technology",False,True,True,False,False,False,False,"$FMTID,$INSTREAM,$OPTSTR","$FMTID,$INSTREAM","[{""$FMTID"": 2, ""$INSTREAM"": 2, ""$OPTSTR"": 1}]",2,False,True,True,False,False,False,"C2,C3","plain_metavar,unnamed_ellipsis"
/home/moscovin/Documents/eboss/semgrep-rules-aggregate/scrap/lambdasec-autogrep/filtered_rules__c__jasper-software_rules.yaml,lambdasec-autogrep,0,3,vuln-jasper-411a4068,A4,Negation / Filtering,"category,cwe,id,languages,message,metadata,owasp,pattern,pattern-not,references,severity,source-url,technology",False,True,True,False,False,False,False,$VAR,$VAR,"[{""$VAR"": 3}]",2,False,True,True,False,False,False,"C2,C3","plain_metavar,unnamed_ellipsis"
/home/moscovin/Documents/eboss/semgrep-rules-aggregate/scrap/lambdasec-autogrep/filtered_rules__c__jasper-software_rules.yaml,lambdasec-autogrep,0,4,vuln-jasper-0d64bde2,A4,Negation / Filtering,"category,cwe,id,languages,message,metadata,owasp,pattern,pattern-not,references,severity,source-url,technology",False,True,False,False,False,False,False,"$VAR,$VAR2",,"[{""$VAR"": 1, ""$VAR2"": 1}]",2,True,True,False,False,False,False,"C1,C2","no_metavar,plain_metavar"
/home/moscovin/Documents/eboss/semgrep-rules-aggregate/scrap/lambdasec-autogrep/filtered_rules__c__jasper-software_rules.yaml,lambdasec-autogrep,0,5,vuln-jasper-c7634141,A4,Negation / Filtering,"category,cwe,id,languages,message,metadata,owasp,pattern,pattern-not,references,severity,source-url,technology",False,True,True,False,False,False,False,"$COND,$INFO","$COND,$INFO","[{""$COND"": 2, ""$INFO"": 3}]",2,False,True,True,False,False,False,"C2,C3","plain_metavar,unnamed_ellipsis"
/home/moscovin/Documents/eboss/semgrep-rules-aggregate/scrap/lambdasec-autogrep/filtered_rules__c__jasper-software_rules.yaml,lambdasec-autogrep,0,6,vuln-jasper-1e84674d,A4,Negation / Filtering,"category,cwe,id,languages,message,metadata,owasp,pattern,pattern-not,references,severity,source-url,technology",False,True,True,False,False,False,False,$N,$N,"[{""$N"": 4}]",2,False,True,True,False,False,False,"C2,C3","plain_metavar,unnamed_ellipsis"
/home/moscovin/Documents/eboss/semgrep-rules-aggregate/scrap/lambdasec-autogrep/filtered_rules__c__jasper-software_rules.yaml,lambdasec-autogrep,0,7,vuln-jasper-44a524e3,A4,Negation / Filtering,"category,cwe,id,languages,message,metadata,owasp,pattern,pattern-not,severity,source-url,technology",False,True,True,False,False,False,False,"$BUFSIZE,$VAR","$BUFSIZE,$VAR","[{""$BUFSIZE"": 3, ""$VAR"": 2}]",2,False,True,True,False,False,False,"C2,C3","plain_metavar,unnamed_ellipsis"
/home/moscovin/Documents/eboss/semgrep-rules-aggregate/scrap/lambdasec-autogrep/filtered_rules__c__jasper-software_rules.yaml,lambdasec-autogrep,0,8,vuln-jasper-a4dc77cc,A4,Negation / Filtering,"category,cwe,id,languages,message,metadata,owasp,pattern,pattern-not,references,severity,source-url,technology",False,True,True,False,False,False,False,"$PREC,$SGND",$PREC,"[{""$PREC"": 3, ""$SGND"": 1}]",2,False,True,True,False,False,False,"C2,C3","plain_metavar,unnamed_ellipsis"
/home/moscovin/Documents/eboss/semgrep-rules-aggregate/scrap/lambdasec-autogrep/filtered_rules__c__jerryscript-project_rules.yaml,lambdasec-autogrep,0,0,vuln-jerryscript-e1ce7dd7,A4,Negation / Filtering,"category,cwe,id,languages,message,metadata,owasp,pattern,pattern-not,severity,source-url,technology",False,True,True,False,False,False,False,"$ARRAY_LENGTH,$BYTE_LENGTH,$ELEMENT_SIZE_SHIFT,$ERROR_MSG,$UINT32_MAX","$ARRAY_LENGTH,$BYTE_LENGTH,$ELEMENT_SIZE_SHIFT,$UINT32_MAX","[{""$ARRAY_LENGTH"": 4, ""$BYTE_LENGTH"": 2, ""$ELEMENT_SIZE_SHIFT"": 4, ""$ERROR_MSG"": 1, ""$UINT32_MAX"": 2}]",2,False,True,False,False,False,False,C2,plain_metavar
/home/moscovin/Documents/eboss/semgrep-rules-aggregate/scrap/lambdasec-autogrep/filtered_rules__c__jsummers_rules.yaml,lambdasec-autogrep,0,0,vuln-imageworsener-62bfbfb1,A4,Negation / Filtering,"category,cwe,id,languages,message,metadata,owasp,pattern,pattern-not,severity,source-url,technology",True,False,False,False,False,False,False,,,[],2,True,False,True,False,False,False,"C1,C3","no_metavar,unnamed_ellipsis"
/home/moscovin/Documents/eboss/semgrep-rules-aggregate/scrap/lambdasec-autogrep/filtered_rules__c__kamailio_rules.yaml,lambdasec-autogrep,0,0,vuln-kamailio-e1d8008a,A4,Negation / Filtering,"category,cwe,id,languages,message,metadata,owasp,pattern,pattern-not,severity,source-url,technology",False,True,True,False,False,False,False,$VAR,$VAR,"[{""$VAR"": 2}]",2,False,True,False,False,False,False,C2,plain_metavar
/home/moscovin/Documents/eboss/semgrep-rules-aggregate/scrap/lambdasec-autogrep/filtered_rules__c__karelzak_rules.yaml,lambdasec-autogrep,0,0,vuln-util-linux-57202f57,A4,Negation / Filtering,"category,cwe,id,languages,message,metadata,owasp,pattern,pattern-not,severity,source-url,technology",False,True,True,False,False,False,False,"$ENTRY_UID,$OPTSTR,$SZ,$UID,$UIDSTR,$USER_ID","$ENTRY_UID,$OPTSTR,$SZ,$UID,$UIDSTR,$USER_ID","[{""$ENTRY_UID"": 3, ""$OPTSTR"": 2, ""$SZ"": 3, ""$UID"": 4, ""$UIDSTR"": 4, ""$USER_ID"": 3}]",2,False,True,True,False,False,False,"C2,C3","plain_metavar,unnamed_ellipsis"
/home/moscovin/Documents/eboss/semgrep-rules-aggregate/scrap/lambdasec-autogrep/filtered_rules__c__karelzak_rules.yaml,lambdasec-autogrep,0,1,vuln-util-linux-89e90ae7,A4,Negation / Filtering,"category,cwe,id,languages,message,metadata,owasp,pattern,pattern-not,severity,source-url,technology",False,True,True,False,False,False,False,"$END,$P,$VALUE","$END,$P,$VALUE","[{""$END"": 7, ""$P"": 9, ""$VALUE"": 2}]",2,False,True,True,False,False,False,"C2,C3","plain_metavar,unnamed_ellipsis"
/home/moscovin/Documents/eboss/semgrep-rules-aggregate/scrap/lambdasec-autogrep/filtered_rules__c__karelzak_rules.yaml,lambdasec-autogrep,0,2,vuln-util-linux-ebbeb2c7,A4,Negation / Filtering,"category,cwe,id,languages,message,metadata,owasp,pattern,pattern-not,references,severity,source-url,technology",False,True,True,False,False,False,False,$MSG,$MSG,"[{""$MSG"": 2}]",2,True,True,False,False,False,False,"C1,C2","no_metavar,plain_metavar"
/home/moscovin/Documents/eboss/semgrep-rules-aggregate/scrap/lambdasec-autogrep/filtered_rules__c__karelzak_rules.yaml,lambdasec-autogrep,0,3,vuln-util-linux-687cc5d5,A4,Negation / Filtering,"category,cwe,id,languages,message,metadata,owasp,pattern,pattern-not,references,severity,source-url,technology",False,True,True,False,False,False,False,"$ADJUST,$EXIT,$HCTOSYS,$PERMITTED,$SET,$SETEPOCH,$SYSTOHC,$SYSTZ,$TESTING","$EXIT,$PERMITTED,$TESTING","[{""$ADJUST"": 1, ""$EXIT"": 2, ""$HCTOSYS"": 1, ""$PERMITTED"": 7, ""$SET"": 1, ""$SETEPOCH"": 1, ""$SYSTOHC"": 1, ""$SYSTZ"": 1, ""$TESTING"": 3}]",2,False,True,True,False,False,False,"C2,C3","plain_metavar,unnamed_ellipsis"
/home/moscovin/Documents/eboss/semgrep-rules-aggregate/scrap/lambdasec-autogrep/filtered_rules__c__krb5_rules.yaml,lambdasec-autogrep,0,0,vuln-krb5-88a1701b,A4,Negation / Filtering,"category,cwe,id,languages,message,metadata,owasp,pattern,pattern-not,severity,source-url,technology",False,True,True,False,False,False,False,"$REPLY,$TKT","$REPLY,$TKT","[{""$REPLY"": 2, ""$TKT"": 2}]",2,False,True,False,False,False,False,C2,plain_metavar
/home/moscovin/Documents/eboss/semgrep-rules-aggregate/scrap/lambdasec-autogrep/filtered_rules__c__krb5_rules.yaml,lambdasec-autogrep,0,1,vuln-krb5-4fa89fc7,A4,Negation / Filtering,"category,cwe,id,languages,message,metadata,owasp,pattern,pattern-not,references,severity,source-url,technology",False,True,True,False,False,False,False,"$CHECK_MIC,$CONT_TOKEN_SEND,$INIT_TOKEN_SEND,$NO_TOKEN_SEND,$RETURN_TOKEN",$RETURN_TOKEN,"[{""$CHECK_MIC"": 1, ""$CONT_TOKEN_SEND"": 1, ""$INIT_TOKEN_SEND"": 1, ""$NO_TOKEN_SEND"": 1, ""$RETURN_TOKEN"": 4}]",2,False,True,True,False,False,False,"C2,C3","plain_metavar,unnamed_ellipsis"
/home/moscovin/Documents/eboss/semgrep-rules-aggregate/scrap/lambdasec-autogrep/filtered_rules__c__krb5_rules.yaml,lambdasec-autogrep,0,2,vuln-krb5-e3b5a5e5,A4,Negation / Filtering,"category,cwe,id,languages,message,metadata,owasp,pattern,pattern-not,references,severity,source-url,technology",False,True,True,False,False,False,False,"$ARG,$FUNC,$NULL","$ARG,$FUNC,$NULL","[{""$ARG"": 2, ""$FUNC"": 2, ""$NULL"": 6}]",2,False,True,False,False,False,False,C2,plain_metavar
/home/moscovin/Documents/eboss/semgrep-rules-aggregate/scrap/lambdasec-autogrep/filtered_rules__c__krb5_rules.yaml,lambdasec-autogrep,0,3,vuln-krb5-83ed75fe,A4,Negation / Filtering,"category,cwe,id,languages,message,metadata,owasp,pattern,pattern-not,references,severity,source-url,technology",False,True,True,False,False,False,False,"$CLIENT_NAME,$SERVICE_NAME","$CLIENT_NAME,$SERVICE_NAME","[{""$CLIENT_NAME"": 2, ""$SERVICE_NAME"": 2}]",2,False,True,False,False,False,False,C2,plain_metavar
/home/moscovin/Documents/eboss/semgrep-rules-aggregate/scrap/lambdasec-autogrep/filtered_rules__c__krb5_rules.yaml,lambdasec-autogrep,0,4,vuln-krb5-a197e923,A4,Negation / Filtering,"category,cwe,id,languages,message,metadata,owasp,pattern,pattern-not,references,severity,source-url,technology",False,True,False,False,False,False,False,"$FUNC,$PTR",,"[{""$FUNC"": 1, ""$PTR"": 1}]",2,True,True,False,False,False,False,"C1,C2","no_metavar,plain_metavar"
/home/moscovin/Documents/eboss/semgrep-rules-aggregate/scrap/lambdasec-autogrep/filtered_rules__c__krb5_rules.yaml,lambdasec-autogrep,0,5,vuln-krb5-b863de7f,A4,Negation / Filtering,"category,cwe,id,languages,message,metadata,owasp,pattern,pattern-not,references,severity,source-url,technology",True,False,False,False,False,False,False,,,[],2,True,False,False,False,False,False,C1,no_metavar
/home/moscovin/Documents/eboss/semgrep-rules-aggregate/scrap/lambdasec-autogrep/filtered_rules__c__krb5_rules.yaml,lambdasec-autogrep,0,6,vuln-krb5-e1caf6fb,A4,Negation / Filtering,"category,cwe,id,languages,message,metadata,owasp,pattern,pattern-not,references,severity,source-url,technology",False,True,True,False,False,False,False,"$CLEANUP,$CONTEXT,$ENTRY,$ERRBUF,$KRB_IDENTITY_EXISTS,$LDAP,$ST,$XARGS_DN","$ERRBUF,$KRB_IDENTITY_EXISTS,$ST","[{""$CLEANUP"": 1, ""$CONTEXT"": 1, ""$ENTRY"": 1, ""$ERRBUF"": 3, ""$KRB_IDENTITY_EXISTS"": 2, ""$LDAP"": 1, ""$ST"": 2, ""$XARGS_DN"": 1}]",2,True,True,True,False,False,False,"C1,C2,C3","no_metavar,plain_metavar,unnamed_ellipsis"
/home/moscovin/Documents/eboss/semgrep-rules-aggregate/scrap/lambdasec-autogrep/filtered_rules__c__krb5_rules.yaml,lambdasec-autogrep,0,7,vuln-krb5-d1f70702,A4,Negation / Filtering,"category,cwe,id,languages,message,metadata,owasp,pattern,pattern-not,severity,source-url,technology",False,True,True,False,False,False,False,"$CLEANUP,$CONTEXT,$ENT,$ERROR_CODE,$FUNC,$LD,$POLICY,$POL_NAME,$ST","$CLEANUP,$CONTEXT,$ENT,$FUNC,$LD,$POLICY,$POL_NAME,$ST","[{""$CLEANUP"": 2, ""$CONTEXT"": 2, ""$ENT"": 4, ""$ERROR_CODE"": 1, ""$FUNC"": 2, ""$LD"": 2, ""$POLICY"": 2, ""$POL_NAME"": 2, ""$ST"": 3}]",2,False,True,False,False,False,False,C2,plain_metavar
/home/moscovin/Documents/eboss/semgrep-rules-aggregate/scrap/lambdasec-autogrep/filtered_rules__c__krb5_rules.yaml,lambdasec-autogrep,0,8,vuln-krb5-8ee70ec6,A4,Negation / Filtering,"category,cwe,id,languages,message,metadata,owasp,pattern,pattern-not,severity,source-url,technology",False,True,True,False,False,False,False,"$DST,$SRC","$DST,$SRC","[{""$DST"": 2, ""$SRC"": 5}]",2,False,True,False,False,False,False,C2,plain_metavar
/home/moscovin/Documents/eboss/semgrep-rules-aggregate/scrap/lambdasec-autogrep/filtered_rules__c__krb5_rules.yaml,lambdasec-autogrep,0,9,vuln-krb5-5e6d1796,A4,Negation / Filtering,"category,cwe,id,languages,message,metadata,owasp,pattern,pattern-not,references,severity,source-url,technology",False,True,True,False,False,False,False,$CODE,$CODE,"[{""$CODE"": 5}]",2,False,True,True,False,False,False,"C2,C3","plain_metavar,unnamed_ellipsis"
/home/moscovin/Documents/eboss/semgrep-rules-aggregate/scrap/lambdasec-autogrep/filtered_rules__c__krb5_rules.yaml,lambdasec-autogrep,0,10,vuln-krb5-57415dda,A4,Negation / Filtering,"category,cwe,id,languages,message,metadata,owasp,pattern,pattern-not,severity,source-url,technology",False,True,True,False,False,False,False,"$CLEN,$CONTENTS,$DER,$LEN,$RECURSION,$REMAINDER,$RLEN,$TAG_OUT","$CLEN,$CONTENTS,$DER,$LEN,$REMAINDER,$RLEN,$TAG_OUT","[{""$CLEN"": 2, ""$CONTENTS"": 2, ""$DER"": 2, ""$LEN"": 2, ""$RECURSION"": 1, ""$REMAINDER"": 2, ""$RLEN"": 2, ""$TAG_OUT"": 2}]",2,False,True,False,False,False,False,C2,plain_metavar
/home/moscovin/Documents/eboss/semgrep-rules-aggregate/scrap/lambdasec-autogrep/filtered_rules__c__kyz_rules.yaml,lambdasec-autogrep,0,0,vuln-libmspack-4fd9ccaa,A4,Negation / Filtering,"category,cwe,id,languages,message,metadata,owasp,pattern,pattern-not,references,severity,source-url,technology",False,True,True,False,False,False,False,$X,$X,"[{""$X"": 10}]",2,False,True,False,False,False,False,C2,plain_metavar
/home/moscovin/Documents/eboss/semgrep-rules-aggregate/scrap/lambdasec-autogrep/filtered_rules__c__kyz_rules.yaml,lambdasec-autogrep,0,1,vuln-libmspack-2f084136,A4,Negation / Filtering,"category,cwe,id,languages,message,metadata,owasp,pattern,pattern-not,references,severity,source-url,technology",False,True,True,False,False,False,False,"$CHM,$CONTENT_NAME,$CONTROL_NAME,$FI,$NAME,$NAME_LEN,$RTABLE_NAME,$SPANINFO_NAME","$CHM,$CONTENT_NAME,$CONTROL_NAME,$FI,$NAME,$NAME_LEN,$RTABLE_NAME,$SPANINFO_NAME","[{""$CHM"": 8, ""$CONTENT_NAME"": 3, ""$CONTROL_NAME"": 2, ""$FI"": 8, ""$NAME"": 9, ""$NAME_LEN"": 4, ""$RTABLE_NAME"": 2, ""$SPANINFO_NAME"": 2}]",2,False,True,False,False,False,False,C2,plain_metavar
/home/moscovin/Documents/eboss/semgrep-rules-aggregate/scrap/lambdasec-autogrep/filtered_rules__c__kyz_rules.yaml,lambdasec-autogrep,0,2,vuln-libmspack-17038206,A4,Negation / Filtering,"category,cwe,id,languages,message,metadata,owasp,pattern,pattern-not,severity,source-url,technology",False,True,True,False,False,False,False,"$BUF,$ERROR,$ERR_CODE,$FH,$LEN,$NULL,$READ,$SIZE","$BUF,$FH,$LEN,$READ,$SIZE","[{""$BUF"": 2, ""$ERROR"": 1, ""$ERR_CODE"": 1, ""$FH"": 2, ""$LEN"": 4, ""$NULL"": 1, ""$READ"": 2, ""$SIZE"": 2}]",2,False,True,False,False,False,False,C2,plain_metavar
/home/moscovin/Documents/eboss/semgrep-rules-aggregate/scrap/lambdasec-autogrep/filtered_rules__c__kyz_rules.yaml,lambdasec-autogrep,0,3,vuln-libmspack-7cadd489,A4,Negation / Filtering,"category,cwe,id,languages,message,metadata,owasp,pattern,pattern-not,references,severity,source-url,technology",True,False,False,False,False,False,False,,,[],2,True,False,True,False,False,False,"C1,C3","no_metavar,unnamed_ellipsis"
/home/moscovin/Documents/eboss/semgrep-rules-aggregate/scrap/lambdasec-autogrep/filtered_rules__c__libarchive_rules.yaml,lambdasec-autogrep,0,0,vuln-libarchive-d24e79e8,A4,Negation / Filtering,"category,cwe,id,languages,message,metadata,owasp,pattern,pattern-not,references,severity,source-url,technology",False,True,True,False,False,False,False,"$A,$FUNC,$RET","$A,$FUNC,$RET","[{""$A"": 9, ""$FUNC"": 2, ""$RET"": 6}]",2,False,True,False,False,False,False,C2,plain_metavar
/home/moscovin/Documents/eboss/semgrep-rules-aggregate/scrap/lambdasec-autogrep/filtered_rules__c__libarchive_rules.yaml,lambdasec-autogrep,0,1,vuln-libarchive-a550daee,A4,Negation / Filtering,"category,cwe,id,languages,message,metadata,owasp,pattern,pattern-not,severity,source-url,technology",False,True,True,False,False,False,False,"$ARGC,$EXPR,$MAX_PACK_ARGS,$NUMBERS","$ARGC,$EXPR,$MAX_PACK_ARGS,$NUMBERS","[{""$ARGC"": 4, ""$EXPR"": 2, ""$MAX_PACK_ARGS"": 2, ""$NUMBERS"": 2}]",2,False,True,True,False,False,False,"C2,C3","plain_metavar,unnamed_ellipsis"
/home/moscovin/Documents/eboss/semgrep-rules-aggregate/scrap/lambdasec-autogrep/filtered_rules__c__libarchive_rules.yaml,lambdasec-autogrep,0,2,vuln-libarchive-65a23f5d,A4,Negation / Filtering,"category,cwe,id,languages,message,metadata,owasp,pattern,pattern-not,references,severity,source-url,technology",False,True,True,False,False,False,False,"$A,$BUFF,$BYTES_AVAIL,$MINIMUM","$A,$BUFF,$BYTES_AVAIL","[{""$A"": 2, ""$BUFF"": 2, ""$BYTES_AVAIL"": 2, ""$MINIMUM"": 1}]",2,False,True,False,False,False,False,C2,plain_metavar
/home/moscovin/Documents/eboss/semgrep-rules-aggregate/scrap/lambdasec-autogrep/filtered_rules__c__libarchive_rules.yaml,lambdasec-autogrep,0,3,vuln-libarchive-b31744df,A4,Negation / Filtering,"category,cwe,id,languages,message,metadata,owasp,pattern,pattern-not,references,severity,source-url,technology",False,True,True,False,False,False,False,"$A,$MAX_SIGNED_TIME_T,$MAX_UNSIGNED_TIME_T,$T","$A,$MAX_SIGNED_TIME_T,$MAX_UNSIGNED_TIME_T,$T","[{""$A"": 6, ""$MAX_SIGNED_TIME_T"": 2, ""$MAX_UNSIGNED_TIME_T"": 2, ""$T"": 4}]",2,False,True,False,False,False,False,C2,plain_metavar
/home/moscovin/Documents/eboss/semgrep-rules-aggregate/scrap/lambdasec-autogrep/filtered_rules__c__libav_rules.yaml,lambdasec-autogrep,0,0,vuln-libav-9f0193c7,A4,Negation / Filtering,"category,cwe,id,languages,message,metadata,owasp,pattern,pattern-not,severity,source-url,technology",False,True,True,False,False,False,False,"$W,$X,$Y,$Z","$W,$X,$Y,$Z","[{""$W"": 4, ""$X"": 4, ""$Y"": 5, ""$Z"": 2}]",2,False,True,False,False,False,False,C2,plain_metavar
/home/moscovin/Documents/eboss/semgrep-rules-aggregate/scrap/lambdasec-autogrep/filtered_rules__c__libav_rules.yaml,lambdasec-autogrep,0,1,vuln-libav-76f7e70a,A4,Negation / Filtering,"category,cwe,id,languages,message,metadata,owasp,pattern,pattern-not,severity,source-url,technology",False,True,True,False,False,False,False,"$DATA,$GB,$OFFSET,$RET,$SIZE","$DATA,$GB,$OFFSET,$RET,$SIZE","[{""$DATA"": 2, ""$GB"": 2, ""$OFFSET"": 4, ""$RET"": 2, ""$SIZE"": 2}]",2,False,True,True,False,False,False,"C2,C3","plain_metavar,unnamed_ellipsis"
/home/moscovin/Documents/eboss/semgrep-rules-aggregate/scrap/lambdasec-autogrep/filtered_rules__c__libav_rules.yaml,lambdasec-autogrep,0,2,vuln-libav-8c802589,A4,Negation / Filtering,"category,cwe,id,languages,message,metadata,owasp,pattern,pattern-not,references,severity,source-url,technology",False,True,True,False,False,False,False,"$BASE,$DEST,$EXPR,$SHIFT","$BASE,$DEST,$EXPR,$SHIFT","[{""$BASE"": 2, ""$DEST"": 2, ""$EXPR"": 2, ""$SHIFT"": 2}]",2,False,True,False,False,False,False,C2,plain_metavar
/home/moscovin/Documents/eboss/semgrep-rules-aggregate/scrap/lambdasec-autogrep/filtered_rules__c__libav_rules.yaml,lambdasec-autogrep,0,3,vuln-libav-83b2b34d,A4,Negation / Filtering,"category,cwe,id,languages,message,metadata,owasp,pattern,pattern-not,severity,source-url,technology",False,True,True,False,False,False,False,"$BC,$CONSUMED,$EXTRACT_LENGTH,$LENGTH","$BC,$CONSUMED,$EXTRACT_LENGTH,$LENGTH","[{""$BC"": 3, ""$CONSUMED"": 2, ""$EXTRACT_LENGTH"": 2, ""$LENGTH"": 3}]",2,False,True,True,False,False,False,"C2,C3","plain_metavar,unnamed_ellipsis"
/home/moscovin/Documents/eboss/semgrep-rules-aggregate/scrap/lambdasec-autogrep/filtered_rules__c__libav_rules.yaml,lambdasec-autogrep,0,4,vuln-libav-fe6eea99,A4,Negation / Filtering,"category,cwe,id,languages,message,metadata,owasp,pattern,pattern-not,severity,source-url,technology",False,True,True,False,False,False,False,"$PB,$PKT,$SIZE","$PB,$PKT,$SIZE","[{""$PB"": 2, ""$PKT"": 2, ""$SIZE"": 2}]",2,False,True,False,False,False,False,C2,plain_metavar
/home/moscovin/Documents/eboss/semgrep-rules-aggregate/scrap/lambdasec-autogrep/filtered_rules__c__libevent_rules.yaml,lambdasec-autogrep,0,0,vuln-libevent-ec65c420,A4,Negation / Filtering,"category,cwe,id,languages,message,metadata,owasp,pattern,pattern-not,references,severity,source-url,technology",False,True,True,False,False,False,False,"$BASE,$LEN,$VAR","$BASE,$LEN,$VAR","[{""$BASE"": 3, ""$LEN"": 5, ""$VAR"": 3}]",2,False,True,False,False,False,False,C2,plain_metavar
/home/moscovin/Documents/eboss/semgrep-rules-aggregate/scrap/lambdasec-autogrep/filtered_rules__c__libexif_rules.yaml,lambdasec-autogrep,0,0,vuln-libexif-3d40ba70,A4,Negation / Filtering,"category,cwe,id,languages,message,metadata,owasp,pattern,pattern-not,references,severity,source-url,technology",False,True,True,False,False,False,False,$VAR,$VAR,"[{""$VAR"": 3}]",2,False,True,False,False,False,False,C2,plain_metavar
/home/moscovin/Documents/eboss/semgrep-rules-aggregate/scrap/lambdasec-autogrep/filtered_rules__c__libexpat_rules.yaml,lambdasec-autogrep,0,0,vuln-libexpat-cb8a4c75,A4,Negation / Filtering,"category,cwe,id,languages,message,metadata,owasp,pattern,pattern-not,references,severity,source-url,technology",False,True,True,False,False,False,False,"$EL,$INDEX,$NAME,$NAMELEN,$NXT,$S,$STRUCT","$EL,$INDEX,$NAME,$NAMELEN,$NXT,$S,$STRUCT","[{""$EL"": 2, ""$INDEX"": 2, ""$NAME"": 3, ""$NAMELEN"": 3, ""$NXT"": 2, ""$S"": 2, ""$STRUCT"": 4}]",2,False,True,False,False,False,False,C2,plain_metavar
/home/moscovin/Documents/eboss/semgrep-rules-aggregate/scrap/lambdasec-autogrep/filtered_rules__c__libgd_rules.yaml,lambdasec-autogrep,0,0,vuln-libgd-e65415d9,A4,Negation / Filtering,"category,cwe,id,languages,message,metadata,owasp,pattern,pattern-not,severity,source-url,technology",False,True,False,False,False,False,False,$IM,,"[{""$IM"": 1}]",2,True,True,False,False,False,False,"C1,C2","no_metavar,plain_metavar"
/home/moscovin/Documents/eboss/semgrep-rules-aggregate/scrap/lambdasec-autogrep/filtered_rules__c__libgd_rules.yaml,lambdasec-autogrep,0,1,vuln-libgd-01c61f8a,A4,Negation / Filtering,"category,cwe,id,languages,message,metadata,owasp,pattern,pattern-not,references,severity,source-url,technology",False,True,True,False,False,False,False,"$BITMAP,$BUFFER,$CARET,$EXPR,$I,$J,$LIMIT,$SIZE,$VAR","$BITMAP,$BUFFER,$CARET,$EXPR,$I,$J,$LIMIT,$SIZE,$VAR","[{""$BITMAP"": 2, ""$BUFFER"": 2, ""$CARET"": 5, ""$EXPR"": 6, ""$I"": 3, ""$J"": 4, ""$LIMIT"": 2, ""$SIZE"": 6, ""$VAR"": 4}]",2,False,True,True,False,False,False,"C2,C3","plain_metavar,unnamed_ellipsis"
/home/moscovin/Documents/eboss/semgrep-rules-aggregate/scrap/lambdasec-autogrep/filtered_rules__c__libgd_rules.yaml,lambdasec-autogrep,0,2,vuln-libgd-53110871,A4,Negation / Filtering,"category,cwe,id,languages,message,metadata,owasp,pattern,pattern-not,references,severity,source-url,technology",False,True,True,False,False,False,False,$VAR,$VAR,"[{""$VAR"": 2}]",2,False,True,True,False,False,False,"C2,C3","plain_metavar,unnamed_ellipsis"
/home/moscovin/Documents/eboss/semgrep-rules-aggregate/scrap/lambdasec-autogrep/filtered_rules__c__libgd_rules.yaml,lambdasec-autogrep,0,3,vuln-libgd-4b1e18a0,A4,Negation / Filtering,"category,cwe,id,languages,message,metadata,owasp,pattern,pattern-not,references,severity,source-url,technology",False,True,True,False,False,False,False,"$COMPRESSION,$FUNC,$IM,$OUT,$RV,$SIZE","$COMPRESSION,$IM,$OUT,$RV,$SIZE","[{""$COMPRESSION"": 2, ""$FUNC"": 1, ""$IM"": 2, ""$OUT"": 4, ""$RV"": 3, ""$SIZE"": 2}]",2,False,True,False,False,False,False,C2,plain_metavar
/home/moscovin/Documents/eboss/semgrep-rules-aggregate/scrap/lambdasec-autogrep/filtered_rules__c__libgd_rules.yaml,lambdasec-autogrep,0,4,vuln-libgd-318ebd33,A4,Negation / Filtering,"category,cwe,id,languages,message,metadata,owasp,pattern,pattern-not,severity,source-url,technology",False,True,True,False,False,False,False,$VAR,$VAR,"[{""$VAR"": 3}]",2,False,True,True,False,False,False,"C2,C3","plain_metavar,unnamed_ellipsis"
/home/moscovin/Documents/eboss/semgrep-rules-aggregate/scrap/lambdasec-autogrep/filtered_rules__c__libgit2_rules.yaml,lambdasec-autogrep,0,0,vuln-libgit2-84d30d56,A4,Negation / Filtering,"category,cwe,id,languages,message,metadata,owasp,pattern,pattern-not,references,severity,source-url,technology",False,True,True,False,False,False,False,$PKT,$PKT,"[{""$PKT"": 2}]",2,False,True,False,False,False,False,C2,plain_metavar
/home/moscovin/Documents/eboss/semgrep-rules-aggregate/scrap/lambdasec-autogrep/filtered_rules__c__libgit2_rules.yaml,lambdasec-autogrep,0,1,vuln-libgit2-64c612cc,A4,Negation / Filtering,"category,cwe,id,languages,message,metadata,owasp,pattern,pattern-not,references,severity,source-url,technology",False,True,True,False,False,False,False,$FLAGS,$FLAGS,"[{""$FLAGS"": 2}]",2,False,True,False,False,False,False,C2,plain_metavar
/home/moscovin/Documents/eboss/semgrep-rules-aggregate/scrap/lambdasec-autogrep/filtered_rules__c__libgit2_rules.yaml,lambdasec-autogrep,0,2,vuln-libgit2-3207ddb0,A4,Negation / Filtering,"category,cwe,id,languages,message,metadata,owasp,pattern,pattern-not,references,severity,source-url,technology",False,True,True,False,False,False,False,"$LAST,$LAST_LEN,$PATH_LEN,$PATH_PTR,$PREFIX_LEN,$STRIP_LEN,$SUFFIX_LEN,$VARINT_LEN","$LAST,$LAST_LEN,$PATH_LEN,$PATH_PTR,$PREFIX_LEN,$STRIP_LEN,$SUFFIX_LEN,$VARINT_LEN","[{""$LAST"": 2, ""$LAST_LEN"": 6, ""$PATH_LEN"": 2, ""$PATH_PTR"": 4, ""$PREFIX_LEN"": 3, ""$STRIP_LEN"": 6, ""$SUFFIX_LEN"": 3, ""$VARINT_LEN"": 7}]",2,False,True,False,False,False,False,C2,plain_metavar
/home/moscovin/Documents/eboss/semgrep-rules-aggregate/scrap/lambdasec-autogrep/filtered_rules__c__libgit2_rules.yaml,lambdasec-autogrep,0,3,vuln-libgit2-9a64e62f,A4,Negation / Filtering,"category,cwe,id,languages,message,metadata,owasp,pattern,pattern-not,severity,source-url,technology",False,True,True,False,False,False,False,"$ERROR,$GIT_ECERTIFICATE,$GIT_OK,$VAR","$ERROR,$VAR","[{""$ERROR"": 2, ""$GIT_ECERTIFICATE"": 1, ""$GIT_OK"": 1, ""$VAR"": 3}]",2,False,True,True,False,False,False,"C2,C3","plain_metavar,unnamed_ellipsis"
/home/moscovin/Documents/eboss/semgrep-rules-aggregate/scrap/lambdasec-autogrep/filtered_rules__c__libguestfs_rules.yaml,lambdasec-autogrep,0,0,vuln-libguestfs-44c5ee11,A4,Negation / Filtering,"category,cwe,id,languages,message,metadata,owasp,pattern,pattern-not,references,severity,source-url,technology",False,True,True,False,False,False,False,"$AD_OPTARGS,$DRV,$FILENAME,$G,$GUESTFS_ADD_DRIVE_OPTS_FORMAT_BITMASK,$GUESTFS_ADD_DRIVE_OPTS_READONLY_BITMASK,$R,$READ_ONLY","$AD_OPTARGS,$DRV,$FILENAME,$G,$R,$READ_ONLY","[{""$AD_OPTARGS"": 6, ""$DRV"": 2, ""$FILENAME"": 3, ""$G"": 3, ""$GUESTFS_ADD_DRIVE_OPTS_FORMAT_BITMASK"": 1, ""$GUESTFS_ADD_DRIVE_OPTS_READONLY_BITMASK"": 1, ""$R"": 3, ""$READ_ONLY"": 2}]",2,False,True,False,False,False,False,C2,plain_metavar
/home/moscovin/Documents/eboss/semgrep-rules-aggregate/scrap/lambdasec-autogrep/filtered_rules__c__libimobiledevice_rules.yaml,lambdasec-autogrep,0,0,vuln-libplist-c086cb13,A4,Negation / Filtering,"category,cwe,id,languages,message,metadata,owasp,pattern,pattern-not,references,severity,source-url,technology",False,True,True,False,False,False,False,"$DOC,$LEN,$LOADER,$NAME,$NODE,$OPTIONS,$XML","$DOC,$LEN,$NODE,$XML","[{""$DOC"": 7, ""$LEN"": 2, ""$LOADER"": 1, ""$NAME"": 1, ""$NODE"": 2, ""$OPTIONS"": 1, ""$XML"": 2}]",2,False,True,True,False,False,False,"C2,C3","plain_metavar,unnamed_ellipsis"
/home/moscovin/Documents/eboss/semgrep-rules-aggregate/scrap/lambdasec-autogrep/filtered_rules__c__libimobiledevice_rules.yaml,lambdasec-autogrep,0,1,vuln-libplist-4765d9a6,A4,Negation / Filtering,"category,cwe,id,languages,message,metadata,owasp,pattern,pattern-not,references,severity,source-url,technology",False,True,True,False,False,False,False,"$BNODE,$BPLIST,$END_DATA,$INDEX1,$INDEX1_PTR,$NODE,$STR_J","$BNODE,$BPLIST,$END_DATA,$INDEX1,$INDEX1_PTR,$STR_J","[{""$BNODE"": 2, ""$BPLIST"": 6, ""$END_DATA"": 2, ""$INDEX1"": 4, ""$INDEX1_PTR"": 5, ""$NODE"": 1, ""$STR_J"": 4}]",2,False,True,True,False,False,False,"C2,C3","plain_metavar,unnamed_ellipsis"
/home/moscovin/Documents/eboss/semgrep-rules-aggregate/scrap/lambdasec-autogrep/filtered_rules__c__libming_rules.yaml,lambdasec-autogrep,0,0,vuln-libming-1a1d2704,A4,Negation / Filtering,"category,cwe,id,languages,message,metadata,owasp,pattern,pattern-not,severity,source-url,technology",False,True,True,False,False,False,False,"$I,$SIZE","$I,$SIZE","[{""$I"": 2, ""$SIZE"": 4}]",2,False,True,True,False,False,False,"C2,C3","plain_metavar,unnamed_ellipsis"
/home/moscovin/Documents/eboss/semgrep-rules-aggregate/scrap/lambdasec-autogrep/filtered_rules__c__libming_rules.yaml,lambdasec-autogrep,0,1,vuln-libming-459fa79d,A4,Negation / Filtering,"category,cwe,id,languages,message,metadata,owasp,pattern,pattern-not,severity,source-url,technology",False,True,True,False,False,False,False,"$F,$LENGTH,$VAR","$F,$VAR","[{""$F"": 2, ""$LENGTH"": 1, ""$VAR"": 2}]",2,False,True,False,False,False,False,C2,plain_metavar
/home/moscovin/Documents/eboss/semgrep-rules-aggregate/scrap/lambdasec-autogrep/filtered_rules__c__libming_rules.yaml,lambdasec-autogrep,0,2,vuln-libming-efc75c28,A4,Negation / Filtering,"category,cwe,id,languages,message,metadata,owasp,pattern,pattern-not,references,severity,source-url,technology",False,True,True,False,False,False,False,"$LENGTH_FINDER,$NEEDED_LENGTH,$T,$VAR,$WARN_FUNC","$LENGTH_FINDER,$NEEDED_LENGTH,$T,$VAR","[{""$LENGTH_FINDER"": 2, ""$NEEDED_LENGTH"": 3, ""$T"": 4, ""$VAR"": 3, ""$WARN_FUNC"": 1}]",2,False,True,False,False,False,False,C2,plain_metavar
/home/moscovin/Documents/eboss/semgrep-rules-aggregate/scrap/lambdasec-autogrep/filtered_rules__c__libming_rules.yaml,lambdasec-autogrep,0,3,vuln-libming-2e5a98a0,A4,Negation / Filtering,"category,cwe,id,languages,message,metadata,owasp,pattern,pattern-not,severity,source-url,technology",False,True,True,False,False,False,False,"$F,$FLAGS,$FLAGS_CHAR,$I","$F,$FLAGS,$FLAGS_CHAR,$I","[{""$F"": 4, ""$FLAGS"": 4, ""$FLAGS_CHAR"": 2, ""$I"": 4}]",2,False,True,False,False,False,False,C2,plain_metavar
/home/moscovin/Documents/eboss/semgrep-rules-aggregate/scrap/lambdasec-autogrep/filtered_rules__c__libming_rules.yaml,lambdasec-autogrep,0,4,vuln-libming-8b29e8e7,A4,Negation / Filtering,"category,cwe,id,languages,message,metadata,owasp,pattern,pattern-not,severity,source-url,technology",True,False,False,False,False,False,False,,,[],2,True,False,False,False,False,False,C1,no_metavar
/home/moscovin/Documents/eboss/semgrep-rules-aggregate/scrap/lambdasec-autogrep/filtered_rules__c__libreswan_rules.yaml,lambdasec-autogrep,0,0,vuln-libreswan-7ceef9a7,A4,Negation / Filtering,"category,cwe,id,languages,message,metadata,owasp,pattern,pattern-not,severity,source-url,technology",False,True,True,False,False,False,False,"$END_PORT,$ISAT_NUM,$N,$NR,$START_PORT,$TS,$TSS","$END_PORT,$ISAT_NUM,$N,$NR,$START_PORT","[{""$END_PORT"": 2, ""$ISAT_NUM"": 2, ""$N"": 3, ""$NR"": 3, ""$START_PORT"": 2, ""$TS"": 1, ""$TSS"": 1}]",2,False,True,True,False,False,False,"C2,C3","plain_metavar,unnamed_ellipsis"
/home/moscovin/Documents/eboss/semgrep-rules-aggregate/scrap/lambdasec-autogrep/filtered_rules__c__libreswan_rules.yaml,lambdasec-autogrep,0,1,vuln-libreswan-2aecf49d,A4,Negation / Filtering,"category,cwe,id,languages,message,metadata,owasp,pattern,pattern-not,severity,source-url,technology",False,True,True,False,False,False,False,$SEC_LABEL,$SEC_LABEL,"[{""$SEC_LABEL"": 3}]",2,False,True,True,False,False,False,"C2,C3","plain_metavar,unnamed_ellipsis"
/home/moscovin/Documents/eboss/semgrep-rules-aggregate/scrap/lambdasec-autogrep/filtered_rules__c__libuv_rules.yaml,lambdasec-autogrep,0,0,vuln-libuv-0f2d7e78,A4,Negation / Filtering,"category,cwe,id,languages,message,metadata,owasp,pattern,pattern-not,severity,source-url,technology",False,True,True,False,False,False,False,"$D,$DE,$ERROR","$D,$DE","[{""$D"": 4, ""$DE"": 2, ""$ERROR"": 1}]",2,False,True,False,False,False,False,C2,plain_metavar
/home/moscovin/Documents/eboss/semgrep-rules-aggregate/scrap/lambdasec-autogrep/filtered_rules__c__libvirt_rules.yaml,lambdasec-autogrep,0,0,vuln-libvirt-b7ff9e69,A4,Negation / Filtering,"category,cwe,id,languages,message,metadata,owasp,pattern,pattern-not,references,severity,source-url,technology",False,True,True,False,False,False,False,"$PROC,$PROCEDURE,$PROG","$PROC,$PROCEDURE,$PROG","[{""$PROC"": 3, ""$PROCEDURE"": 2, ""$PROG"": 2}]",2,False,True,False,False,False,False,C2,plain_metavar
/home/moscovin/Documents/eboss/semgrep-rules-aggregate/scrap/lambdasec-autogrep/filtered_rules__c__libvirt_rules.yaml,lambdasec-autogrep,0,1,vuln-libvirt-87b9437f,A4,Negation / Filtering,"category,cwe,id,languages,message,metadata,owasp,pattern,pattern-not,severity,source-url,technology",False,True,True,False,False,False,False,"$BACKEND,$CLEANUP,$CONN,$FLAGS,$LENGTH,$OFFSET,$POOL,$RET,$STREAM,$VOL","$BACKEND,$CONN,$FLAGS,$LENGTH,$OFFSET,$POOL,$RET,$STREAM,$VOL","[{""$BACKEND"": 2, ""$CLEANUP"": 1, ""$CONN"": 2, ""$FLAGS"": 2, ""$LENGTH"": 2, ""$OFFSET"": 2, ""$POOL"": 2, ""$RET"": 2, ""$STREAM"": 2, ""$VOL"": 2}]",2,False,True,False,False,False,False,C2,plain_metavar
/home/moscovin/Documents/eboss/semgrep-rules-aggregate/scrap/lambdasec-autogrep/filtered_rules__c__libvirt_rules.yaml,lambdasec-autogrep,0,2,vuln-libvirt-7c2d65dd,A4,Negation / Filtering,"category,cwe,id,languages,message,metadata,owasp,pattern,pattern-not,severity,source-url,technology",False,True,True,False,False,False,False,"$DEFAULT_MODE,$FD,$PERMS","$FD,$PERMS","[{""$DEFAULT_MODE"": 1, ""$FD"": 2, ""$PERMS"": 3}]",2,False,True,False,False,False,False,C2,plain_metavar
/home/moscovin/Documents/eboss/semgrep-rules-aggregate/scrap/lambdasec-autogrep/filtered_rules__c__libvirt_rules.yaml,lambdasec-autogrep,0,3,vuln-libvirt-28f8dfdc,A4,Negation / Filtering,"category,cwe,id,languages,message,metadata,owasp,pattern,pattern-not,severity,source-url,technology",False,True,True,False,False,False,False,"$DEF,$DRIVER,$FLAGS","$DEF,$DRIVER,$FLAGS","[{""$DEF"": 2, ""$DRIVER"": 2, ""$FLAGS"": 2}]",2,False,True,False,False,False,False,C2,plain_metavar
/home/moscovin/Documents/eboss/semgrep-rules-aggregate/scrap/lambdasec-autogrep/filtered_rules__c__libvirt_rules.yaml,lambdasec-autogrep,0,4,vuln-libvirt-15073504,A4,Negation / Filtering,"category,cwe,id,languages,message,metadata,owasp,pattern,pattern-not,references,severity,source-url,technology",False,True,False,False,False,False,False,"$C1,$CATMIN,$SENS",,"[{""$C1"": 1, ""$CATMIN"": 1, ""$SENS"": 1}]",2,True,True,False,False,False,False,"C1,C2","no_metavar,plain_metavar"
/home/moscovin/Documents/eboss/semgrep-rules-aggregate/scrap/lambdasec-autogrep/filtered_rules__c__libvirt_rules.yaml,lambdasec-autogrep,0,5,vuln-libvirt-a5b064bf,A4,Negation / Filtering,"category,cwe,id,languages,message,metadata,owasp,pattern,pattern-not,severity,source-url,technology",False,True,True,False,False,False,False,"$CHILD_BUF,$FLAGS,$SRC","$CHILD_BUF,$SRC","[{""$CHILD_BUF"": 2, ""$FLAGS"": 1, ""$SRC"": 2}]",2,False,True,False,False,False,False,C2,plain_metavar
/home/moscovin/Documents/eboss/semgrep-rules-aggregate/scrap/lambdasec-autogrep/filtered_rules__c__libvirt_rules.yaml,lambdasec-autogrep,0,6,vuln-libvirt-d53d4650,A4,Negation / Filtering,"category,cwe,id,languages,message,metadata,owasp,pattern,pattern-not,references,severity,source-url,technology",False,True,True,False,False,False,False,"$ARG,$BUF","$ARG,$BUF","[{""$ARG"": 2, ""$BUF"": 2}]",2,False,True,False,False,False,False,C2,plain_metavar
/home/moscovin/Documents/eboss/semgrep-rules-aggregate/scrap/lambdasec-autogrep/filtered_rules__c__libvirt_rules.yaml,lambdasec-autogrep,0,7,vuln-libvirt-524de6cc,A4,Negation / Filtering,"category,cwe,id,languages,message,metadata,owasp,pattern,pattern-not,references,severity,source-url,technology",False,True,True,False,False,False,False,"$BUF,$FLAGS,$SRC","$BUF,$SRC","[{""$BUF"": 2, ""$FLAGS"": 1, ""$SRC"": 2}]",2,False,True,False,False,False,False,C2,plain_metavar
/home/moscovin/Documents/eboss/semgrep-rules-aggregate/scrap/lambdasec-autogrep/filtered_rules__c__libvirt_rules.yaml,lambdasec-autogrep,0,8,vuln-libvirt-dfff16a7,A4,Negation / Filtering,"category,cwe,id,languages,message,metadata,owasp,pattern,pattern-not,severity,source-url,technology",False,True,True,False,False,False,False,"$PATH,$TARGET","$PATH,$TARGET","[{""$PATH"": 2, ""$TARGET"": 2}]",2,False,True,False,False,False,False,C2,plain_metavar
/home/moscovin/Documents/eboss/semgrep-rules-aggregate/scrap/lambdasec-autogrep/filtered_rules__c__libvirt_rules.yaml,lambdasec-autogrep,0,9,vuln-libvirt-f44bfb7f,A4,Negation / Filtering,"category,cwe,id,languages,message,metadata,owasp,pattern,pattern-not,severity,source-url,technology",False,True,True,False,False,False,False,"$CONN,$VERR","$CONN,$VERR","[{""$CONN"": 2, ""$VERR"": 4}]",2,False,True,False,False,False,False,C2,plain_metavar
/home/moscovin/Documents/eboss/semgrep-rules-aggregate/scrap/lambdasec-autogrep/filtered_rules__c__libvirt_rules.yaml,lambdasec-autogrep,0,10,vuln-libvirt-e7f400a1,A4,Negation / Filtering,"category,cwe,id,languages,message,metadata,owasp,pattern,pattern-not,references,severity,source-url,technology",True,False,False,False,False,False,False,,,[],2,True,False,False,False,False,False,C1,no_metavar
/home/moscovin/Documents/eboss/semgrep-rules-aggregate/scrap/lambdasec-autogrep/filtered_rules__c__lldpd_rules.yaml,lambdasec-autogrep,0,0,vuln-lldpd-73d42680,A4,Negation / Filtering,"category,cwe,id,languages,message,metadata,owasp,pattern,pattern-not,references,severity,source-url,technology",True,False,False,False,False,False,False,,,[],2,True,False,True,False,False,False,"C1,C3","no_metavar,unnamed_ellipsis"
/home/moscovin/Documents/eboss/semgrep-rules-aggregate/scrap/lambdasec-autogrep/filtered_rules__c__lua_rules.yaml,lambdasec-autogrep,0,0,vuln-lua-cf613cdc,A4,Negation / Filtering,"category,cwe,id,languages,message,metadata,owasp,pattern,pattern-not,references,severity,source-url,technology",False,True,True,False,False,False,False,"$DELTA,$FUNC,$L,$SIZE","$L,$SIZE","[{""$DELTA"": 1, ""$FUNC"": 1, ""$L"": 2, ""$SIZE"": 2}]",2,False,True,False,False,False,False,C2,plain_metavar
/home/moscovin/Documents/eboss/semgrep-rules-aggregate/scrap/lambdasec-autogrep/filtered_rules__c__lua_rules.yaml,lambdasec-autogrep,0,1,vuln-lua-066e0f93,A4,Negation / Filtering,"category,cwe,id,languages,message,metadata,pattern,pattern-not,severity,source-url,technology",False,True,True,False,False,False,False,"$CI,$L,$NAME","$CI,$L,$NAME","[{""$CI"": 3, ""$L"": 2, ""$NAME"": 2}]",2,False,True,False,False,False,False,C2,plain_metavar
/home/moscovin/Documents/eboss/semgrep-rules-aggregate/scrap/lambdasec-autogrep/filtered_rules__c__lua_rules.yaml,lambdasec-autogrep,0,2,vuln-lua-0bfc572e,A4,Negation / Filtering,"category,cwe,id,languages,message,metadata,owasp,pattern,pattern-not,severity,source-url,technology",False,True,True,False,False,False,False,"$G,$L,$VALUE","$G,$L,$VALUE","[{""$G"": 6, ""$L"": 2, ""$VALUE"": 2}]",2,False,True,True,False,False,False,"C2,C3","plain_metavar,unnamed_ellipsis"
/home/moscovin/Documents/eboss/semgrep-rules-aggregate/scrap/lambdasec-autogrep/filtered_rules__c__lxc_rules.yaml,lambdasec-autogrep,0,0,vuln-lxc-72cf81f6,A4,Negation / Filtering,"A1,category,cwe,id,languages,message,metadata,owasp,pattern,pattern-not,references,severity,source-url,technology",False,True,True,False,False,False,False,"$DEST,$LEN,$P,$RUNDIR","$DEST,$LEN,$P,$RUNDIR","[{""$DEST"": 2, ""$LEN"": 2, ""$P"": 2, ""$RUNDIR"": 2}]",2,False,True,False,False,False,False,C2,plain_metavar
/home/moscovin/Documents/eboss/semgrep-rules-aggregate/scrap/lambdasec-autogrep/filtered_rules__c__marcobambini_rules.yaml,lambdasec-autogrep,0,0,vuln-gravity-00e53c36,A4,Negation / Filtering,"category,cwe,id,languages,message,metadata,owasp,pattern,pattern-not,references,severity,source-url,technology",False,True,True,False,False,False,False,"$LEN,$SEEK,$SIZE,$STR,$VAR","$STR,$VAR","[{""$LEN"": 1, ""$SEEK"": 1, ""$SIZE"": 1, ""$STR"": 3, ""$VAR"": 5}]",2,False,True,True,False,False,False,"C2,C3","plain_metavar,unnamed_ellipsis"
/home/moscovin/Documents/eboss/semgrep-rules-aggregate/scrap/lambdasec-autogrep/filtered_rules__c__marcobambini_rules.yaml,lambdasec-autogrep,0,1,vuln-gravity-5b73d291,A4,Negation / Filtering,"category,cwe,id,languages,message,metadata,owasp,pattern,pattern-not,references,severity,source-url,technology",False,True,True,False,False,False,False,"$FUNC,$FUNC2,$FUNC3,$FUNC4,$LABEL,$VAR,$VAR2,$VAR3","$FUNC,$FUNC2,$FUNC3,$FUNC4,$LABEL,$VAR,$VAR2,$VAR3","[{""$FUNC"": 2, ""$FUNC2"": 2, ""$FUNC3"": 2, ""$FUNC4"": 2, ""$LABEL"": 2, ""$VAR"": 5, ""$VAR2"": 8, ""$VAR3"": 2}]",2,False,True,True,False,False,False,"C2,C3","plain_metavar,unnamed_ellipsis"
/home/moscovin/Documents/eboss/semgrep-rules-aggregate/scrap/lambdasec-autogrep/filtered_rules__c__marcobambini_rules.yaml,lambdasec-autogrep,0,2,vuln-gravity-8cf63796,A4,Negation / Filtering,"category,cwe,id,languages,message,metadata,owasp,pattern,pattern-not,severity,source-url,technology",False,True,True,False,False,False,False,"$ALLOC,$BUFFER,$FREE,$FREE_MEM,$MAX_MEMORY_BLOCK,$REQ,$SEPLEN,$TO_ALLOC,$_BUFFER","$ALLOC,$BUFFER,$MAX_MEMORY_BLOCK,$REQ,$SEPLEN,$TO_ALLOC,$_BUFFER","[{""$ALLOC"": 7, ""$BUFFER"": 3, ""$FREE"": 1, ""$FREE_MEM"": 1, ""$MAX_MEMORY_BLOCK"": 2, ""$REQ"": 5, ""$SEPLEN"": 5, ""$TO_ALLOC"": 5, ""$_BUFFER"": 6}]",2,False,True,True,False,False,False,"C2,C3","plain_metavar,unnamed_ellipsis"
/home/moscovin/Documents/eboss/semgrep-rules-aggregate/scrap/lambdasec-autogrep/filtered_rules__c__mdadams_rules.yaml,lambdasec-autogrep,0,0,vuln-jasper-1f0dfe5a,A4,Negation / Filtering,"category,cwe,id,languages,message,metadata,owasp,pattern,pattern-not,severity,source-url,technology",False,True,True,False,False,False,False,"$EXPR1,$EXPR2,$EXPR3,$EXPR4,$VAR","$EXPR1,$EXPR2,$EXPR3,$EXPR4,$VAR","[{""$EXPR1"": 2, ""$EXPR2"": 2, ""$EXPR3"": 2, ""$EXPR4"": 2, ""$VAR"": 2}]",2,False,True,False,False,False,False,C2,plain_metavar
/home/moscovin/Documents/eboss/semgrep-rules-aggregate/scrap/lambdasec-autogrep/filtered_rules__c__mfwitten_rules.yaml,lambdasec-autogrep,0,0,vuln-udev-662c3110,A4,Negation / Filtering,"category,cwe,id,languages,message,metadata,owasp,pattern,pattern-not,severity,source-url,technology",False,True,True,False,False,False,False,$VAR,$VAR,"[{""$VAR"": 2}]",2,False,True,False,False,False,False,C2,plain_metavar
/home/moscovin/Documents/eboss/semgrep-rules-aggregate/scrap/lambdasec-autogrep/filtered_rules__c__mfwitten_rules.yaml,lambdasec-autogrep,0,1,vuln-udev-e2b362d9,A4,Negation / Filtering,"category,cwe,id,languages,message,metadata,owasp,pattern,pattern-not,references,severity,source-url,technology",False,True,True,False,False,False,False,"$ERR,$MONITOR","$ERR,$MONITOR","[{""$ERR"": 4, ""$MONITOR"": 11}]",2,False,True,True,False,False,False,"C2,C3","plain_metavar,unnamed_ellipsis"
/home/moscovin/Documents/eboss/semgrep-rules-aggregate/scrap/lambdasec-autogrep/filtered_rules__c__miniupnp_rules.yaml,lambdasec-autogrep,0,0,vuln-miniupnp-f0f1f4b2,A4,Negation / Filtering,"category,cwe,id,languages,message,metadata,owasp,pattern,pattern-not,references,severity,source-url,technology",False,True,True,False,False,False,False,"$EXPR1,$EXPR2,$VAR","$EXPR1,$EXPR2,$VAR","[{""$EXPR1"": 2, ""$EXPR2"": 2, ""$VAR"": 3}]",2,False,True,True,False,False,False,"C2,C3","plain_metavar,unnamed_ellipsis"
/home/moscovin/Documents/eboss/semgrep-rules-aggregate/scrap/lambdasec-autogrep/filtered_rules__c__miniupnp_rules.yaml,lambdasec-autogrep,0,1,vuln-ngiflib-19913ae4,A4,Negation / Filtering,"category,cwe,id,languages,message,metadata,owasp,pattern,pattern-not,references,severity,source-url,technology",False,True,True,False,False,False,False,"$BUFFER,$FILESIZE,$GIF","$BUFFER,$GIF","[{""$BUFFER"": 2, ""$FILESIZE"": 1, ""$GIF"": 3}]",2,False,True,False,False,False,False,C2,plain_metavar
/home/moscovin/Documents/eboss/semgrep-rules-aggregate/scrap/lambdasec-autogrep/filtered_rules__c__miniupnp_rules.yaml,lambdasec-autogrep,0,2,vuln-miniupnp-7aeb624b,A4,Negation / Filtering,"category,cwe,id,languages,message,metadata,pattern,pattern-not,severity,source-url,technology",False,True,True,False,False,False,False,$DATA,$DATA,"[{""$DATA"": 4}]",2,False,True,False,False,False,False,C2,plain_metavar
/home/moscovin/Documents/eboss/semgrep-rules-aggregate/scrap/lambdasec-autogrep/filtered_rules__c__mirror_rules.yaml,lambdasec-autogrep,0,0,vuln-libx11-2fcfcc49,A4,Negation / Filtering,"category,cwe,id,languages,message,metadata,owasp,pattern,pattern-not,references,severity,source-url,technology",False,True,True,False,False,False,False,"$BASE_NAME,$DATA,$DATA_LEN,$LEN","$BASE_NAME,$DATA,$LEN","[{""$BASE_NAME"": 2, ""$DATA"": 4, ""$DATA_LEN"": 1, ""$LEN"": 5}]",2,False,True,True,False,False,False,"C2,C3","plain_metavar,unnamed_ellipsis"
/home/moscovin/Documents/eboss/semgrep-rules-aggregate/scrap/lambdasec-autogrep/filtered_rules__c__mirror_rules.yaml,lambdasec-autogrep,0,1,vuln-libx11-b469da14,A4,Negation / Filtering,"category,cwe,id,languages,message,metadata,owasp,pattern,pattern-not,references,severity,source-url,technology",False,True,True,False,False,False,False,"$CH,$CHEND,$COUNT,$LEN,$LENGTH","$CH,$CHEND,$LEN","[{""$CH"": 5, ""$CHEND"": 3, ""$COUNT"": 1, ""$LEN"": 2, ""$LENGTH"": 1}]",2,False,True,True,False,False,False,"C2,C3","plain_metavar,unnamed_ellipsis"
/home/moscovin/Documents/eboss/semgrep-rules-aggregate/scrap/lambdasec-autogrep/filtered_rules__c__mm2_rules.yaml,lambdasec-autogrep,0,0,vuln-little-cms-91c2db7f,A4,Negation / Filtering,"category,cwe,id,languages,message,metadata,owasp,pattern,pattern-not,references,severity,source-url,technology",False,True,True,False,False,False,False,"$DEST,$SRC","$DEST,$SRC","[{""$DEST"": 4, ""$SRC"": 2}]",2,False,True,False,False,False,False,C2,plain_metavar
/home/moscovin/Documents/eboss/semgrep-rules-aggregate/scrap/lambdasec-autogrep/filtered_rules__c__mono_rules.yaml,lambdasec-autogrep,0,0,vuln-mono-8e890a3b,A4,Negation / Filtering,"category,cwe,id,languages,message,metadata,owasp,pattern,pattern-not,severity,source-url,technology",False,True,True,False,False,False,False,"$DIR,$FILE_NAME,$ITER","$FILE_NAME,$ITER","[{""$DIR"": 1, ""$FILE_NAME"": 2, ""$ITER"": 2}]",2,False,True,True,False,False,False,"C2,C3","plain_metavar,unnamed_ellipsis"
/home/moscovin/Documents/eboss/semgrep-rules-aggregate/scrap/lambdasec-autogrep/filtered_rules__c__mruby_rules.yaml,lambdasec-autogrep,0,0,vuln-mruby-70e57468,A4,Negation / Filtering,"category,cwe,id,languages,message,metadata,owasp,pattern,pattern-not,severity,source-url,technology",False,True,True,False,False,False,False,"$COND,$VAR","$COND,$VAR","[{""$COND"": 2, ""$VAR"": 2}]",2,False,True,False,False,False,False,C2,plain_metavar
/home/moscovin/Documents/eboss/semgrep-rules-aggregate/scrap/lambdasec-autogrep/filtered_rules__c__mruby_rules.yaml,lambdasec-autogrep,0,1,vuln-mruby-c8c083cb,A4,Negation / Filtering,"category,cwe,id,languages,message,metadata,pattern,pattern-not,severity,source-url,technology",False,True,True,False,False,False,False,$N,$N,"[{""$N"": 3}]",2,False,True,True,False,False,False,"C2,C3","plain_metavar,unnamed_ellipsis"
/home/moscovin/Documents/eboss/semgrep-rules-aggregate/scrap/lambdasec-autogrep/filtered_rules__c__muttmua_rules.yaml,lambdasec-autogrep,0,0,vuln-mutt-3d9028fe,A4,Negation / Filtering,"category,cwe,id,languages,message,metadata,owasp,pattern,pattern-not,references,severity,source-url,technology",False,True,True,False,False,False,False,"$IN,$OLEN,$OUT","$IN,$OUT","[{""$IN"": 2, ""$OLEN"": 1, ""$OUT"": 2}]",2,False,True,False,False,False,False,C2,plain_metavar
/home/moscovin/Documents/eboss/semgrep-rules-aggregate/scrap/lambdasec-autogrep/filtered_rules__c__neomutt_rules.yaml,lambdasec-autogrep,0,0,vuln-neomutt-36a29280,A4,Negation / Filtering,"category,cwe,id,languages,message,metadata,owasp,pattern,pattern-not,severity,source-url,technology",False,True,True,False,False,False,False,$S,$S,"[{""$S"": 2}]",2,False,True,False,False,False,False,C2,plain_metavar
/home/moscovin/Documents/eboss/semgrep-rules-aggregate/scrap/lambdasec-autogrep/filtered_rules__c__neomutt_rules.yaml,lambdasec-autogrep,0,1,vuln-neomutt-6f163e07,A4,Negation / Filtering,"category,cwe,id,languages,message,metadata,owasp,pattern,pattern-not,severity,source-url,technology",False,True,True,False,False,False,False,"$IN,$OLEN,$OUT","$IN,$OUT","[{""$IN"": 2, ""$OLEN"": 1, ""$OUT"": 2}]",2,False,True,False,False,False,False,C2,plain_metavar
/home/moscovin/Documents/eboss/semgrep-rules-aggregate/scrap/lambdasec-autogrep/filtered_rules__c__netwide-assembler_rules.yaml,lambdasec-autogrep,0,0,vuln-nasm-9b7ee09a,A4,Negation / Filtering,"category,cwe,id,languages,message,metadata,owasp,pattern,pattern-not,references,severity,source-url,technology",False,True,True,False,False,False,False,"$TEXT,$TYPE","$TEXT,$TYPE","[{""$TEXT"": 4, ""$TYPE"": 2}]",2,False,True,True,False,False,False,"C2,C3","plain_metavar,unnamed_ellipsis"
/home/moscovin/Documents/eboss/semgrep-rules-aggregate/scrap/lambdasec-autogrep/filtered_rules__c__netwide-assembler_rules.yaml,lambdasec-autogrep,0,1,vuln-nasm-e996d28c,A4,Negation / Filtering,"category,cwe,id,languages,message,metadata,owasp,pattern,pattern-not,references,severity,source-url,technology",False,True,True,False,False,False,False,"$COND1,$COND2,$COND3,$ERR,$MSG,$VAR","$COND1,$COND2,$COND3,$ERR,$MSG,$VAR","[{""$COND1"": 2, ""$COND2"": 2, ""$COND3"": 2, ""$ERR"": 2, ""$MSG"": 2, ""$VAR"": 2}]",2,False,True,True,False,False,False,"C2,C3","plain_metavar,unnamed_ellipsis"
/home/moscovin/Documents/eboss/semgrep-rules-aggregate/scrap/lambdasec-autogrep/filtered_rules__c__netwide-assembler_rules.yaml,lambdasec-autogrep,0,2,vuln-nasm-c713b5f9,A4,Negation / Filtering,"category,cwe,id,languages,message,metadata,owasp,pattern,pattern-not,references,severity,source-url,technology",False,True,True,False,False,False,False,"$NAMES,$SIZE,$STR","$NAMES,$SIZE,$STR","[{""$NAMES"": 2, ""$SIZE"": 2, ""$STR"": 4}]",2,False,True,False,False,False,False,C2,plain_metavar
/home/moscovin/Documents/eboss/semgrep-rules-aggregate/scrap/lambdasec-autogrep/filtered_rules__c__netwide-assembler_rules.yaml,lambdasec-autogrep,0,3,vuln-nasm-2d4e6952,A4,Negation / Filtering,"category,cwe,id,languages,message,metadata,owasp,pattern,pattern-not,references,severity,source-url,technology",False,True,True,False,False,False,False,"$NBS,$Q","$NBS,$Q","[{""$NBS"": 2, ""$Q"": 3}]",2,False,True,False,False,False,False,C2,plain_metavar
/home/moscovin/Documents/eboss/semgrep-rules-aggregate/scrap/lambdasec-autogrep/filtered_rules__c__neutrinolabs_rules.yaml,lambdasec-autogrep,0,0,vuln-xrdp-6cb54a1c,A4,Negation / Filtering,"category,cwe,id,languages,message,metadata,owasp,pattern,pattern-not,references,severity,source-url,technology",False,True,True,False,False,False,False,"$NAME,$NAME_BYTES","$NAME,$NAME_BYTES","[{""$NAME"": 5, ""$NAME_BYTES"": 3}]",2,False,True,True,False,False,False,"C2,C3","plain_metavar,unnamed_ellipsis"
/home/moscovin/Documents/eboss/semgrep-rules-aggregate/scrap/lambdasec-autogrep/filtered_rules__c__neutrinolabs_rules.yaml,lambdasec-autogrep,0,1,vuln-xrdp-a111a0fd,A4,Negation / Filtering,"category,cwe,id,languages,message,metadata,owasp,pattern,pattern-not,severity,source-url,technology",False,True,True,False,False,False,False,"$AUTH_INFO,$DISPLAY_NUM,$ERROR_CODE","$AUTH_INFO,$DISPLAY_NUM","[{""$AUTH_INFO"": 2, ""$DISPLAY_NUM"": 2, ""$ERROR_CODE"": 1}]",2,False,True,False,False,False,False,C2,plain_metavar
/home/moscovin/Documents/eboss/semgrep-rules-aggregate/scrap/lambdasec-autogrep/filtered_rules__c__nodejs_rules.yaml,lambdasec-autogrep,0,0,vuln-node-d33aead2,A4,Negation / Filtering,"category,cwe,id,languages,message,metadata,owasp,pattern,pattern-not,references,severity,source-url,technology",False,True,True,False,False,False,False,"$ARG1,$ARG2,$ARG3,$ERROR,$FUNC,$MACRO","$ARG1,$ARG2,$ARG3,$FUNC","[{""$ARG1"": 4, ""$ARG2"": 6, ""$ARG3"": 6, ""$ERROR"": 1, ""$FUNC"": 2, ""$MACRO"": 1}]",2,False,True,False,False,False,False,C2,plain_metavar
/home/moscovin/Documents/eboss/semgrep-rules-aggregate/scrap/lambdasec-autogrep/filtered_rules__c__ntop_rules.yaml,lambdasec-autogrep,0,0,vuln-ndpi-b7e666e4,A4,Negation / Filtering,"category,cwe,id,languages,message,metadata,owasp,pattern,pattern-not,severity,source-url,technology",False,True,True,False,False,False,False,"$DPORT,$PAYLOAD,$PAYLOAD_PACKET_LEN,$SPORT","$DPORT,$PAYLOAD,$SPORT","[{""$DPORT"": 2, ""$PAYLOAD"": 8, ""$PAYLOAD_PACKET_LEN"": 1, ""$SPORT"": 2}]",2,False,True,True,False,False,False,"C2,C3","plain_metavar,unnamed_ellipsis"
/home/moscovin/Documents/eboss/semgrep-rules-aggregate/scrap/lambdasec-autogrep/filtered_rules__c__ntp_rules.yaml,lambdasec-autogrep,0,0,vuln-ntp-c4cd4aaf,A4,Negation / Filtering,"category,cwe,id,languages,message,metadata,owasp,pattern,pattern-not,references,severity,source-url,technology",False,True,True,False,False,False,False,"$EP,$LEN,$MAXHOSTNAME,$MAX_VALLEN,$VALLEN,$VALUE_LEN","$EP,$LEN,$VALLEN","[{""$EP"": 2, ""$LEN"": 4, ""$MAXHOSTNAME"": 1, ""$MAX_VALLEN"": 1, ""$VALLEN"": 4, ""$VALUE_LEN"": 1}]",2,False,True,True,False,False,False,"C2,C3","plain_metavar,unnamed_ellipsis"
/home/moscovin/Documents/eboss/semgrep-rules-aggregate/scrap/lambdasec-autogrep/filtered_rules__c__ntp_rules.yaml,lambdasec-autogrep,0,1,vuln-ntp-ba716a46,A4,Negation / Filtering,"category,cwe,id,languages,message,metadata,owasp,pattern,pattern-not,references,severity,source-url,technology",False,True,True,False,False,False,False,"$NAME,$VAR","$NAME,$VAR","[{""$NAME"": 2, ""$VAR"": 2}]",2,False,True,False,False,False,False,C2,plain_metavar
/home/moscovin/Documents/eboss/semgrep-rules-aggregate/scrap/lambdasec-autogrep/filtered_rules__c__ntp_rules.yaml,lambdasec-autogrep,0,2,vuln-ntp-1bb40157,A4,Negation / Filtering,"category,cwe,id,languages,message,metadata,owasp,pattern,pattern-not,severity,source-url,technology",False,True,True,False,False,False,False,"$LEN,$SK","$LEN,$SK","[{""$LEN"": 2, ""$SK"": 7}]",2,False,True,False,False,False,False,C2,plain_metavar
/home/moscovin/Documents/eboss/semgrep-rules-aggregate/scrap/lambdasec-autogrep/filtered_rules__c__open5gs_rules.yaml,lambdasec-autogrep,0,0,vuln-open5gs-2f8ae91b,A4,Negation / Filtering,"category,cwe,id,languages,message,metadata,owasp,pattern,pattern-not,severity,source-url,technology",False,True,True,False,False,False,False,$VAR,$VAR,"[{""$VAR"": 2}]",2,False,True,False,False,False,False,C2,plain_metavar
/home/moscovin/Documents/eboss/semgrep-rules-aggregate/scrap/lambdasec-autogrep/filtered_rules__c__open5gs_rules.yaml,lambdasec-autogrep,0,1,vuln-open5gs-71a1516b,A4,Negation / Filtering,"category,cwe,id,languages,message,metadata,owasp,pattern,pattern-not,severity,source-url,technology",False,True,True,False,False,False,False,"$OGS_PFCP_VERSION,$VAR","$OGS_PFCP_VERSION,$VAR","[{""$OGS_PFCP_VERSION"": 2, ""$VAR"": 2}]",2,False,True,True,False,False,False,"C2,C3","plain_metavar,unnamed_ellipsis"
/home/moscovin/Documents/eboss/semgrep-rules-aggregate/scrap/lambdasec-autogrep/filtered_rules__c__openbsd_rules.yaml,lambdasec-autogrep,0,0,vuln-src-7afb2d41,A4,Negation / Filtering,"category,cwe,id,languages,message,metadata,owasp,pattern,pattern-not,severity,source-url,technology",False,True,True,False,False,False,False,"$LOCALKEY,$PEERKEY","$LOCALKEY,$PEERKEY","[{""$LOCALKEY"": 2, ""$PEERKEY"": 4}]",2,False,True,True,False,False,False,"C2,C3","plain_metavar,unnamed_ellipsis"
/home/moscovin/Documents/eboss/semgrep-rules-aggregate/scrap/lambdasec-autogrep/filtered_rules__c__openbsd_rules.yaml,lambdasec-autogrep,0,1,vuln-src-13053edc,A4,Negation / Filtering,"category,cwe,id,languages,message,metadata,owasp,pattern,pattern-not,references,severity,source-url,technology",False,True,True,False,False,False,False,"$CLASS,$LC,$LOGIN_DEFCLASS,$PWD,$PW_CLASS","$CLASS,$LC,$LOGIN_DEFCLASS,$PWD,$PW_CLASS","[{""$CLASS"": 3, ""$LC"": 2, ""$LOGIN_DEFCLASS"": 2, ""$PWD"": 6, ""$PW_CLASS"": 3}]",2,False,True,False,False,False,False,C2,plain_metavar
/home/moscovin/Documents/eboss/semgrep-rules-aggregate/scrap/lambdasec-autogrep/filtered_rules__c__openldap_rules.yaml,lambdasec-autogrep,0,0,vuln-openldap-21981053,A4,Negation / Filtering,"category,cwe,id,languages,message,metadata,owasp,pattern,pattern-not,severity,source-url,technology",False,True,True,False,False,False,False,"$OP,$VAR","$OP,$VAR","[{""$OP"": 2, ""$VAR"": 5}]",2,False,True,False,False,False,False,C2,plain_metavar
/home/moscovin/Documents/eboss/semgrep-rules-aggregate/scrap/lambdasec-autogrep/filtered_rules__c__openldap_rules.yaml,lambdasec-autogrep,0,1,vuln-openldap-91dccd25,A4,Negation / Filtering,"category,cwe,id,languages,message,metadata,owasp,pattern,pattern-not,references,severity,source-url,technology",False,True,True,False,False,False,False,"$LEN,$VAR","$LEN,$VAR","[{""$LEN"": 2, ""$VAR"": 4}]",2,False,True,True,False,False,False,"C2,C3","plain_metavar,unnamed_ellipsis"
/home/moscovin/Documents/eboss/semgrep-rules-aggregate/scrap/lambdasec-autogrep/filtered_rules__c__openssl_rules.yaml,lambdasec-autogrep,0,0,vuln-openssl-b96bebac,A4,Negation / Filtering,"category,cwe,id,languages,message,metadata,owasp,pattern,pattern-not,references,severity,source-url,technology",False,True,True,False,False,False,False,"$DSAREF,$K,$KQ,$L,$M,$QBITS","$DSAREF,$K,$KQ,$L,$M","[{""$DSAREF"": 5, ""$K"": 2, ""$KQ"": 9, ""$L"": 4, ""$M"": 2, ""$QBITS"": 1}]",2,False,True,True,False,False,False,"C2,C3","plain_metavar,unnamed_ellipsis"
/home/moscovin/Documents/eboss/semgrep-rules-aggregate/scrap/lambdasec-autogrep/filtered_rules__c__openssl_rules.yaml,lambdasec-autogrep,0,1,vuln-openssl-91ddeba0,A4,Negation / Filtering,"category,cwe,id,languages,message,metadata,owasp,pattern,pattern-not,references,severity,source-url,technology",False,True,True,False,False,False,False,"$DH,$DH_CHECK_INVALID_Q_VALUE,$Q_GOOD,$RET","$DH,$Q_GOOD","[{""$DH"": 4, ""$DH_CHECK_INVALID_Q_VALUE"": 1, ""$Q_GOOD"": 2, ""$RET"": 1}]",2,False,True,True,False,False,False,"C2,C3","plain_metavar,unnamed_ellipsis"
/home/moscovin/Documents/eboss/semgrep-rules-aggregate/scrap/lambdasec-autogrep/filtered_rules__c__openssl_rules.yaml,lambdasec-autogrep,0,2,vuln-openssl-4b390b6c,A4,Negation / Filtering,"category,cwe,id,languages,message,metadata,owasp,pattern,pattern-not,references,severity,source-url,technology",False,True,True,False,False,False,False,"$L,$S","$L,$S","[{""$L"": 4, ""$S"": 2}]",2,False,True,True,False,False,False,"C2,C3","plain_metavar,unnamed_ellipsis"
/home/moscovin/Documents/eboss/semgrep-rules-aggregate/scrap/lambdasec-autogrep/filtered_rules__c__openssl_rules.yaml,lambdasec-autogrep,0,3,vuln-openssl-4b22cce3,A4,Negation / Filtering,"category,cwe,id,languages,message,metadata,owasp,pattern,pattern-not,severity,source-url,technology",False,True,True,False,False,False,False,"$CTX,$FUNC,$NULL,$PKEY,$SIGALG","$CTX,$FUNC,$NULL,$PKEY,$SIGALG","[{""$CTX"": 2, ""$FUNC"": 2, ""$NULL"": 2, ""$PKEY"": 2, ""$SIGALG"": 2}]",2,False,True,True,False,False,False,"C2,C3","plain_metavar,unnamed_ellipsis"
/home/moscovin/Documents/eboss/semgrep-rules-aggregate/scrap/lambdasec-autogrep/filtered_rules__c__openssl_rules.yaml,lambdasec-autogrep,0,4,vuln-openssl-06d1dc3f,A4,Negation / Filtering,"category,cwe,id,languages,message,metadata,owasp,pattern,pattern-not,references,severity,source-url,technology",False,True,True,False,False,False,False,$CSTR,$CSTR,"[{""$CSTR"": 3}]",2,False,True,False,False,False,False,C2,plain_metavar
/home/moscovin/Documents/eboss/semgrep-rules-aggregate/scrap/lambdasec-autogrep/filtered_rules__c__openssl_rules.yaml,lambdasec-autogrep,0,5,vuln-openssl-7c038a6b,A4,Negation / Filtering,"category,cwe,id,languages,message,metadata,owasp,pattern,pattern-not,references,severity,source-url,technology",False,True,True,False,False,False,False,"$CHAL,$OUT","$CHAL,$OUT","[{""$CHAL"": 3, ""$OUT"": 2}]",2,False,True,False,False,False,False,C2,plain_metavar
/home/moscovin/Documents/eboss/semgrep-rules-aggregate/scrap/lambdasec-autogrep/filtered_rules__c__openssl_rules.yaml,lambdasec-autogrep,0,6,vuln-openssl-2ac4c6f7,A4,Negation / Filtering,"category,cwe,id,languages,message,metadata,owasp,pattern,pattern-not,references,severity,source-url,technology",False,True,True,False,False,False,False,"$VAR1,$VAR2,$VAR3,$VAR4,$VAR5,$VAR6,$VAR7,$VAR8,$VAR9","$VAR1,$VAR2,$VAR3,$VAR4,$VAR5,$VAR6,$VAR7,$VAR8","[{""$VAR1"": 2, ""$VAR2"": 2, ""$VAR3"": 2, ""$VAR4"": 2, ""$VAR5"": 2, ""$VAR6"": 2, ""$VAR7"": 2, ""$VAR8"": 2, ""$VAR9"": 1}]",2,False,True,False,False,False,False,C2,plain_metavar
/home/moscovin/Documents/eboss/semgrep-rules-aggregate/scrap/lambdasec-autogrep/filtered_rules__c__openssl_rules.yaml,lambdasec-autogrep,0,7,vuln-openssl-e1b568dd,A4,Negation / Filtering,"category,cwe,id,languages,message,metadata,owasp,pattern,pattern-not,severity,source-url,technology",False,True,True,False,False,False,False,"$COND,$FLAGS,$P,$S","$COND,$FLAGS,$P,$S","[{""$COND"": 2, ""$FLAGS"": 2, ""$P"": 2, ""$S"": 4}]",2,False,True,False,False,False,False,C2,plain_metavar
/home/moscovin/Documents/eboss/semgrep-rules-aggregate/scrap/lambdasec-autogrep/filtered_rules__c__openssl_rules.yaml,lambdasec-autogrep,0,8,vuln-openssl-4924b37e,A4,Negation / Filtering,"category,cwe,id,languages,message,metadata,owasp,pattern,pattern-not,references,severity,source-url,technology",False,True,True,False,False,False,False,"$UBITS,$UDP","$UBITS,$UDP","[{""$UBITS"": 2, ""$UDP"": 3}]",2,False,True,False,False,False,False,C2,plain_metavar
/home/moscovin/Documents/eboss/semgrep-rules-aggregate/scrap/lambdasec-autogrep/filtered_rules__c__openssl_rules.yaml,lambdasec-autogrep,0,9,vuln-openssl-901f1ef7,A4,Negation / Filtering,"category,cwe,id,languages,message,metadata,owasp,pattern,pattern-not,references,severity,source-url,technology",False,True,True,False,False,False,False,$VAR,$VAR,"[{""$VAR"": 2}]",2,False,True,False,False,False,False,C2,plain_metavar
/home/moscovin/Documents/eboss/semgrep-rules-aggregate/scrap/lambdasec-autogrep/filtered_rules__c__openssl_rules.yaml,lambdasec-autogrep,0,10,vuln-openssl-1f365708,A4,Negation / Filtering,"category,cwe,id,languages,message,metadata,owasp,pattern,pattern-not,severity,source-url,technology",False,True,True,False,False,False,False,"$STR1,$STR2","$STR1,$STR2","[{""$STR1"": 3, ""$STR2"": 3}]",2,False,True,False,False,False,False,C2,plain_metavar
/home/moscovin/Documents/eboss/semgrep-rules-aggregate/scrap/lambdasec-autogrep/filtered_rules__c__openssl_rules.yaml,lambdasec-autogrep,0,11,vuln-openssl-00e2f5ee,A4,Negation / Filtering,"category,cwe,id,languages,message,metadata,owasp,pattern,pattern-not,severity,source-url,technology",False,True,True,False,False,False,False,"$INL,$OUT,$OUTL,$RETVAL","$INL,$OUTL,$RETVAL","[{""$INL"": 2, ""$OUT"": 1, ""$OUTL"": 3, ""$RETVAL"": 2}]",2,False,True,False,False,False,False,C2,plain_metavar
/home/moscovin/Documents/eboss/semgrep-rules-aggregate/scrap/lambdasec-autogrep/filtered_rules__c__openssl_rules.yaml,lambdasec-autogrep,0,12,vuln-openssl-43e6a58d,A4,Negation / Filtering,"category,cwe,id,languages,message,metadata,owasp,pattern,pattern-not,severity,source-url,technology",False,True,True,False,False,False,False,$DSAPARAM,$DSAPARAM,"[{""$DSAPARAM"": 3}]",2,False,True,False,False,False,False,C2,plain_metavar
/home/moscovin/Documents/eboss/semgrep-rules-aggregate/scrap/lambdasec-autogrep/filtered_rules__c__openssl_rules.yaml,lambdasec-autogrep,0,13,vuln-openssl-a830f551,A4,Negation / Filtering,"category,cwe,id,languages,message,metadata,owasp,pattern,pattern-not,references,severity,source-url,technology",False,True,True,False,False,False,False,"$CTX,$NULL,$STATUS,$VAR","$CTX,$NULL,$STATUS,$VAR","[{""$CTX"": 2, ""$NULL"": 2, ""$STATUS"": 2, ""$VAR"": 2}]",2,False,True,False,False,False,False,C2,plain_metavar
/home/moscovin/Documents/eboss/semgrep-rules-aggregate/scrap/lambdasec-autogrep/filtered_rules__c__openssl_rules.yaml,lambdasec-autogrep,0,14,vuln-openssl-59f5e75f,A4,Negation / Filtering,"category,cwe,id,languages,message,metadata,owasp,pattern,pattern-not,severity,source-url,technology",False,True,True,False,False,False,False,"$CT,$CT_SIZE,$DIGEST,$KEY,$MSGLEN,$PTSIZE",$PTSIZE,"[{""$CT"": 1, ""$CT_SIZE"": 1, ""$DIGEST"": 1, ""$KEY"": 1, ""$MSGLEN"": 1, ""$PTSIZE"": 2}]",2,False,True,False,False,False,False,C2,plain_metavar
/home/moscovin/Documents/eboss/semgrep-rules-aggregate/scrap/lambdasec-autogrep/filtered_rules__c__openssl_rules.yaml,lambdasec-autogrep,0,15,vuln-openssl-0042fb5f,A4,Negation / Filtering,"category,cwe,id,languages,message,metadata,owasp,pattern,pattern-not,severity,source-url,technology",False,True,True,False,False,False,False,"$BUF,$BUF_LEN,$VAR","$BUF,$VAR","[{""$BUF"": 3, ""$BUF_LEN"": 1, ""$VAR"": 4}]",2,False,True,False,False,False,False,C2,plain_metavar
/home/moscovin/Documents/eboss/semgrep-rules-aggregate/scrap/lambdasec-autogrep/filtered_rules__c__openssl_rules.yaml,lambdasec-autogrep,0,16,vuln-openssl-006cd708,A4,Negation / Filtering,"category,cwe,id,languages,message,metadata,owasp,pattern,pattern-not,references,severity,source-url,technology",False,True,True,False,False,False,False,$S,$S,"[{""$S"": 3}]",2,False,True,True,False,False,False,"C2,C3","plain_metavar,unnamed_ellipsis"
/home/moscovin/Documents/eboss/semgrep-rules-aggregate/scrap/lambdasec-autogrep/filtered_rules__c__openssl_rules.yaml,lambdasec-autogrep,0,17,vuln-openssl-95f8c1e1,A4,Negation / Filtering,"category,cwe,id,languages,message,metadata,owasp,pattern,pattern-not,references,severity,source-url,technology",False,True,True,False,False,False,False,"$LEN,$TEXT,$VAR","$TEXT,$VAR","[{""$LEN"": 1, ""$TEXT"": 2, ""$VAR"": 2}]",2,False,True,False,False,False,False,C2,plain_metavar
/home/moscovin/Documents/eboss/semgrep-rules-aggregate/scrap/lambdasec-autogrep/filtered_rules__c__openssl_rules.yaml,lambdasec-autogrep,0,18,vuln-openssl-75875496,A4,Negation / Filtering,"category,cwe,id,languages,message,metadata,owasp,pattern,pattern-not,severity,source-url,technology",False,True,True,False,False,False,False,"$I,$S,$SSL_VERIFY_NONE","$I,$S,$SSL_VERIFY_NONE","[{""$I"": 2, ""$S"": 2, ""$SSL_VERIFY_NONE"": 2}]",2,False,True,True,False,False,False,"C2,C3","plain_metavar,unnamed_ellipsis"
/home/moscovin/Documents/eboss/semgrep-rules-aggregate/scrap/lambdasec-autogrep/filtered_rules__c__openssl_rules.yaml,lambdasec-autogrep,0,19,vuln-openssl-59302b60,A4,Negation / Filtering,"category,cwe,id,languages,message,metadata,owasp,pattern,pattern-not,references,severity,source-url,technology",False,True,True,False,False,False,False,"$IN_BIO,$P7",$IN_BIO,"[{""$IN_BIO"": 2, ""$P7"": 1}]",2,False,True,True,False,False,False,"C2,C3","plain_metavar,unnamed_ellipsis"
/home/moscovin/Documents/eboss/semgrep-rules-aggregate/scrap/lambdasec-autogrep/filtered_rules__c__openssl_rules.yaml,lambdasec-autogrep,0,20,vuln-openssl-cd30f03a,A4,Negation / Filtering,"category,cwe,id,languages,message,metadata,owasp,pattern,pattern-not,severity,source-url,technology",True,False,False,False,False,False,False,,,[],2,True,False,True,False,False,False,"C1,C3","no_metavar,unnamed_ellipsis"
/home/moscovin/Documents/eboss/semgrep-rules-aggregate/scrap/lambdasec-autogrep/filtered_rules__c__pcmacdon_rules.yaml,lambdasec-autogrep,0,0,vuln-jsish-48b86dbe,A4,Negation / Filtering,"category,cwe,id,languages,message,metadata,owasp,pattern,pattern-not,references,severity,source-url,technology",False,True,True,False,False,False,False,"$RESPTR,$VP","$RESPTR,$VP","[{""$RESPTR"": 2, ""$VP"": 2}]",2,False,True,False,False,False,False,C2,plain_metavar
/home/moscovin/Documents/eboss/semgrep-rules-aggregate/scrap/lambdasec-autogrep/filtered_rules__c__pcmacdon_rules.yaml,lambdasec-autogrep,0,1,vuln-jsish-8d57b655,A4,Negation / Filtering,"category,cwe,id,languages,message,metadata,owasp,pattern,pattern-not,references,severity,source-url,technology",False,True,True,False,False,False,False,"$CONST,$VAR","$CONST,$VAR","[{""$CONST"": 2, ""$VAR"": 2}]",2,False,True,True,False,False,False,"C2,C3","plain_metavar,unnamed_ellipsis"
/home/moscovin/Documents/eboss/semgrep-rules-aggregate/scrap/lambdasec-autogrep/filtered_rules__c__pcmacdon_rules.yaml,lambdasec-autogrep,0,2,vuln-jsish-3ce16910,A4,Negation / Filtering,"category,cwe,id,languages,message,metadata,owasp,pattern,pattern-not,severity,source-url,technology",False,True,True,False,False,False,False,"$FUNC,$RETURN,$TYPE","$FUNC,$RETURN,$TYPE","[{""$FUNC"": 7, ""$RETURN"": 2, ""$TYPE"": 2}]",2,False,True,False,False,False,False,C2,plain_metavar
/home/moscovin/Documents/eboss/semgrep-rules-aggregate/scrap/lambdasec-autogrep/filtered_rules__c__phaag_rules.yaml,lambdasec-autogrep,0,0,vuln-nfdump-7b26ee97,A4,Negation / Filtering,"category,cwe,id,languages,message,metadata,owasp,pattern,pattern-not,references,severity,source-url,technology",False,True,True,False,False,False,False,"$IN,$IN_LEN,$NULL,$OUT,$OUT_LEN","$IN,$IN_LEN,$NULL,$OUT,$OUT_LEN","[{""$IN"": 2, ""$IN_LEN"": 2, ""$NULL"": 2, ""$OUT"": 2, ""$OUT_LEN"": 2}]",2,False,True,False,False,False,False,C2,plain_metavar
/home/moscovin/Documents/eboss/semgrep-rules-aggregate/scrap/lambdasec-autogrep/filtered_rules__c__php_rules.yaml,lambdasec-autogrep,0,0,vuln-php-src-8e76d040,A4,Negation / Filtering,"category,cwe,id,languages,message,metadata,owasp,pattern,pattern-not,severity,source-url,technology",False,True,True,False,False,False,False,"$CTXT,$OLD",$OLD,"[{""$CTXT"": 1, ""$OLD"": 2}]",2,False,True,False,False,False,False,C2,plain_metavar
/home/moscovin/Documents/eboss/semgrep-rules-aggregate/scrap/lambdasec-autogrep/filtered_rules__c__php_rules.yaml,lambdasec-autogrep,0,1,vuln-php-src-1e9b1752,A4,Negation / Filtering,"category,cwe,id,languages,message,metadata,owasp,pattern,pattern-not,severity,source-url,technology",False,True,True,False,False,False,False,"$VAR1,$VAR2","$VAR1,$VAR2","[{""$VAR1"": 2, ""$VAR2"": 2}]",2,False,True,True,False,False,False,"C2,C3","plain_metavar,unnamed_ellipsis"
/home/moscovin/Documents/eboss/semgrep-rules-aggregate/scrap/lambdasec-autogrep/filtered_rules__c__php_rules.yaml,lambdasec-autogrep,0,2,vuln-php-src-e77659a8,A4,Negation / Filtering,"category,cwe,id,languages,message,metadata,owasp,pattern,pattern-not,severity,source-url,technology",False,True,True,False,False,False,False,"$FIELD,$LEN,$STRUCT,$SZ","$FIELD,$LEN,$STRUCT","[{""$FIELD"": 4, ""$LEN"": 4, ""$STRUCT"": 4, ""$SZ"": 1}]",2,False,True,False,False,False,False,C2,plain_metavar
/home/moscovin/Documents/eboss/semgrep-rules-aggregate/scrap/lambdasec-autogrep/filtered_rules__c__php_rules.yaml,lambdasec-autogrep,0,3,vuln-php-src-74555e7c,A4,Negation / Filtering,"category,cwe,id,languages,message,metadata,owasp,pattern,pattern-not,references,severity,source-url,technology",False,True,True,False,False,False,False,$RBUF,$RBUF,"[{""$RBUF"": 2}]",2,False,True,False,False,False,False,C2,plain_metavar
/home/moscovin/Documents/eboss/semgrep-rules-aggregate/scrap/lambdasec-autogrep/filtered_rules__c__php_rules.yaml,lambdasec-autogrep,0,4,vuln-php-src-6e259665,A4,Negation / Filtering,"category,cwe,id,languages,message,metadata,owasp,pattern,pattern-not,severity,source-url,technology",False,True,True,False,False,False,False,"$ERRSTR,$EXCEPTION,$TYPE","$ERRSTR,$EXCEPTION,$TYPE","[{""$ERRSTR"": 2, ""$EXCEPTION"": 2, ""$TYPE"": 2}]",2,False,True,False,False,False,False,C2,plain_metavar
/home/moscovin/Documents/eboss/semgrep-rules-aggregate/scrap/lambdasec-autogrep/filtered_rules__c__php_rules.yaml,lambdasec-autogrep,0,5,vuln-php-src-c4cca4c2,A4,Negation / Filtering,"category,cwe,id,languages,message,metadata,owasp,pattern,pattern-not,severity,source-url,technology",False,True,True,False,False,False,False,"$ATTS,$EL,$I","$ATTS,$EL,$I","[{""$ATTS"": 6, ""$EL"": 2, ""$I"": 6}]",2,False,True,True,False,False,False,"C2,C3","plain_metavar,unnamed_ellipsis"
/home/moscovin/Documents/eboss/semgrep-rules-aggregate/scrap/lambdasec-autogrep/filtered_rules__c__php_rules.yaml,lambdasec-autogrep,0,6,vuln-php-src-8d2539fa,A4,Negation / Filtering,"category,cwe,id,languages,message,metadata,owasp,pattern,pattern-not,severity,source-url,technology",False,True,True,False,False,False,False,"$ENT,$OBJ,$PCE","$ENT,$OBJ,$PCE","[{""$ENT"": 9, ""$OBJ"": 6, ""$PCE"": 2}]",2,False,True,True,False,False,False,"C2,C3","plain_metavar,unnamed_ellipsis"
/home/moscovin/Documents/eboss/semgrep-rules-aggregate/scrap/lambdasec-autogrep/filtered_rules__c__php_rules.yaml,lambdasec-autogrep,0,7,vuln-php-src-9d388b95,A4,Negation / Filtering,"category,cwe,id,languages,message,metadata,owasp,pattern,pattern-not,references,severity,source-url,technology",False,True,True,False,False,False,False,"$FILENAME,$LEN,$POS","$FILENAME,$LEN,$POS","[{""$FILENAME"": 2, ""$LEN"": 2, ""$POS"": 4}]",2,False,True,False,False,False,False,C2,plain_metavar
/home/moscovin/Documents/eboss/semgrep-rules-aggregate/scrap/lambdasec-autogrep/filtered_rules__c__php_rules.yaml,lambdasec-autogrep,0,8,vuln-php-src-3c8c200d,A4,Negation / Filtering,"category,cwe,id,languages,message,metadata,owasp,pattern,pattern-not,references,severity,source-url,technology",False,True,True,False,False,False,False,$LENGTH,$LENGTH,"[{""$LENGTH"": 4}]",2,False,True,False,False,False,False,C2,plain_metavar
/home/moscovin/Documents/eboss/semgrep-rules-aggregate/scrap/lambdasec-autogrep/filtered_rules__c__php_rules.yaml,lambdasec-autogrep,0,9,vuln-php-src-780ff63c,A4,Negation / Filtering,"category,cwe,id,languages,message,metadata,owasp,pattern,pattern-not,severity,source-url,technology",False,True,True,False,False,False,False,$MSG,$MSG,"[{""$MSG"": 2}]",2,False,True,False,False,False,False,C2,plain_metavar
/home/moscovin/Documents/eboss/semgrep-rules-aggregate/scrap/lambdasec-autogrep/filtered_rules__c__php_rules.yaml,lambdasec-autogrep,0,10,vuln-php-src-3804c0d0,A4,Negation / Filtering,"category,cwe,id,languages,message,metadata,owasp,pattern,pattern-not,severity,source-url,technology",False,True,True,False,False,False,False,"$DATA,$VAR","$DATA,$VAR","[{""$DATA"": 3, ""$VAR"": 4}]",2,False,True,True,False,False,False,"C2,C3","plain_metavar,unnamed_ellipsis"
/home/moscovin/Documents/eboss/semgrep-rules-aggregate/scrap/lambdasec-autogrep/filtered_rules__c__php_rules.yaml,lambdasec-autogrep,0,11,vuln-php-src-0f8cf3b8,A4,Negation / Filtering,"category,cwe,id,languages,message,metadata,owasp,pattern,pattern-not,severity,source-url,technology",False,True,True,False,False,False,False,$VAR,$VAR,"[{""$VAR"": 8}]",2,False,True,False,False,False,False,C2,plain_metavar
/home/moscovin/Documents/eboss/semgrep-rules-aggregate/scrap/lambdasec-autogrep/filtered_rules__c__php_rules.yaml,lambdasec-autogrep,0,12,vuln-php-src-e1ba58f0,A4,Negation / Filtering,"category,cwe,id,languages,message,metadata,owasp,pattern,pattern-not,references,severity,source-url,technology",False,True,True,False,False,False,False,"$S,$UE",$S,"[{""$S"": 3, ""$UE"": 1}]",2,False,True,False,False,False,False,C2,plain_metavar
/home/moscovin/Documents/eboss/semgrep-rules-aggregate/scrap/lambdasec-autogrep/filtered_rules__c__php_rules.yaml,lambdasec-autogrep,0,13,vuln-php-src-c283c3ab,A4,Negation / Filtering,"category,cwe,id,languages,message,metadata,owasp,pattern,pattern-not,references,severity,source-url,technology",False,True,True,False,False,False,False,"$PREV,$PREV2,$X",$X,"[{""$PREV"": 1, ""$PREV2"": 1, ""$X"": 2}]",2,False,True,True,False,False,False,"C2,C3","plain_metavar,unnamed_ellipsis"
/home/moscovin/Documents/eboss/semgrep-rules-aggregate/scrap/lambdasec-autogrep/filtered_rules__c__php_rules.yaml,lambdasec-autogrep,0,14,vuln-php-src-188c196d,A4,Negation / Filtering,"category,cwe,id,languages,message,metadata,owasp,pattern,pattern-not,severity,source-url,technology",False,True,True,False,False,False,False,"$CTXT,$XML_PARSE_DTDLOAD","$CTXT,$XML_PARSE_DTDLOAD","[{""$CTXT"": 2, ""$XML_PARSE_DTDLOAD"": 2}]",2,False,True,False,False,False,False,C2,plain_metavar
/home/moscovin/Documents/eboss/semgrep-rules-aggregate/scrap/lambdasec-autogrep/filtered_rules__c__php_rules.yaml,lambdasec-autogrep,0,15,vuln-php-src-fcd4b533,A4,Negation / Filtering,"category,cwe,id,languages,message,metadata,owasp,pattern,pattern-not,severity,source-url,technology",False,True,True,False,False,False,False,$OLD,$OLD,"[{""$OLD"": 4}]",2,False,True,True,False,False,False,"C2,C3","plain_metavar,unnamed_ellipsis"
/home/moscovin/Documents/eboss/semgrep-rules-aggregate/scrap/lambdasec-autogrep/filtered_rules__c__php_rules.yaml,lambdasec-autogrep,0,16,vuln-php-src-089f7c0b,A4,Negation / Filtering,"category,cwe,id,languages,message,metadata,owasp,pattern,pattern-not,severity,source-url,technology",False,True,True,False,False,False,False,"$FUNC,$IM,$OUT,$RV,$SIZE","$FUNC,$IM,$OUT,$RV,$SIZE","[{""$FUNC"": 2, ""$IM"": 2, ""$OUT"": 4, ""$RV"": 3, ""$SIZE"": 2}]",2,False,True,True,False,False,False,"C2,C3","plain_metavar,unnamed_ellipsis"
/home/moscovin/Documents/eboss/semgrep-rules-aggregate/scrap/lambdasec-autogrep/filtered_rules__c__php_rules.yaml,lambdasec-autogrep,0,17,vuln-php-src-95433e8e,A4,Negation / Filtering,"category,cwe,id,languages,message,metadata,owasp,pattern,pattern-not,references,severity,source-url,technology",False,True,True,False,False,False,False,"$X,$Y","$X,$Y","[{""$X"": 2, ""$Y"": 2}]",2,False,True,False,False,False,False,C2,plain_metavar
/home/moscovin/Documents/eboss/semgrep-rules-aggregate/scrap/lambdasec-autogrep/filtered_rules__c__php_rules.yaml,lambdasec-autogrep,0,18,vuln-php-src-35ceea92,A4,Negation / Filtering,"category,cwe,id,languages,message,metadata,owasp,pattern,pattern-not,references,severity,source-url,technology",False,True,True,False,False,False,False,$VAR,$VAR,"[{""$VAR"": 2}]",2,False,True,False,False,False,False,C2,plain_metavar
/home/moscovin/Documents/eboss/semgrep-rules-aggregate/scrap/lambdasec-autogrep/filtered_rules__c__php_rules.yaml,lambdasec-autogrep,0,19,vuln-php-src-e0f5d62b,A4,Negation / Filtering,"category,cwe,id,languages,message,metadata,owasp,pattern,pattern-not,references,severity,source-url,technology",False,True,True,False,False,False,False,"$DEST,$SRC","$DEST,$SRC","[{""$DEST"": 4, ""$SRC"": 3}]",2,False,True,True,False,False,False,"C2,C3","plain_metavar,unnamed_ellipsis"
/home/moscovin/Documents/eboss/semgrep-rules-aggregate/scrap/lambdasec-autogrep/filtered_rules__c__php_rules.yaml,lambdasec-autogrep,0,20,vuln-php-src-0426b916,A4,Negation / Filtering,"category,cwe,id,languages,message,metadata,owasp,pattern,pattern-not,references,severity,source-url,technology",False,True,True,False,False,False,False,"$I,$ZV",$ZV,"[{""$I"": 1, ""$ZV"": 5}]",2,False,True,True,False,False,False,"C2,C3","plain_metavar,unnamed_ellipsis"
/home/moscovin/Documents/eboss/semgrep-rules-aggregate/scrap/lambdasec-autogrep/filtered_rules__c__php_rules.yaml,lambdasec-autogrep,0,21,vuln-php-src-df4bf28f,A4,Negation / Filtering,"category,cwe,id,languages,message,metadata,owasp,pattern,pattern-not,severity,source-url,technology",False,True,True,False,False,False,False,"$VAR,$VARHASH",$VAR,"[{""$VAR"": 3, ""$VARHASH"": 1}]",2,False,True,False,False,False,False,C2,plain_metavar
/home/moscovin/Documents/eboss/semgrep-rules-aggregate/scrap/lambdasec-autogrep/filtered_rules__c__php_rules.yaml,lambdasec-autogrep,0,22,vuln-php-src-9737e9ee,A4,Negation / Filtering,"category,cwe,id,languages,message,metadata,owasp,pattern,pattern-not,severity,source-url,technology",False,True,True,False,False,False,False,"$ENV_PATH_INFO,$PTLEN,$VAR","$ENV_PATH_INFO,$PTLEN,$VAR","[{""$ENV_PATH_INFO"": 4, ""$PTLEN"": 2, ""$VAR"": 2}]",2,False,True,False,False,False,False,C2,plain_metavar
/home/moscovin/Documents/eboss/semgrep-rules-aggregate/scrap/lambdasec-autogrep/filtered_rules__c__php_rules.yaml,lambdasec-autogrep,0,23,vuln-php-src-996faf96,A4,Negation / Filtering,"category,cwe,id,languages,message,metadata,owasp,pattern,pattern-not,references,severity,source-url,technology",False,True,True,False,False,False,False,"$EXPR,$EXPR1,$EXPR2,$VAR","$EXPR,$EXPR1,$EXPR2,$VAR","[{""$EXPR"": 2, ""$EXPR1"": 3, ""$EXPR2"": 2, ""$VAR"": 2}]",2,False,True,True,False,False,False,"C2,C3","plain_metavar,unnamed_ellipsis"
/home/moscovin/Documents/eboss/semgrep-rules-aggregate/scrap/lambdasec-autogrep/filtered_rules__c__php_rules.yaml,lambdasec-autogrep,0,24,vuln-php-src-dda81f05,A4,Negation / Filtering,"category,cwe,id,languages,message,metadata,owasp,pattern,pattern-not,references,severity,source-url,technology",True,False,False,False,False,False,False,,,[],2,True,False,True,False,False,False,"C1,C3","no_metavar,unnamed_ellipsis"
/home/moscovin/Documents/eboss/semgrep-rules-aggregate/scrap/lambdasec-autogrep/filtered_rules__c__php_rules.yaml,lambdasec-autogrep,0,25,vuln-php-src-c818d0d0,A4,Negation / Filtering,"category,cwe,id,languages,message,metadata,owasp,pattern,pattern-not,severity,source-url,technology",False,True,True,False,False,False,False,"$BUF,$P2,$TEXT,$TM,$VALUE","$BUF,$TM,$VALUE","[{""$BUF"": 4, ""$P2"": 1, ""$TEXT"": 1, ""$TM"": 2, ""$VALUE"": 2}]",2,False,True,True,False,False,False,"C2,C3","plain_metavar,unnamed_ellipsis"
/home/moscovin/Documents/eboss/semgrep-rules-aggregate/scrap/lambdasec-autogrep/filtered_rules__c__php_rules.yaml,lambdasec-autogrep,0,26,vuln-php-src-56754a7f,A4,Negation / Filtering,"category,cwe,id,languages,message,metadata,owasp,pattern,pattern-not,severity,source-url,technology",False,True,True,False,False,False,False,"$DATALEN,$MAX,$P","$DATALEN,$MAX,$P","[{""$DATALEN"": 4, ""$MAX"": 2, ""$P"": 2}]",2,False,True,True,False,False,False,"C2,C3","plain_metavar,unnamed_ellipsis"
/home/moscovin/Documents/eboss/semgrep-rules-aggregate/scrap/lambdasec-autogrep/filtered_rules__c__php_rules.yaml,lambdasec-autogrep,0,27,vuln-php-src-4b15f5d4,A4,Negation / Filtering,"category,cwe,id,languages,message,metadata,owasp,pattern,pattern-not,references,severity,source-url,technology",True,False,False,False,False,False,False,,,[],2,True,False,True,False,False,False,"C1,C3","no_metavar,unnamed_ellipsis"
/home/moscovin/Documents/eboss/semgrep-rules-aggregate/scrap/lambdasec-autogrep/filtered_rules__c__pjsip_rules.yaml,lambdasec-autogrep,0,0,vuln-pjproject-450baca9,A4,Negation / Filtering,"category,cwe,id,languages,message,metadata,owasp,pattern,pattern-not,severity,source-url,technology",False,True,True,False,False,False,False,"$ATTR_MAX_CNT,$MSG,$MSG_LEN",$MSG_LEN,"[{""$ATTR_MAX_CNT"": 1, ""$MSG"": 1, ""$MSG_LEN"": 2}]",2,False,True,True,False,False,False,"C2,C3","plain_metavar,unnamed_ellipsis"
/home/moscovin/Documents/eboss/semgrep-rules-aggregate/scrap/lambdasec-autogrep/filtered_rules__c__pupnp_rules.yaml,lambdasec-autogrep,0,0,vuln-pupnp-c805c1de,A4,Negation / Filtering,"category,cwe,id,languages,message,metadata,owasp,pattern,pattern-not,severity,source-url,technology",False,True,True,False,False,False,False,"$HTTP_SUCCESS,$NULL,$PARSED_URL,$TABLE,$URL","$HTTP_SUCCESS,$PARSED_URL,$TABLE,$URL","[{""$HTTP_SUCCESS"": 2, ""$NULL"": 1, ""$PARSED_URL"": 2, ""$TABLE"": 2, ""$URL"": 5}]",2,False,True,True,False,False,False,"C2,C3","plain_metavar,unnamed_ellipsis"
/home/moscovin/Documents/eboss/semgrep-rules-aggregate/scrap/lambdasec-autogrep/filtered_rules__c__python_rules.yaml,lambdasec-autogrep,0,0,vuln-cpython-fd8614c5,A4,Negation / Filtering,"category,cwe,id,languages,message,metadata,owasp,pattern,pattern-not,references,severity,source-url,technology",False,True,True,False,False,False,False,"$LEN,$NEWLEN,$RECODE_ENCODING","$LEN,$NEWLEN,$RECODE_ENCODING","[{""$LEN"": 5, ""$NEWLEN"": 3, ""$RECODE_ENCODING"": 3}]",2,False,True,False,False,False,False,C2,plain_metavar
/home/moscovin/Documents/eboss/semgrep-rules-aggregate/scrap/lambdasec-autogrep/filtered_rules__c__qemu_rules.yaml,lambdasec-autogrep,0,0,vuln-qemu-66ae37d8,A4,Negation / Filtering,"category,cwe,id,languages,message,metadata,owasp,pattern,pattern-not,severity,source-url,technology",False,True,True,False,False,False,False,"$SIZE,$VAR","$SIZE,$VAR","[{""$SIZE"": 2, ""$VAR"": 2}]",2,False,True,False,False,False,False,C2,plain_metavar
/home/moscovin/Documents/eboss/semgrep-rules-aggregate/scrap/lambdasec-autogrep/filtered_rules__c__qemu_rules.yaml,lambdasec-autogrep,0,1,vuln-qemu-3a9163af,A4,Negation / Filtering,"category,cwe,id,languages,message,metadata,owasp,pattern,pattern-not,references,severity,source-url,technology",False,True,True,False,False,False,False,"$ADDR,$ERROR,$RET,$STATE,$VAR","$ADDR,$ERROR,$STATE,$VAR","[{""$ADDR"": 3, ""$ERROR"": 2, ""$RET"": 1, ""$STATE"": 2, ""$VAR"": 13}]",2,False,True,False,False,False,False,C2,plain_metavar
/home/moscovin/Documents/eboss/semgrep-rules-aggregate/scrap/lambdasec-autogrep/filtered_rules__c__qemu_rules.yaml,lambdasec-autogrep,0,2,vuln-qemu-4367a20c,A4,Negation / Filtering,"category,cwe,id,languages,message,metadata,owasp,pattern,pattern-not,severity,source-url,technology",False,True,True,False,False,False,False,$REQ,$REQ,"[{""$REQ"": 2}]",2,False,True,False,False,False,False,C2,plain_metavar
/home/moscovin/Documents/eboss/semgrep-rules-aggregate/scrap/lambdasec-autogrep/filtered_rules__c__qemu_rules.yaml,lambdasec-autogrep,0,3,vuln-qemu-e49884a9,A4,Negation / Filtering,"category,cwe,id,languages,message,metadata,owasp,pattern,pattern-not,references,severity,source-url,technology",False,True,True,False,False,False,False,"$LIMIT,$MAX,$REENTRANCY_LEVEL,$VAR","$MAX,$VAR","[{""$LIMIT"": 1, ""$MAX"": 2, ""$REENTRANCY_LEVEL"": 1, ""$VAR"": 2}]",2,False,True,True,False,False,False,"C2,C3","plain_metavar,unnamed_ellipsis"
/home/moscovin/Documents/eboss/semgrep-rules-aggregate/scrap/lambdasec-autogrep/filtered_rules__c__qemu_rules.yaml,lambdasec-autogrep,0,4,vuln-qemu-fa365d7c,A4,Negation / Filtering,"category,cwe,id,languages,message,metadata,owasp,pattern,pattern-not,references,severity,source-url,technology",False,True,True,False,False,False,False,"$BSEL,$MAX","$BSEL,$MAX","[{""$BSEL"": 4, ""$MAX"": 2}]",2,False,True,True,False,False,False,"C2,C3","plain_metavar,unnamed_ellipsis"
/home/moscovin/Documents/eboss/semgrep-rules-aggregate/scrap/lambdasec-autogrep/filtered_rules__c__qemu_rules.yaml,lambdasec-autogrep,0,5,vuln-qemu-98f93ddd,A4,Negation / Filtering,"category,cwe,id,languages,message,metadata,owasp,pattern,pattern-not,severity,source-url,technology",False,True,True,False,False,False,False,"$BUF,$F,$I,$MULTIPLIER,$SIZE","$BUF,$F,$I,$MULTIPLIER,$SIZE","[{""$BUF"": 3, ""$F"": 2, ""$I"": 3, ""$MULTIPLIER"": 3, ""$SIZE"": 4}]",2,False,True,False,False,False,False,C2,plain_metavar
/home/moscovin/Documents/eboss/semgrep-rules-aggregate/scrap/lambdasec-autogrep/filtered_rules__c__qemu_rules.yaml,lambdasec-autogrep,0,6,vuln-qemu-f1e2e38e,A4,Negation / Filtering,"category,cwe,id,languages,message,metadata,owasp,pattern,pattern-not,severity,source-url,technology",False,True,True,False,False,False,False,"$ARG1,$ARG2,$ARG3,$FUNC,$VAR","$ARG1,$ARG2,$ARG3,$FUNC,$VAR","[{""$ARG1"": 2, ""$ARG2"": 2, ""$ARG3"": 2, ""$FUNC"": 2, ""$VAR"": 2}]",2,False,True,True,False,False,False,"C2,C3","plain_metavar,unnamed_ellipsis"
/home/moscovin/Documents/eboss/semgrep-rules-aggregate/scrap/lambdasec-autogrep/filtered_rules__c__qemu_rules.yaml,lambdasec-autogrep,0,7,vuln-qemu-7ec54f9e,A4,Negation / Filtering,"category,cwe,id,languages,message,metadata,owasp,pattern,pattern-not,severity,source-url,technology",False,True,True,False,False,False,False,$SIZE,$SIZE,"[{""$SIZE"": 2}]",2,False,True,False,False,False,False,C2,plain_metavar
/home/moscovin/Documents/eboss/semgrep-rules-aggregate/scrap/lambdasec-autogrep/filtered_rules__c__qemu_rules.yaml,lambdasec-autogrep,0,8,vuln-qemu-87e459a8,A4,Negation / Filtering,"category,cwe,id,languages,message,metadata,owasp,pattern,pattern-not,severity,source-url,technology",False,True,True,False,False,False,False,"$BUF,$CMD,$DEV,$INDEX,$LUN,$REQ","$BUF,$CMD,$DEV,$INDEX,$LUN,$REQ","[{""$BUF"": 2, ""$CMD"": 6, ""$DEV"": 2, ""$INDEX"": 2, ""$LUN"": 2, ""$REQ"": 5}]",2,False,True,True,False,False,False,"C2,C3","plain_metavar,unnamed_ellipsis"
/home/moscovin/Documents/eboss/semgrep-rules-aggregate/scrap/lambdasec-autogrep/filtered_rules__c__qemu_rules.yaml,lambdasec-autogrep,0,9,vuln-qemu-23910d3f,A4,Negation / Filtering,"category,cwe,id,languages,message,metadata,owasp,pattern,pattern-not,references,severity,source-url,technology",True,False,False,False,False,False,False,,,[],2,True,False,True,False,False,False,"C1,C3","no_metavar,unnamed_ellipsis"
/home/moscovin/Documents/eboss/semgrep-rules-aggregate/scrap/lambdasec-autogrep/filtered_rules__c__qemu_rules.yaml,lambdasec-autogrep,0,10,vuln-qemu-156a2e4d,A4,Negation / Filtering,"category,cwe,id,languages,message,metadata,owasp,pattern,pattern-not,references,severity,source-url,technology",False,True,True,False,False,False,False,"$DEVADDR,$DIR,$ENDP,$I,$LEN,$PID,$XFERS","$DEVADDR,$DIR,$ENDP,$I,$LEN,$PID,$XFERS","[{""$DEVADDR"": 2, ""$DIR"": 2, ""$ENDP"": 2, ""$I"": 2, ""$LEN"": 2, ""$PID"": 2, ""$XFERS"": 3}]",2,False,True,True,False,False,False,"C2,C3","plain_metavar,unnamed_ellipsis"
/home/moscovin/Documents/eboss/semgrep-rules-aggregate/scrap/lambdasec-autogrep/filtered_rules__c__qemu_rules.yaml,lambdasec-autogrep,0,11,vuln-qemu-bedd7e93,A4,Negation / Filtering,"category,cwe,id,languages,message,metadata,owasp,pattern,pattern-not,severity,source-url,technology",False,True,True,False,False,False,False,"$CONDITION,$ELEM,$ELEMS,$ERR,$I,$J,$LENS,$Q,$TOTAL,$TYPE,$VALUE,$VAR","$CONDITION,$ELEM,$ELEMS,$I,$J,$LENS,$Q,$TOTAL,$TYPE,$VALUE,$VAR","[{""$CONDITION"": 2, ""$ELEM"": 3, ""$ELEMS"": 3, ""$ERR"": 1, ""$I"": 5, ""$J"": 7, ""$LENS"": 2, ""$Q"": 2, ""$TOTAL"": 2, ""$TYPE"": 2, ""$VALUE"": 2, ""$VAR"": 2}]",2,False,True,True,False,False,False,"C2,C3","plain_metavar,unnamed_ellipsis"
/home/moscovin/Documents/eboss/semgrep-rules-aggregate/scrap/lambdasec-autogrep/filtered_rules__c__qemu_rules.yaml,lambdasec-autogrep,0,12,vuln-qemu-ff0507c2,A4,Negation / Filtering,"category,cwe,id,languages,message,metadata,owasp,pattern,pattern-not,severity,source-url,technology",False,True,True,False,False,False,False,"$SS,$VAR1,$VAR2,$VAR3","$SS,$VAR1,$VAR2,$VAR3","[{""$SS"": 2, ""$VAR1"": 6, ""$VAR2"": 3, ""$VAR3"": 3}]",2,False,True,False,False,False,False,C2,plain_metavar
/home/moscovin/Documents/eboss/semgrep-rules-aggregate/scrap/lambdasec-autogrep/filtered_rules__c__qemu_rules.yaml,lambdasec-autogrep,0,13,vuln-qemu-a890a2f9,A4,Negation / Filtering,"category,cwe,id,languages,message,metadata,owasp,pattern,pattern-not,severity,source-url,technology",False,True,True,False,False,False,False,"$CONFIG_LEN,$DEV,$F","$CONFIG_LEN,$DEV,$F","[{""$CONFIG_LEN"": 3, ""$DEV"": 3, ""$F"": 2}]",2,False,True,False,False,False,False,C2,plain_metavar
/home/moscovin/Documents/eboss/semgrep-rules-aggregate/scrap/lambdasec-autogrep/filtered_rules__c__qemu_rules.yaml,lambdasec-autogrep,0,14,vuln-qemu-3592fe0c,A4,Negation / Filtering,"category,cwe,id,languages,message,metadata,pattern,pattern-not,severity,source-url,technology",False,True,True,False,False,False,False,$S,$S,"[{""$S"": 4}]",2,False,True,True,False,False,False,"C2,C3","plain_metavar,unnamed_ellipsis"
/home/moscovin/Documents/eboss/semgrep-rules-aggregate/scrap/lambdasec-autogrep/filtered_rules__c__qemu_rules.yaml,lambdasec-autogrep,0,15,vuln-qemu-80eecda8,A4,Negation / Filtering,"category,cwe,id,languages,message,metadata,owasp,pattern,pattern-not,severity,source-url,technology",False,True,True,False,False,False,False,"$DEV,$VALUE","$DEV,$VALUE","[{""$DEV"": 3, ""$VALUE"": 2}]",2,False,True,False,False,False,False,C2,plain_metavar
/home/moscovin/Documents/eboss/semgrep-rules-aggregate/scrap/lambdasec-autogrep/filtered_rules__c__qemu_rules.yaml,lambdasec-autogrep,0,16,vuln-qemu-070c4b92,A4,Negation / Filtering,"category,cwe,id,languages,message,metadata,owasp,pattern,pattern-not,severity,source-url,technology",False,True,False,False,False,False,False,"$DESCNT,$FEC_MAX_DESC",,"[{""$DESCNT"": 1, ""$FEC_MAX_DESC"": 1}]",2,True,True,True,False,False,False,"C1,C2,C3","no_metavar,plain_metavar,unnamed_ellipsis"
/home/moscovin/Documents/eboss/semgrep-rules-aggregate/scrap/lambdasec-autogrep/filtered_rules__c__qemu_rules.yaml,lambdasec-autogrep,0,17,vuln-qemu-362786f1,A4,Negation / Filtering,"category,cwe,id,languages,message,metadata,owasp,pattern,pattern-not,severity,source-url,technology",False,True,True,False,False,False,False,"$CSUM_OFFSET,$HLEN,$LENGTH,$PLEN","$CSUM_OFFSET,$PLEN","[{""$CSUM_OFFSET"": 2, ""$HLEN"": 1, ""$LENGTH"": 1, ""$PLEN"": 3}]",2,False,True,False,False,False,False,C2,plain_metavar
/home/moscovin/Documents/eboss/semgrep-rules-aggregate/scrap/lambdasec-autogrep/filtered_rules__c__qemu_rules.yaml,lambdasec-autogrep,0,18,vuln-qemu-7f61f469,A4,Negation / Filtering,"category,cwe,id,languages,message,metadata,owasp,pattern,pattern-not,severity,source-url,technology",False,True,True,False,False,False,False,"$FUNC,$MAX,$VAR1,$VAR2","$FUNC,$MAX,$VAR1,$VAR2","[{""$FUNC"": 2, ""$MAX"": 4, ""$VAR1"": 3, ""$VAR2"": 3}]",2,False,True,True,False,False,False,"C2,C3","plain_metavar,unnamed_ellipsis"
/home/moscovin/Documents/eboss/semgrep-rules-aggregate/scrap/lambdasec-autogrep/filtered_rules__c__qemu_rules.yaml,lambdasec-autogrep,0,19,vuln-qemu-961c74a8,A4,Negation / Filtering,"category,cwe,id,languages,message,metadata,owasp,pattern,pattern-not,references,severity,source-url,technology",False,True,True,False,False,False,False,"$BUF,$CMD,$LEN","$BUF,$CMD,$LEN","[{""$BUF"": 2, ""$CMD"": 2, ""$LEN"": 3}]",2,False,True,False,False,False,False,C2,plain_metavar
/home/moscovin/Documents/eboss/semgrep-rules-aggregate/scrap/lambdasec-autogrep/filtered_rules__c__qemu_rules.yaml,lambdasec-autogrep,0,20,vuln-qemu-035e69b0,A4,Negation / Filtering,"category,cwe,id,languages,message,metadata,owasp,pattern,pattern-not,references,severity,source-url,technology",False,True,True,False,False,False,False,"$VAR1,$VAR2","$VAR1,$VAR2","[{""$VAR1"": 3, ""$VAR2"": 3}]",2,False,True,False,False,False,False,C2,plain_metavar
/home/moscovin/Documents/eboss/semgrep-rules-aggregate/scrap/lambdasec-autogrep/filtered_rules__c__qemu_rules.yaml,lambdasec-autogrep,0,21,vuln-qemu-ead315e4,A4,Negation / Filtering,"category,cwe,id,languages,message,metadata,owasp,pattern,pattern-not,references,severity,source-url,technology",True,False,False,False,False,False,False,,,[],2,True,False,True,False,False,False,"C1,C3","no_metavar,unnamed_ellipsis"
/home/moscovin/Documents/eboss/semgrep-rules-aggregate/scrap/lambdasec-autogrep/filtered_rules__c__qemu_rules.yaml,lambdasec-autogrep,0,22,vuln-qemu-78820803,A4,Negation / Filtering,"category,cwe,id,languages,message,metadata,owasp,pattern,pattern-not,references,severity,source-url,technology",False,True,True,False,False,False,False,"$BUF,$LEN,$VAR","$BUF,$LEN,$VAR","[{""$BUF"": 2, ""$LEN"": 2, ""$VAR"": 3}]",2,False,True,False,False,False,False,C2,plain_metavar
/home/moscovin/Documents/eboss/semgrep-rules-aggregate/scrap/lambdasec-autogrep/filtered_rules__c__qemu_rules.yaml,lambdasec-autogrep,0,23,vuln-qemu-0e68373c,A4,Negation / Filtering,"category,cwe,id,languages,message,metadata,owasp,pattern,pattern-not,severity,source-url,technology",True,False,False,False,False,False,False,,,[],2,True,False,True,False,False,False,"C1,C3","no_metavar,unnamed_ellipsis"
/home/moscovin/Documents/eboss/semgrep-rules-aggregate/scrap/lambdasec-autogrep/filtered_rules__c__qemu_rules.yaml,lambdasec-autogrep,0,24,vuln-qemu-f6882698,A4,Negation / Filtering,"category,cwe,id,languages,message,metadata,owasp,pattern,pattern-not,severity,source-url,technology",False,True,True,False,False,False,False,"$PVSCSI_SETUP_MSG_RING_MAX_NUM_PAGES,$VAR","$PVSCSI_SETUP_MSG_RING_MAX_NUM_PAGES,$VAR","[{""$PVSCSI_SETUP_MSG_RING_MAX_NUM_PAGES"": 2, ""$VAR"": 3}]",2,False,True,True,False,False,False,"C2,C3","plain_metavar,unnamed_ellipsis"
/home/moscovin/Documents/eboss/semgrep-rules-aggregate/scrap/lambdasec-autogrep/filtered_rules__c__qemu_rules.yaml,lambdasec-autogrep,0,25,vuln-qemu-6c219fc8,A4,Negation / Filtering,"category,cwe,id,languages,message,metadata,owasp,pattern,pattern-not,references,severity,source-url,technology",False,True,True,False,False,False,False,"$BUF,$BUFLEN,$EXPR,$IDX,$NUM,$PAGE_LEN,$TYPE,$VALUE","$BUF,$IDX,$NUM,$PAGE_LEN,$VALUE","[{""$BUF"": 9, ""$BUFLEN"": 1, ""$EXPR"": 1, ""$IDX"": 8, ""$NUM"": 3, ""$PAGE_LEN"": 4, ""$TYPE"": 1, ""$VALUE"": 3}]",2,False,True,True,False,False,False,"C2,C3","plain_metavar,unnamed_ellipsis"
/home/moscovin/Documents/eboss/semgrep-rules-aggregate/scrap/lambdasec-autogrep/filtered_rules__c__qemu_rules.yaml,lambdasec-autogrep,0,26,vuln-qemu-5c4fe018,A4,Negation / Filtering,"category,cwe,id,languages,message,metadata,owasp,pattern,pattern-not,references,severity,source-url,technology",False,True,True,False,False,False,False,$LEN,$LEN,"[{""$LEN"": 2}]",2,False,True,False,False,False,False,C2,plain_metavar
/home/moscovin/Documents/eboss/semgrep-rules-aggregate/scrap/lambdasec-autogrep/filtered_rules__c__qemu_rules.yaml,lambdasec-autogrep,0,27,vuln-qemu-3b3b0628,A4,Negation / Filtering,"category,cwe,id,languages,message,metadata,owasp,pattern,pattern-not,references,severity,source-url,technology",False,True,True,False,False,False,False,"$MAX_SIZE,$VAR","$MAX_SIZE,$VAR","[{""$MAX_SIZE"": 2, ""$VAR"": 2}]",2,False,True,False,False,False,False,C2,plain_metavar
/home/moscovin/Documents/eboss/semgrep-rules-aggregate/scrap/lambdasec-autogrep/filtered_rules__c__qemu_rules.yaml,lambdasec-autogrep,0,28,vuln-qemu-de0b1bae,A4,Negation / Filtering,"category,cwe,id,languages,message,metadata,owasp,pattern,pattern-not,severity,source-url,technology",False,True,True,False,False,False,False,$B,$B,"[{""$B"": 6}]",2,False,True,True,False,False,False,"C2,C3","plain_metavar,unnamed_ellipsis"
/home/moscovin/Documents/eboss/semgrep-rules-aggregate/scrap/lambdasec-autogrep/filtered_rules__c__radare_rules.yaml,lambdasec-autogrep,0,0,vuln-radare2-14189710,A4,Negation / Filtering,"category,cwe,id,languages,message,metadata,pattern,pattern-not,severity,source-url,technology",False,True,True,False,False,False,False,$TREE,$TREE,"[{""$TREE"": 4}]",2,False,True,True,False,False,False,"C2,C3","plain_metavar,unnamed_ellipsis"
/home/moscovin/Documents/eboss/semgrep-rules-aggregate/scrap/lambdasec-autogrep/filtered_rules__c__radare_rules.yaml,lambdasec-autogrep,0,1,vuln-radare2-a49bb7cf,A4,Negation / Filtering,"category,cwe,id,languages,message,metadata,pattern,pattern-not,severity,source-url,technology",False,True,True,False,False,False,False,"$EXPR,$VAR","$EXPR,$VAR","[{""$EXPR"": 3, ""$VAR"": 2}]",2,False,True,False,False,False,False,C2,plain_metavar
/home/moscovin/Documents/eboss/semgrep-rules-aggregate/scrap/lambdasec-autogrep/filtered_rules__c__radare_rules.yaml,lambdasec-autogrep,0,2,vuln-radare2-40c9f50e,A4,Negation / Filtering,"category,cwe,id,languages,message,metadata,owasp,pattern,pattern-not,references,severity,source-url,technology",False,True,True,False,False,False,False,"$J,$SECTION","$J,$SECTION","[{""$J"": 6, ""$SECTION"": 2}]",2,False,True,True,False,False,False,"C2,C3","plain_metavar,unnamed_ellipsis"
/home/moscovin/Documents/eboss/semgrep-rules-aggregate/scrap/lambdasec-autogrep/filtered_rules__c__radare_rules.yaml,lambdasec-autogrep,0,3,vuln-radare2-021ad4d5,A4,Negation / Filtering,"category,cwe,id,languages,message,metadata,owasp,pattern,pattern-not,severity,source-url,technology",False,True,True,False,False,False,False,"$ACODE,$FUNC,$LBUF,$TOKENS,$VAR",$VAR,"[{""$ACODE"": 1, ""$FUNC"": 1, ""$LBUF"": 1, ""$TOKENS"": 1, ""$VAR"": 2}]",2,False,True,True,False,False,False,"C2,C3","plain_metavar,unnamed_ellipsis"
/home/moscovin/Documents/eboss/semgrep-rules-aggregate/scrap/lambdasec-autogrep/filtered_rules__c__radare_rules.yaml,lambdasec-autogrep,0,4,vuln-radare2-a0348bb1,A4,Negation / Filtering,"category,cwe,id,languages,message,metadata,owasp,pattern,pattern-not,references,severity,source-url,technology",False,True,True,False,False,False,False,"$ADDRBYTES,$BUF,$BUF_HEX,$LEN,$OPLEN","$ADDRBYTES,$BUF,$BUF_HEX,$LEN,$OPLEN","[{""$ADDRBYTES"": 2, ""$BUF"": 2, ""$BUF_HEX"": 4, ""$LEN"": 2, ""$OPLEN"": 2}]",2,False,True,False,False,False,False,C2,plain_metavar
/home/moscovin/Documents/eboss/semgrep-rules-aggregate/scrap/lambdasec-autogrep/filtered_rules__c__radareorg_rules.yaml,lambdasec-autogrep,0,0,vuln-radare2-f41e9413,A4,Negation / Filtering,"category,cwe,id,languages,message,metadata,owasp,pattern,pattern-not,references,severity,source-url,technology",False,True,True,False,False,False,False,"$BUF,$FMT","$BUF,$FMT","[{""$BUF"": 3, ""$FMT"": 2}]",2,False,True,True,False,False,False,"C2,C3","plain_metavar,unnamed_ellipsis"
/home/moscovin/Documents/eboss/semgrep-rules-aggregate/scrap/lambdasec-autogrep/filtered_rules__c__radareorg_rules.yaml,lambdasec-autogrep,0,1,vuln-radare2-e5c14c16,A4,Negation / Filtering,"category,cwe,id,languages,message,metadata,owasp,pattern,pattern-not,severity,source-url,technology",False,True,True,False,False,False,False,"$BUF,$I,$J,$STR","$BUF,$I,$J,$STR","[{""$BUF"": 2, ""$I"": 7, ""$J"": 5, ""$STR"": 2}]",2,False,True,True,False,False,False,"C2,C3","plain_metavar,unnamed_ellipsis"
/home/moscovin/Documents/eboss/semgrep-rules-aggregate/scrap/lambdasec-autogrep/filtered_rules__c__radareorg_rules.yaml,lambdasec-autogrep,0,2,vuln-radare2-c84b7232,A4,Negation / Filtering,"category,cwe,id,languages,message,metadata,owasp,pattern,pattern-not,severity,source-url,technology",False,True,True,False,False,False,False,"$BUF,$MAPS,$N_MAPS,$VAR","$BUF,$MAPS,$VAR","[{""$BUF"": 2, ""$MAPS"": 2, ""$N_MAPS"": 1, ""$VAR"": 2}]",2,False,True,False,False,False,False,C2,plain_metavar
/home/moscovin/Documents/eboss/semgrep-rules-aggregate/scrap/lambdasec-autogrep/filtered_rules__c__radareorg_rules.yaml,lambdasec-autogrep,0,3,vuln-radare2-ba25be49,A4,Negation / Filtering,"category,cwe,id,languages,message,metadata,owasp,pattern,pattern-not,severity,source-url,technology",False,True,True,False,False,False,False,"$ADDR,$BASE,$BUF,$FUNC,$KEY,$NAME","$ADDR,$BASE,$BUF,$FUNC,$KEY,$NAME","[{""$ADDR"": 2, ""$BASE"": 2, ""$BUF"": 2, ""$FUNC"": 2, ""$KEY"": 2, ""$NAME"": 2}]",2,False,True,False,False,False,False,C2,plain_metavar
/home/moscovin/Documents/eboss/semgrep-rules-aggregate/scrap/lambdasec-autogrep/filtered_rules__c__redis_rules.yaml,lambdasec-autogrep,0,0,vuln-redis-a4b90be9,A4,Negation / Filtering,"category,cwe,id,languages,message,metadata,owasp,pattern,pattern-not,references,severity,source-url,technology",False,True,False,False,False,False,False,$X,,"[{""$X"": 1}]",2,True,True,False,False,False,False,"C1,C2","no_metavar,plain_metavar"
/home/moscovin/Documents/eboss/semgrep-rules-aggregate/scrap/lambdasec-autogrep/filtered_rules__c__redis_rules.yaml,lambdasec-autogrep,0,1,vuln-redis-0bf90d94,A4,Negation / Filtering,"category,cwe,id,languages,message,metadata,owasp,pattern,pattern-not,references,severity,source-url,technology",False,True,True,False,False,False,False,$EXPRESSION,$EXPRESSION,"[{""$EXPRESSION"": 2}]",2,False,True,True,False,False,False,"C2,C3","plain_metavar,unnamed_ellipsis"
/home/moscovin/Documents/eboss/semgrep-rules-aggregate/scrap/lambdasec-autogrep/filtered_rules__c__redis_rules.yaml,lambdasec-autogrep,0,2,vuln-redis-ef1833b3,A4,Negation / Filtering,"category,cwe,id,languages,message,metadata,owasp,pattern,pattern-not,references,severity,source-url,technology",False,True,True,False,False,False,False,"$ACTION,$IDX,$RUNLEN","$IDX,$RUNLEN","[{""$ACTION"": 1, ""$IDX"": 2, ""$RUNLEN"": 2}]",2,False,True,False,False,False,False,C2,plain_metavar
/home/moscovin/Documents/eboss/semgrep-rules-aggregate/scrap/lambdasec-autogrep/filtered_rules__c__redis_rules.yaml,lambdasec-autogrep,0,3,vuln-redis-aa856b39,A4,Negation / Filtering,"category,cwe,id,languages,message,metadata,owasp,pattern,pattern-not,severity,source-url,technology",False,True,True,False,False,False,False,"$ERR,$LUA","$ERR,$LUA","[{""$ERR"": 2, ""$LUA"": 4}]",2,False,True,False,False,False,False,C2,plain_metavar
/home/moscovin/Documents/eboss/semgrep-rules-aggregate/scrap/lambdasec-autogrep/filtered_rules__c__redis_rules.yaml,lambdasec-autogrep,0,4,vuln-redis-6ac3c0b7,A4,Negation / Filtering,"category,cwe,id,languages,message,metadata,owasp,pattern,pattern-not,severity,source-url,technology",False,True,True,False,False,False,False,"$ARGC,$ERR,$FUNC,$LABEL,$P","$ARGC,$FUNC,$LABEL,$P","[{""$ARGC"": 2, ""$ERR"": 1, ""$FUNC"": 2, ""$LABEL"": 2, ""$P"": 6}]",2,False,True,True,False,False,False,"C2,C3","plain_metavar,unnamed_ellipsis"
/home/moscovin/Documents/eboss/semgrep-rules-aggregate/scrap/lambdasec-autogrep/filtered_rules__c__rockcarry_rules.yaml,lambdasec-autogrep,0,0,vuln-ffjpeg-e63a75fd,A4,Negation / Filtering,"category,cwe,id,languages,message,metadata,owasp,pattern,pattern-not,references,severity,source-url,technology",False,True,True,False,False,False,False,"$HEIGHT,$VAR,$WIDTH","$HEIGHT,$VAR,$WIDTH","[{""$HEIGHT"": 5, ""$VAR"": 11, ""$WIDTH"": 4}]",2,False,True,False,False,False,False,C2,plain_metavar
/home/moscovin/Documents/eboss/semgrep-rules-aggregate/scrap/lambdasec-autogrep/filtered_rules__c__rockcarry_rules.yaml,lambdasec-autogrep,0,1,vuln-ffjpeg-caade60a,A4,Negation / Filtering,"category,cwe,id,languages,message,metadata,owasp,pattern,pattern-not,severity,source-url,technology",False,True,True,False,False,False,False,"$ARG,$BMP","$ARG,$BMP","[{""$ARG"": 2, ""$BMP"": 2}]",2,False,True,True,False,False,False,"C2,C3","plain_metavar,unnamed_ellipsis"
/home/moscovin/Documents/eboss/semgrep-rules-aggregate/scrap/lambdasec-autogrep/filtered_rules__c__rockcarry_rules.yaml,lambdasec-autogrep,0,2,vuln-ffjpeg-82166f2b,A4,Negation / Filtering,"category,cwe,id,languages,message,metadata,owasp,pattern,pattern-not,severity,source-url,technology",False,True,True,False,False,False,False,$BUF,$BUF,"[{""$BUF"": 3}]",2,False,True,False,False,False,False,C2,plain_metavar
/home/moscovin/Documents/eboss/semgrep-rules-aggregate/scrap/lambdasec-autogrep/filtered_rules__c__rpm-software-management_rules.yaml,lambdasec-autogrep,0,0,vuln-rpm-c815822c,A4,Negation / Filtering,"category,cwe,id,languages,message,metadata,owasp,pattern,pattern-not,severity,source-url,technology",False,True,True,False,False,False,False,"$DSB,$FMODE,$FN,$SB","$DSB,$FMODE,$FN,$SB","[{""$DSB"": 3, ""$FMODE"": 2, ""$FN"": 2, ""$SB"": 3}]",2,False,True,True,False,False,False,"C2,C3","plain_metavar,unnamed_ellipsis"
/home/moscovin/Documents/eboss/semgrep-rules-aggregate/scrap/lambdasec-autogrep/filtered_rules__c__rpm-software-management_rules.yaml,lambdasec-autogrep,0,1,vuln-rpm-4d172a19,A4,Negation / Filtering,"category,cwe,id,languages,message,metadata,owasp,pattern,pattern-not,severity,source-url,technology",False,True,True,False,False,False,False,"$PATH,$STB","$PATH,$STB","[{""$PATH"": 3, ""$STB"": 7}]",2,False,True,True,False,False,False,"C2,C3","plain_metavar,unnamed_ellipsis"
/home/moscovin/Documents/eboss/semgrep-rules-aggregate/scrap/lambdasec-autogrep/filtered_rules__c__rpm-software-management_rules.yaml,lambdasec-autogrep,0,2,vuln-rpm-404ef011,A4,Negation / Filtering,"category,cwe,id,languages,message,metadata,owasp,pattern,pattern-not,severity,source-url,technology",False,True,True,False,False,False,False,$DEST,$DEST,"[{""$DEST"": 2}]",2,False,True,False,False,False,False,C2,plain_metavar
/home/moscovin/Documents/eboss/semgrep-rules-aggregate/scrap/lambdasec-autogrep/filtered_rules__c__rpm-software-management_rules.yaml,lambdasec-autogrep,0,3,vuln-rpm-96ec957e,A4,Negation / Filtering,"category,cwe,id,languages,message,metadata,owasp,pattern,pattern-not,references,severity,source-url,technology",False,True,True,False,False,False,False,"$DIRFD,$MODE,$PATH","$MODE,$PATH","[{""$DIRFD"": 1, ""$MODE"": 2, ""$PATH"": 2}]",2,False,True,False,False,False,False,C2,plain_metavar
/home/moscovin/Documents/eboss/semgrep-rules-aggregate/scrap/lambdasec-autogrep/filtered_rules__c__rpm-software-management_rules.yaml,lambdasec-autogrep,0,4,vuln-rpm-ca2d6b2b,A4,Negation / Filtering,"category,cwe,id,languages,message,metadata,owasp,pattern,pattern-not,severity,source-url,technology",False,True,True,False,False,False,False,"$CPIO_SBIT_CHECK,$FLAGS,$PATH,$STB","$CPIO_SBIT_CHECK,$FLAGS,$PATH,$STB","[{""$CPIO_SBIT_CHECK"": 2, ""$FLAGS"": 2, ""$PATH"": 3, ""$STB"": 5}]",2,False,True,False,False,False,False,C2,plain_metavar
/home/moscovin/Documents/eboss/semgrep-rules-aggregate/scrap/lambdasec-autogrep/filtered_rules__c__rsmarples_rules.yaml,lambdasec-autogrep,0,0,vuln-dhcpcd-1475a702,A4,Negation / Filtering,"category,cwe,id,languages,message,metadata,owasp,pattern,pattern-not,references,severity,source-url,technology",False,True,True,False,False,False,False,"$ADDR6SZ,$ADDRIPV4,$ADDRIPV6,$ARRAY,$BITFLAG,$DL,$FLAG,$OPT,$SZ,$TYPE,$UINT16,$UINT32,$UINT8","$ADDR6SZ,$ADDRIPV4,$ADDRIPV6,$BITFLAG,$DL,$SZ,$TYPE,$UINT16,$UINT8","[{""$ADDR6SZ"": 2, ""$ADDRIPV4"": 2, ""$ADDRIPV6"": 2, ""$ARRAY"": 1, ""$BITFLAG"": 2, ""$DL"": 6, ""$FLAG"": 1, ""$OPT"": 1, ""$SZ"": 13, ""$TYPE"": 10, ""$UINT16"": 2, ""$UINT32"": 1, ""$UINT8"": 2}]",2,False,True,False,False,False,False,C2,plain_metavar
/home/moscovin/Documents/eboss/semgrep-rules-aggregate/scrap/lambdasec-autogrep/filtered_rules__c__ruby_rules.yaml,lambdasec-autogrep,0,0,vuln-ruby-339e11a7,A4,Negation / Filtering,"category,cwe,id,languages,message,metadata,owasp,pattern,pattern-not,severity,source-url,technology",False,True,True,False,False,False,False,$VAR,$VAR,"[{""$VAR"": 2}]",2,False,True,False,False,False,False,C2,plain_metavar
/home/moscovin/Documents/eboss/semgrep-rules-aggregate/scrap/lambdasec-autogrep/filtered_rules__c__ruby_rules.yaml,lambdasec-autogrep,0,1,vuln-ruby-db48c307,A4,Negation / Filtering,"category,cwe,id,languages,message,metadata,owasp,pattern,pattern-not,references,severity,source-url,technology",False,True,True,False,False,False,False,"$HEAD,$I,$LEN,$TAGS,$TYPE","$HEAD,$I,$LEN,$TAGS,$TYPE","[{""$HEAD"": 2, ""$I"": 7, ""$LEN"": 3, ""$TAGS"": 6, ""$TYPE"": 2}]",2,False,True,True,False,False,False,"C2,C3","plain_metavar,unnamed_ellipsis"
/home/moscovin/Documents/eboss/semgrep-rules-aggregate/scrap/lambdasec-autogrep/filtered_rules__c__ruby_rules.yaml,lambdasec-autogrep,0,2,vuln-ruby-bcc2421b,A4,Negation / Filtering,"category,cwe,id,languages,message,metadata,owasp,pattern,pattern-not,references,severity,source-url,technology",False,True,True,False,False,False,False,"$ABI,$ARGS,$ARG_TYPES,$CIF,$LEN,$NABI,$RET_TYPE,$RTYPE","$ARG_TYPES,$CIF","[{""$ABI"": 1, ""$ARGS"": 1, ""$ARG_TYPES"": 2, ""$CIF"": 2, ""$LEN"": 1, ""$NABI"": 1, ""$RET_TYPE"": 1, ""$RTYPE"": 1}]",2,False,True,False,False,False,False,C2,plain_metavar
/home/moscovin/Documents/eboss/semgrep-rules-aggregate/scrap/lambdasec-autogrep/filtered_rules__c__ruby_rules.yaml,lambdasec-autogrep,0,3,vuln-ruby-1c2ef610,A4,Negation / Filtering,"category,cwe,id,languages,message,metadata,owasp,pattern,pattern-not,references,severity,source-url,technology",False,True,True,False,False,False,False,"$FCLEN,$FLEN,$LEN,$N,$P,$SIZE,$STR","$P,$STR","[{""$FCLEN"": 1, ""$FLEN"": 1, ""$LEN"": 1, ""$N"": 1, ""$P"": 2, ""$SIZE"": 1, ""$STR"": 6}]",2,False,True,True,False,False,False,"C2,C3","plain_metavar,unnamed_ellipsis"
/home/moscovin/Documents/eboss/semgrep-rules-aggregate/scrap/lambdasec-autogrep/filtered_rules__c__ruby_rules.yaml,lambdasec-autogrep,0,4,vuln-ruby-8794dec6,A4,Negation / Filtering,"category,cwe,id,languages,message,metadata,owasp,pattern,pattern-not,references,severity,source-url,technology",False,True,True,False,False,False,False,$PATH,$PATH,"[{""$PATH"": 2}]",2,False,True,False,False,False,False,C2,plain_metavar
/home/moscovin/Documents/eboss/semgrep-rules-aggregate/scrap/lambdasec-autogrep/filtered_rules__c__saitoha_rules.yaml,lambdasec-autogrep,0,0,vuln-libsixel-b418f351,A4,Negation / Filtering,"category,cwe,id,languages,message,metadata,owasp,pattern,pattern-not,references,severity,source-url,technology",False,True,True,False,False,False,False,"$END,$P","$END,$P","[{""$END"": 2, ""$P"": 4}]",2,False,True,True,False,False,False,"C2,C3","plain_metavar,unnamed_ellipsis"
/home/moscovin/Documents/eboss/semgrep-rules-aggregate/scrap/lambdasec-autogrep/filtered_rules__c__saitoha_rules.yaml,lambdasec-autogrep,0,1,vuln-libsixel-7808a06b,A4,Negation / Filtering,"category,cwe,id,languages,message,metadata,owasp,pattern,pattern-not,severity,source-url,technology",False,True,True,False,False,False,False,$VAR,$VAR,"[{""$VAR"": 2}]",2,False,True,False,False,False,False,C2,plain_metavar
/home/moscovin/Documents/eboss/semgrep-rules-aggregate/scrap/lambdasec-autogrep/filtered_rules__c__sleuthkit_rules.yaml,lambdasec-autogrep,0,0,vuln-sleuthkit-8e646f96,A4,Negation / Filtering,"category,cwe,id,languages,message,metadata,owasp,pattern,pattern-not,references,severity,source-url,technology",False,True,True,False,False,False,False,"$EXPR,$LEN,$VAR","$EXPR,$LEN,$VAR","[{""$EXPR"": 2, ""$LEN"": 2, ""$VAR"": 2}]",2,False,True,False,False,False,False,C2,plain_metavar
/home/moscovin/Documents/eboss/semgrep-rules-aggregate/scrap/lambdasec-autogrep/filtered_rules__c__stefanberger_rules.yaml,lambdasec-autogrep,0,0,vuln-swtpm-9f740868,A4,Negation / Filtering,"category,cwe,id,languages,message,metadata,owasp,pattern,pattern-not,references,severity,source-url,technology",False,True,True,False,False,False,False,"$BH,$DATAOFFSET,$HDRSIZE",$DATAOFFSET,"[{""$BH"": 1, ""$DATAOFFSET"": 2, ""$HDRSIZE"": 1}]",2,False,True,False,False,False,False,C2,plain_metavar
/home/moscovin/Documents/eboss/semgrep-rules-aggregate/scrap/lambdasec-autogrep/filtered_rules__c__sudo-project_rules.yaml,lambdasec-autogrep,0,0,vuln-sudo-7873f833,A4,Negation / Filtering,"category,cwe,id,languages,message,metadata,owasp,pattern,pattern-not,severity,source-url,technology",False,True,True,False,False,False,False,"$FAILURE,$RET,$STR1,$STR2,$SUCCESS","$FAILURE,$RET,$STR1,$STR2,$SUCCESS","[{""$FAILURE"": 2, ""$RET"": 5, ""$STR1"": 2, ""$STR2"": 2, ""$SUCCESS"": 2}]",2,False,True,False,False,False,False,C2,plain_metavar
/home/moscovin/Documents/eboss/semgrep-rules-aggregate/scrap/lambdasec-autogrep/filtered_rules__c__sudo-project_rules.yaml,lambdasec-autogrep,0,1,vuln-sudo-0274a4f3,A4,Negation / Filtering,"category,cwe,id,languages,message,metadata,owasp,pattern,pattern-not,references,severity,source-url,technology",False,True,True,False,False,False,False,"$CONDITION,$ENV_EDITOR,$FUNCTION_CALL","$CONDITION,$ENV_EDITOR,$FUNCTION_CALL","[{""$CONDITION"": 2, ""$ENV_EDITOR"": 4, ""$FUNCTION_CALL"": 2}]",2,False,True,True,False,False,False,"C2,C3","plain_metavar,unnamed_ellipsis"
/home/moscovin/Documents/eboss/semgrep-rules-aggregate/scrap/lambdasec-autogrep/filtered_rules__c__sudo-project_rules.yaml,lambdasec-autogrep,0,2,vuln-sudo-1f863857,A4,Negation / Filtering,"category,cwe,id,languages,message,metadata,owasp,pattern,pattern-not,severity,source-url,technology",False,True,True,False,False,False,False,"$FLAG1,$FLAG2,$MODE","$FLAG1,$FLAG2,$MODE","[{""$FLAG1"": 2, ""$FLAG2"": 2, ""$MODE"": 2}]",2,False,True,True,False,False,False,"C2,C3","plain_metavar,unnamed_ellipsis"
/home/moscovin/Documents/eboss/semgrep-rules-aggregate/scrap/lambdasec-autogrep/filtered_rules__c__sudo-project_rules.yaml,lambdasec-autogrep,0,3,vuln-sudo-bd209b9f,A4,Negation / Filtering,"category,cwe,id,languages,message,metadata,owasp,pattern,pattern-not,severity,source-url,technology",False,True,True,False,False,False,False,"$DES_PASS,$PASS,$SAV,$VAR","$DES_PASS,$PASS,$SAV","[{""$DES_PASS"": 4, ""$PASS"": 5, ""$SAV"": 2, ""$VAR"": 1}]",2,False,True,True,False,False,False,"C2,C3","plain_metavar,unnamed_ellipsis"
/home/moscovin/Documents/eboss/semgrep-rules-aggregate/scrap/lambdasec-autogrep/filtered_rules__c__systemd_rules.yaml,lambdasec-autogrep,0,0,vuln-systemd-stable-764b7411,A4,Negation / Filtering,"category,cwe,id,languages,message,metadata,owasp,pattern,pattern-not,references,severity,source-url,technology",False,True,True,False,False,False,False,$F,$F,"[{""$F"": 2}]",2,False,True,True,False,False,False,"C2,C3","plain_metavar,unnamed_ellipsis"
/home/moscovin/Documents/eboss/semgrep-rules-aggregate/scrap/lambdasec-autogrep/filtered_rules__c__systemd_rules.yaml,lambdasec-autogrep,0,1,vuln-systemd-5de6cce5,A4,Negation / Filtering,"category,cwe,id,languages,message,metadata,owasp,pattern,pattern-not,references,severity,source-url,technology",False,True,True,False,False,False,False,"$FLAGS1,$FLAGS2,$FLAGS3,$FLAGS4,$FLAGS5,$FLAGS6,$FUNC,$PATH","$FLAGS1,$FLAGS2,$FLAGS3,$FLAGS4,$FLAGS5,$FUNC,$PATH","[{""$FLAGS1"": 2, ""$FLAGS2"": 2, ""$FLAGS3"": 2, ""$FLAGS4"": 2, ""$FLAGS5"": 2, ""$FLAGS6"": 1, ""$FUNC"": 2, ""$PATH"": 2}]",2,False,True,False,False,False,False,C2,plain_metavar
/home/moscovin/Documents/eboss/semgrep-rules-aggregate/scrap/lambdasec-autogrep/filtered_rules__c__systemd_rules.yaml,lambdasec-autogrep,0,2,vuln-systemd-63748626,A4,Negation / Filtering,"category,cwe,id,languages,message,metadata,owasp,pattern,pattern-not,severity,source-url,technology",False,True,True,False,False,False,False,"$FAIL,$FINISH,$R,$REQUEST",$R,"[{""$FAIL"": 1, ""$FINISH"": 1, ""$R"": 4, ""$REQUEST"": 1}]",2,False,True,False,False,False,False,C2,plain_metavar
/home/moscovin/Documents/eboss/semgrep-rules-aggregate/scrap/lambdasec-autogrep/filtered_rules__c__systemd_rules.yaml,lambdasec-autogrep,0,3,vuln-systemd-1dfa7e79,A4,Negation / Filtering,"category,cwe,id,languages,message,metadata,owasp,pattern,pattern-not,severity,source-url,technology",False,True,True,False,False,False,False,$P,$P,"[{""$P"": 4}]",2,False,True,True,False,False,False,"C2,C3","plain_metavar,unnamed_ellipsis"
/home/moscovin/Documents/eboss/semgrep-rules-aggregate/scrap/lambdasec-autogrep/filtered_rules__c__systemd_rules.yaml,lambdasec-autogrep,0,4,vuln-systemd-fc3c1c6e,A4,Negation / Filtering,"category,cwe,id,languages,message,metadata,owasp,pattern,pattern-not,references,severity,source-url,technology",False,True,True,False,False,False,False,$PATH,$PATH,"[{""$PATH"": 2}]",2,False,True,False,False,False,False,C2,plain_metavar
/home/moscovin/Documents/eboss/semgrep-rules-aggregate/scrap/lambdasec-autogrep/filtered_rules__c__tats_rules.yaml,lambdasec-autogrep,0,0,vuln-w3m-ddf28e2c,A4,Negation / Filtering,"category,cwe,id,languages,message,metadata,owasp,pattern,pattern-not,severity,source-url,technology",False,True,True,False,False,False,False,"$A,$EPOS,$L,$SPOS","$A,$EPOS,$SPOS","[{""$A"": 4, ""$EPOS"": 4, ""$L"": 1, ""$SPOS"": 3}]",2,False,True,False,False,False,False,C2,plain_metavar
/home/moscovin/Documents/eboss/semgrep-rules-aggregate/scrap/lambdasec-autogrep/filtered_rules__c__tensorflow_rules.yaml,lambdasec-autogrep,0,0,vuln-tensorflow-a1e1511d,A4,Negation / Filtering,"category,cwe,id,languages,message,metadata,owasp,pattern,pattern-not,references,severity,source-url,technology",False,True,True,False,False,False,False,"$SIZE,$VAR","$SIZE,$VAR","[{""$SIZE"": 2, ""$VAR"": 2}]",2,False,True,False,False,False,False,C2,plain_metavar
/home/moscovin/Documents/eboss/semgrep-rules-aggregate/scrap/lambdasec-autogrep/filtered_rules__c__the-tcpdump-group_rules.yaml,lambdasec-autogrep,0,0,vuln-libpcap-87d6bef0,A4,Negation / Filtering,"category,cwe,id,languages,message,metadata,owasp,pattern,pattern-not,severity,source-url,technology",False,True,True,False,False,False,False,"$BHDRP,$BT_SHB_INSANE_MAX,$SHBP,$TOTAL_LENGTH","$BHDRP,$SHBP,$TOTAL_LENGTH","[{""$BHDRP"": 2, ""$BT_SHB_INSANE_MAX"": 1, ""$SHBP"": 2, ""$TOTAL_LENGTH"": 3}]",2,False,True,True,False,False,False,"C2,C3","plain_metavar,unnamed_ellipsis"
/home/moscovin/Documents/eboss/semgrep-rules-aggregate/scrap/lambdasec-autogrep/filtered_rules__c__torvalds_rules.yaml,lambdasec-autogrep,0,0,vuln-linux-3c85cc43,A4,Negation / Filtering,"category,cwe,id,languages,message,metadata,owasp,pattern,pattern-not,severity,source-url,technology",False,True,True,False,False,False,False,"$FILE,$VMA",$VMA,"[{""$FILE"": 1, ""$VMA"": 3}]",2,False,True,True,False,False,False,"C2,C3","plain_metavar,unnamed_ellipsis"
/home/moscovin/Documents/eboss/semgrep-rules-aggregate/scrap/lambdasec-autogrep/filtered_rules__c__torvalds_rules.yaml,lambdasec-autogrep,0,1,vuln-linux-9e7f3056,A4,Negation / Filtering,"category,cwe,id,languages,message,metadata,pattern,pattern-not,severity,source-url,technology",False,True,True,False,False,False,False,"$JOB,$Q","$JOB,$Q","[{""$JOB"": 2, ""$Q"": 2}]",2,False,True,False,False,False,False,C2,plain_metavar
/home/moscovin/Documents/eboss/semgrep-rules-aggregate/scrap/lambdasec-autogrep/filtered_rules__c__torvalds_rules.yaml,lambdasec-autogrep,0,2,vuln-linux-160fbcf3,A4,Negation / Filtering,"category,cwe,id,languages,message,metadata,owasp,pattern,pattern-not,severity,source-url,technology",False,True,True,False,False,False,False,"$LEN,$SKB","$LEN,$SKB","[{""$LEN"": 2, ""$SKB"": 2}]",2,False,True,False,False,False,False,C2,plain_metavar
/home/moscovin/Documents/eboss/semgrep-rules-aggregate/scrap/lambdasec-autogrep/filtered_rules__c__tpm2-software_rules.yaml,lambdasec-autogrep,0,0,vuln-tpm2-tools-c069e4f1,A4,Negation / Filtering,"category,cwe,id,languages,message,metadata,owasp,pattern,pattern-not,severity,source-url,technology",False,True,True,False,False,False,False,"$BUFFER,$RC,$SIZE,$VALUE","$BUFFER,$RC,$SIZE","[{""$BUFFER"": 2, ""$RC"": 2, ""$SIZE"": 2, ""$VALUE"": 1}]",2,False,True,True,False,False,False,"C2,C3","plain_metavar,unnamed_ellipsis"
/home/moscovin/Documents/eboss/semgrep-rules-aggregate/scrap/lambdasec-autogrep/filtered_rules__c__troglobit_rules.yaml,lambdasec-autogrep,0,0,vuln-uftpd-5c3b2015,A4,Negation / Filtering,"category,cwe,id,languages,message,metadata,owasp,pattern,pattern-not,severity,source-url,technology",False,True,True,False,False,False,False,"$CHROOTED,$CLIENTADDR,$CTRL_CWD,$DIR,$HOME,$PATH","$DIR,$HOME","[{""$CHROOTED"": 1, ""$CLIENTADDR"": 1, ""$CTRL_CWD"": 1, ""$DIR"": 2, ""$HOME"": 2, ""$PATH"": 1}]",2,False,True,False,False,False,False,C2,plain_metavar
/home/moscovin/Documents/eboss/semgrep-rules-aggregate/scrap/lambdasec-autogrep/filtered_rules__c__tytso_rules.yaml,lambdasec-autogrep,0,0,vuln-e2fsprogs-49d0fe2a,A4,Negation / Filtering,"category,cwe,id,languages,message,metadata,owasp,pattern,pattern-not,references,severity,source-url,technology",False,True,True,False,False,False,False,"$FS,$OLD_DESC_BLOCKS","$FS,$OLD_DESC_BLOCKS","[{""$FS"": 2, ""$OLD_DESC_BLOCKS"": 4}]",2,False,True,True,False,False,False,"C2,C3","plain_metavar,unnamed_ellipsis"
/home/moscovin/Documents/eboss/semgrep-rules-aggregate/scrap/lambdasec-autogrep/filtered_rules__c__u-boot_rules.yaml,lambdasec-autogrep,0,0,vuln-u-boot-2ac0baab,A4,Negation / Filtering,"category,cwe,id,languages,message,metadata,owasp,pattern,pattern-not,references,severity,source-url,technology",False,True,True,False,False,False,False,"$DEST,$SIZE,$SRC","$DEST,$SIZE,$SRC","[{""$DEST"": 4, ""$SIZE"": 4, ""$SRC"": 2}]",2,False,True,False,False,False,False,C2,plain_metavar
/home/moscovin/Documents/eboss/semgrep-rules-aggregate/scrap/lambdasec-autogrep/filtered_rules__c__uclouvain_rules.yaml,lambdasec-autogrep,0,0,vuln-openjpeg-e5285319,A4,Negation / Filtering,"category,cwe,id,languages,message,metadata,owasp,pattern,pattern-not,references,severity,source-url,technology",False,True,True,False,False,False,False,$F,$F,"[{""$F"": 2}]",2,False,True,True,False,False,False,"C2,C3","plain_metavar,unnamed_ellipsis"
/home/moscovin/Documents/eboss/semgrep-rules-aggregate/scrap/lambdasec-autogrep/filtered_rules__c__uclouvain_rules.yaml,lambdasec-autogrep,0,1,vuln-openjpeg-39f9934a,A4,Negation / Filtering,"category,cwe,id,languages,message,metadata,owasp,pattern,pattern-not,severity,source-url,technology",False,True,True,False,False,False,False,"$I,$MAX_NUMOFBOX,$QUERY_PARAM","$I,$MAX_NUMOFBOX,$QUERY_PARAM","[{""$I"": 8, ""$MAX_NUMOFBOX"": 2, ""$QUERY_PARAM"": 2}]",2,False,True,True,False,False,False,"C2,C3","plain_metavar,unnamed_ellipsis"
/home/moscovin/Documents/eboss/semgrep-rules-aggregate/scrap/lambdasec-autogrep/filtered_rules__c__uclouvain_rules.yaml,lambdasec-autogrep,0,2,vuln-openjpeg-79c7d7af,A4,Negation / Filtering,"category,cwe,id,languages,message,metadata,owasp,pattern,pattern-not,severity,source-url,technology",False,True,True,False,False,False,False,"$DIRPTR,$OPJ_PATH_LEN,$SIZE","$DIRPTR,$OPJ_PATH_LEN,$SIZE","[{""$DIRPTR"": 4, ""$OPJ_PATH_LEN"": 2, ""$SIZE"": 4}]",2,False,True,False,False,False,False,C2,plain_metavar
/home/moscovin/Documents/eboss/semgrep-rules-aggregate/scrap/lambdasec-autogrep/filtered_rules__c__uclouvain_rules.yaml,lambdasec-autogrep,0,3,vuln-openjpeg-e03e9474,A4,Negation / Filtering,"category,cwe,id,languages,message,metadata,owasp,pattern,pattern-not,severity,source-url,technology",False,True,True,False,False,False,False,$VAR,$VAR,"[{""$VAR"": 3}]",2,False,True,True,False,False,False,"C2,C3","plain_metavar,unnamed_ellipsis"
/home/moscovin/Documents/eboss/semgrep-rules-aggregate/scrap/lambdasec-autogrep/filtered_rules__c__vadz_rules.yaml,lambdasec-autogrep,0,0,vuln-libtiff-3ca657a8,A4,Negation / Filtering,"category,cwe,id,languages,message,metadata,owasp,pattern,pattern-not,references,severity,source-url,technology",False,True,True,False,False,False,False,"$CC,$CP0,$FUNC,$STRIDE,$TIFF","$CC,$CP0,$FUNC,$STRIDE,$TIFF","[{""$CC"": 5, ""$CP0"": 2, ""$FUNC"": 3, ""$STRIDE"": 3, ""$TIFF"": 3}]",2,False,True,True,False,False,False,"C2,C3","plain_metavar,unnamed_ellipsis"
/home/moscovin/Documents/eboss/semgrep-rules-aggregate/scrap/lambdasec-autogrep/filtered_rules__c__vadz_rules.yaml,lambdasec-autogrep,0,1,vuln-libtiff-4f020c28,A4,Negation / Filtering,"category,cwe,id,languages,message,metadata,owasp,pattern,pattern-not,severity,source-url,technology",False,True,True,False,False,False,False,"$ERROR,$IN","$ERROR,$IN","[{""$ERROR"": 2, ""$IN"": 3}]",2,False,True,True,False,False,False,"C2,C3","plain_metavar,unnamed_ellipsis"
/home/moscovin/Documents/eboss/semgrep-rules-aggregate/scrap/lambdasec-autogrep/filtered_rules__c__vadz_rules.yaml,lambdasec-autogrep,0,2,vuln-libtiff-b6af137b,A4,Negation / Filtering,"category,cwe,id,languages,message,metadata,owasp,pattern,pattern-not,references,severity,source-url,technology",False,True,True,False,False,False,False,"$MODULE,$O,$TIF,$VAR",$VAR,"[{""$MODULE"": 1, ""$O"": 1, ""$TIF"": 1, ""$VAR"": 2}]",2,False,True,False,False,False,False,C2,plain_metavar
/home/moscovin/Documents/eboss/semgrep-rules-aggregate/scrap/lambdasec-autogrep/filtered_rules__c__vadz_rules.yaml,lambdasec-autogrep,0,3,vuln-libtiff-d6033205,A4,Negation / Filtering,"category,cwe,id,languages,message,metadata,owasp,pattern,pattern-not,references,severity,source-url,technology",False,True,True,False,False,False,False,"$SIZE,$VAR","$SIZE,$VAR","[{""$SIZE"": 2, ""$VAR"": 2}]",2,False,True,False,False,False,False,C2,plain_metavar
/home/moscovin/Documents/eboss/semgrep-rules-aggregate/scrap/lambdasec-autogrep/filtered_rules__c__vadz_rules.yaml,lambdasec-autogrep,0,4,vuln-libtiff-5c080298,A4,Negation / Filtering,"category,cwe,id,languages,message,metadata,owasp,pattern,pattern-not,severity,source-url,technology",False,True,True,False,False,False,False,"$IN,$VAR","$IN,$VAR","[{""$IN"": 2, ""$VAR"": 2}]",2,False,True,False,False,False,False,C2,plain_metavar
/home/moscovin/Documents/eboss/semgrep-rules-aggregate/scrap/lambdasec-autogrep/filtered_rules__c__varnishcache_rules.yaml,lambdasec-autogrep,0,0,vuln-varnish-cache-987ba4c4,A4,Negation / Filtering,"category,cwe,id,languages,message,metadata,owasp,pattern,pattern-not,severity,source-url,technology",False,True,True,False,False,False,False,"$AE,$DEPTH,$L","$AE,$DEPTH,$L","[{""$AE"": 2, ""$DEPTH"": 2, ""$L"": 8}]",2,False,True,True,False,False,False,"C2,C3","plain_metavar,unnamed_ellipsis"
/home/moscovin/Documents/eboss/semgrep-rules-aggregate/scrap/lambdasec-autogrep/filtered_rules__c__varnishcache_rules.yaml,lambdasec-autogrep,0,1,vuln-varnish-cache-85e8468b,A4,Negation / Filtering,"category,cwe,id,languages,message,metadata,owasp,pattern,pattern-not,references,severity,source-url,technology",False,True,True,False,False,False,False,$VAR,$VAR,"[{""$VAR"": 2}]",2,False,True,False,False,False,False,C2,plain_metavar
/home/moscovin/Documents/eboss/semgrep-rules-aggregate/scrap/lambdasec-autogrep/filtered_rules__c__videolan_rules.yaml,lambdasec-autogrep,0,0,vuln-vlc-20429146,A4,Negation / Filtering,"category,cwe,id,languages,message,metadata,owasp,pattern,pattern-not,severity,source-url,technology",False,True,True,False,False,False,False,"$ERR,$VAR",$VAR,"[{""$ERR"": 1, ""$VAR"": 4}]",2,False,True,False,False,False,False,C2,plain_metavar
/home/moscovin/Documents/eboss/semgrep-rules-aggregate/scrap/lambdasec-autogrep/filtered_rules__c__vim_rules.yaml,lambdasec-autogrep,0,0,vuln-vim-34f8117d,A4,Negation / Filtering,"category,cwe,id,languages,message,metadata,owasp,pattern,pattern-not,references,severity,source-url,technology",False,True,True,False,False,False,False,$VAR,$VAR,"[{""$VAR"": 2}]",2,False,True,False,False,False,False,C2,plain_metavar
/home/moscovin/Documents/eboss/semgrep-rules-aggregate/scrap/lambdasec-autogrep/filtered_rules__c__vim_rules.yaml,lambdasec-autogrep,0,1,vuln-vim-8ecfa2c5,A4,Negation / Filtering,"category,cwe,id,languages,message,metadata,owasp,pattern,pattern-not,severity,source-url,technology",False,True,True,False,False,False,False,"$CURWIN,$FMARK,$JMP","$CURWIN,$FMARK,$JMP","[{""$CURWIN"": 2, ""$FMARK"": 5, ""$JMP"": 5}]",2,False,True,True,False,False,False,"C2,C3","plain_metavar,unnamed_ellipsis"
/home/moscovin/Documents/eboss/semgrep-rules-aggregate/scrap/lambdasec-autogrep/filtered_rules__c__vim_rules.yaml,lambdasec-autogrep,0,2,vuln-vim-94f3192b,A4,Negation / Filtering,"category,cwe,id,languages,message,metadata,owasp,pattern,pattern-not,severity,source-url,technology",False,True,True,False,False,False,False,"$I,$POS,$PTR","$I,$POS,$PTR","[{""$I"": 5, ""$POS"": 3, ""$PTR"": 2}]",2,False,True,False,False,False,False,C2,plain_metavar
/home/moscovin/Documents/eboss/semgrep-rules-aggregate/scrap/lambdasec-autogrep/filtered_rules__c__vim_rules.yaml,lambdasec-autogrep,0,3,vuln-vim-65b60566,A4,Negation / Filtering,"category,cwe,id,languages,message,metadata,owasp,pattern,pattern-not,severity,source-url,technology",False,True,True,False,False,False,False,$VAR,$VAR,"[{""$VAR"": 2}]",2,False,True,False,False,False,False,C2,plain_metavar
/home/moscovin/Documents/eboss/semgrep-rules-aggregate/scrap/lambdasec-autogrep/filtered_rules__c__vim_rules.yaml,lambdasec-autogrep,0,4,vuln-vim-69082916,A4,Negation / Filtering,"category,cwe,id,languages,message,metadata,owasp,pattern,pattern-not,severity,source-url,technology",True,False,False,False,False,False,False,,,[],2,True,False,False,False,False,False,C1,no_metavar
/home/moscovin/Documents/eboss/semgrep-rules-aggregate/scrap/lambdasec-autogrep/filtered_rules__c__weston-embedded_rules.yaml,lambdasec-autogrep,0,0,vuln-uc-ftps-2bbf7c61,A4,Negation / Filtering,"category,cwe,id,languages,message,metadata,owasp,pattern,pattern-not,severity,source-url,technology",False,True,True,False,False,False,False,"$ARGS,$DIG","$ARGS,$DIG","[{""$ARGS"": 4, ""$DIG"": 2}]",2,False,True,True,False,False,False,"C2,C3","plain_metavar,unnamed_ellipsis"
/home/moscovin/Documents/eboss/semgrep-rules-aggregate/scrap/lambdasec-autogrep/filtered_rules__c__wireshark_rules.yaml,lambdasec-autogrep,0,0,vuln-wireshark-30651ab1,A4,Negation / Filtering,"category,cwe,id,languages,message,metadata,owasp,pattern,pattern-not,references,severity,source-url,technology",False,True,True,False,False,False,False,"$ADDR_LEN,$BYTES,$OFFSET,$OPTLEN,$TVB","$BYTES,$OFFSET,$TVB","[{""$ADDR_LEN"": 1, ""$BYTES"": 2, ""$OFFSET"": 2, ""$OPTLEN"": 1, ""$TVB"": 2}]",2,False,True,False,False,False,False,C2,plain_metavar
/home/moscovin/Documents/eboss/semgrep-rules-aggregate/scrap/lambdasec-autogrep/filtered_rules__c__wireshark_rules.yaml,lambdasec-autogrep,0,1,vuln-wireshark-4425716d,A4,Negation / Filtering,"category,cwe,id,languages,message,metadata,owasp,pattern,pattern-not,severity,source-url,technology",False,True,True,False,False,False,False,"$NAME,$TYPE",$TYPE,"[{""$NAME"": 1, ""$TYPE"": 2}]",2,False,True,True,False,False,False,"C2,C3","plain_metavar,unnamed_ellipsis"
/home/moscovin/Documents/eboss/semgrep-rules-aggregate/scrap/lambdasec-autogrep/filtered_rules__c__wireshark_rules.yaml,lambdasec-autogrep,0,2,vuln-wireshark-d8a0cbc4,A4,Negation / Filtering,"category,cwe,id,languages,message,metadata,owasp,pattern,pattern-not,references,severity,source-url,technology",False,True,True,False,False,False,False,"$COUNT,$I,$ITEM,$VAL","$COUNT,$I,$ITEM,$VAL","[{""$COUNT"": 2, ""$I"": 8, ""$ITEM"": 2, ""$VAL"": 2}]",2,False,True,True,False,False,False,"C2,C3","plain_metavar,unnamed_ellipsis"
/home/moscovin/Documents/eboss/semgrep-rules-aggregate/scrap/lambdasec-autogrep/filtered_rules__c__wireshark_rules.yaml,lambdasec-autogrep,0,3,vuln-wireshark-dc9127dd,A4,Negation / Filtering,"category,cwe,id,languages,message,metadata,owasp,pattern,pattern-not,references,severity,source-url,technology",False,True,True,False,False,False,False,"$BYTE_COUNT,$CF,$COUNT,$OUT_FILE_NAME_RES,$OUT_FILE_TYPE,$SAVE_FILE","$BYTE_COUNT,$CF,$COUNT,$OUT_FILE_NAME_RES,$OUT_FILE_TYPE,$SAVE_FILE","[{""$BYTE_COUNT"": 2, ""$CF"": 2, ""$COUNT"": 2, ""$OUT_FILE_NAME_RES"": 2, ""$OUT_FILE_TYPE"": 2, ""$SAVE_FILE"": 2}]",2,False,True,False,False,False,False,C2,plain_metavar
/home/moscovin/Documents/eboss/semgrep-rules-aggregate/scrap/lambdasec-autogrep/filtered_rules__c__wireshark_rules.yaml,lambdasec-autogrep,0,4,vuln-wireshark-5a8020a1,A4,Negation / Filtering,"category,cwe,id,languages,message,metadata,owasp,pattern,pattern-not,severity,source-url,technology",False,True,True,False,False,False,False,"$EXPR,$VAR","$EXPR,$VAR","[{""$EXPR"": 2, ""$VAR"": 6}]",2,False,True,True,False,False,False,"C2,C3","plain_metavar,unnamed_ellipsis"
/home/moscovin/Documents/eboss/semgrep-rules-aggregate/scrap/lambdasec-autogrep/filtered_rules__c__wireshark_rules.yaml,lambdasec-autogrep,0,5,vuln-wireshark-55d8c445,A4,Negation / Filtering,"category,cwe,id,languages,message,metadata,owasp,pattern,pattern-not,references,severity,source-url,technology",True,False,False,False,False,False,False,,,[],2,True,False,False,False,False,False,C1,no_metavar
/home/moscovin/Documents/eboss/semgrep-rules-aggregate/scrap/lambdasec-autogrep/filtered_rules__c__wireshark_rules.yaml,lambdasec-autogrep,0,6,vuln-wireshark-212b1882,A4,Negation / Filtering,"category,cwe,id,languages,message,metadata,owasp,pattern,pattern-not,severity,source-url,technology",False,True,True,False,False,False,False,"$ITEM_LABEL_LENGTH,$S,$VALUE","$ITEM_LABEL_LENGTH,$S,$VALUE","[{""$ITEM_LABEL_LENGTH"": 3, ""$S"": 3, ""$VALUE"": 8}]",2,False,True,False,False,False,False,C2,plain_metavar
/home/moscovin/Documents/eboss/semgrep-rules-aggregate/scrap/lambdasec-autogrep/filtered_rules__c__wireshark_rules.yaml,lambdasec-autogrep,0,7,vuln-wireshark-8ed057f7,A4,Negation / Filtering,"category,cwe,id,languages,message,metadata,owasp,pattern,pattern-not,references,severity,source-url,technology",False,True,True,False,False,False,False,"$VAR1,$VAR2","$VAR1,$VAR2","[{""$VAR1"": 2, ""$VAR2"": 2}]",2,False,True,False,False,False,False,C2,plain_metavar
/home/moscovin/Documents/eboss/semgrep-rules-aggregate/scrap/lambdasec-autogrep/filtered_rules__c__wireshark_rules.yaml,lambdasec-autogrep,0,8,vuln-wireshark-95571f17,A4,Negation / Filtering,"category,cwe,id,languages,message,metadata,owasp,pattern,pattern-not,severity,source-url,technology",False,True,True,False,False,False,False,$SPLIT,$SPLIT,"[{""$SPLIT"": 4}]",2,False,True,True,False,False,False,"C2,C3","plain_metavar,unnamed_ellipsis"
/home/moscovin/Documents/eboss/semgrep-rules-aggregate/scrap/lambdasec-autogrep/filtered_rules__c__wireshark_rules.yaml,lambdasec-autogrep,0,9,vuln-wireshark-f177008b,A4,Negation / Filtering,"category,cwe,id,languages,message,metadata,owasp,pattern,pattern-not,severity,source-url,technology",False,True,True,False,False,False,False,"$ENC,$LEN,$LINE,$OFFSET,$TVB,$WMEM_SCOPE","$LEN,$LINE,$OFFSET,$TVB,$WMEM_SCOPE","[{""$ENC"": 1, ""$LEN"": 2, ""$LINE"": 2, ""$OFFSET"": 2, ""$TVB"": 2, ""$WMEM_SCOPE"": 2}]",2,False,True,False,False,False,False,C2,plain_metavar
/home/moscovin/Documents/eboss/semgrep-rules-aggregate/scrap/lambdasec-autogrep/filtered_rules__c__wireshark_rules.yaml,lambdasec-autogrep,0,10,vuln-wireshark-a442a1c0,A4,Negation / Filtering,"category,cwe,id,languages,message,metadata,owasp,pattern,pattern-not,severity,source-url,technology",False,True,True,False,False,False,False,"$MULTIPLIER,$POOL,$SIZE","$MULTIPLIER,$POOL,$SIZE","[{""$MULTIPLIER"": 2, ""$POOL"": 2, ""$SIZE"": 2}]",2,False,True,False,False,False,False,C2,plain_metavar
/home/moscovin/Documents/eboss/semgrep-rules-aggregate/scrap/lambdasec-autogrep/filtered_rules__c__wireshark_rules.yaml,lambdasec-autogrep,0,11,vuln-wireshark-a9fc769d,A4,Negation / Filtering,"category,cwe,id,languages,message,metadata,owasp,pattern,pattern-not,references,severity,source-url,technology",False,True,True,False,False,False,False,"$BIT_OFFSET,$BYTES_LENGTH,$NO_OF_BITS,$TVB","$BIT_OFFSET,$BYTES_LENGTH,$NO_OF_BITS,$TVB","[{""$BIT_OFFSET"": 2, ""$BYTES_LENGTH"": 2, ""$NO_OF_BITS"": 2, ""$TVB"": 2}]",2,False,True,False,False,False,False,C2,plain_metavar
/home/moscovin/Documents/eboss/semgrep-rules-aggregate/scrap/lambdasec-autogrep/filtered_rules__c__wireshark_rules.yaml,lambdasec-autogrep,0,12,vuln-wireshark-66417b17,A4,Negation / Filtering,"category,cwe,id,languages,message,metadata,owasp,pattern,pattern-not,references,severity,source-url,technology",False,True,True,False,False,False,False,"$NUM,$OFFSET,$TVB,$TYPE,$VARSIZE","$NUM,$TYPE,$VARSIZE","[{""$NUM"": 4, ""$OFFSET"": 1, ""$TVB"": 1, ""$TYPE"": 2, ""$VARSIZE"": 2}]",2,False,True,False,False,False,False,C2,plain_metavar
/home/moscovin/Documents/eboss/semgrep-rules-aggregate/scrap/lambdasec-autogrep/generated_rules__c__vim-double-free-b29f4abc.yaml,lambdasec-autogrep,0,0,vim-double-free-b29f4abc,A4,Negation / Filtering,"category,cwe,id,languages,message,metadata,owasp,pattern,pattern-not,severity,source-url,technology",False,True,True,False,False,False,False,"$VAR1,$VAR2","$VAR1,$VAR2","[{""$VAR1"": 3, ""$VAR2"": 3}]",2,False,True,False,False,False,False,C2,plain_metavar
/home/moscovin/Documents/eboss/semgrep-rules-aggregate/scrap/lambdasec-autogrep/generated_rules__c__vuln-accel-ppp-1b8711cf.yaml,lambdasec-autogrep,0,0,vuln-accel-ppp-1b8711cf,A4,Negation / Filtering,"category,id,languages,message,metadata,pattern,pattern-not,severity,source-url,technology",False,True,True,False,False,False,False,$CLIENT,$CLIENT,"[{""$CLIENT"": 2}]",2,False,True,False,False,False,False,C2,plain_metavar
/home/moscovin/Documents/eboss/semgrep-rules-aggregate/scrap/lambdasec-autogrep/generated_rules__c__vuln-asterisk-424be345.yaml,lambdasec-autogrep,0,0,vuln-asterisk-424be345,A4,Negation / Filtering,"category,cwe,id,languages,message,metadata,owasp,pattern,pattern-not,references,severity,source-url,technology",False,True,True,False,False,False,False,"$CONFIG_DIR,$FILENAME,$PATH,$REAL_PATH,$STRIPPED_FILENAME","$CONFIG_DIR,$FILENAME,$PATH,$REAL_PATH,$STRIPPED_FILENAME","[{""$CONFIG_DIR"": 4, ""$FILENAME"": 3, ""$PATH"": 2, ""$REAL_PATH"": 4, ""$STRIPPED_FILENAME"": 4}]",2,False,True,True,False,False,False,"C2,C3","plain_metavar,unnamed_ellipsis"
/home/moscovin/Documents/eboss/semgrep-rules-aggregate/scrap/lambdasec-autogrep/generated_rules__c__vuln-asterisk-a1ca0268.yaml,lambdasec-autogrep,0,0,vuln-asterisk-a1ca0268,A4,Negation / Filtering,"category,cwe,id,languages,message,metadata,owasp,pattern,pattern-not,references,severity,source-url,technology",False,True,True,False,False,False,False,"$HDR,$POOL,$VALUE","$HDR,$VALUE","[{""$HDR"": 2, ""$POOL"": 1, ""$VALUE"": 2}]",2,False,True,False,False,False,False,C2,plain_metavar
/home/moscovin/Documents/eboss/semgrep-rules-aggregate/scrap/lambdasec-autogrep/generated_rules__c__vuln-asterisk-faddd99f.yaml,lambdasec-autogrep,0,0,vuln-asterisk-faddd99f,A4,Negation / Filtering,"category,cwe,id,languages,message,metadata,owasp,pattern,pattern-not,references,severity,source-url,technology",False,True,True,False,False,False,False,"$APP,$APPDATA,$BAD_APPDATA,$PERMISSION,$SESSION","$APP,$APPDATA,$BAD_APPDATA,$SESSION","[{""$APP"": 7, ""$APPDATA"": 3, ""$BAD_APPDATA"": 2, ""$PERMISSION"": 1, ""$SESSION"": 2}]",2,False,True,True,False,False,False,"C2,C3","plain_metavar,unnamed_ellipsis"
/home/moscovin/Documents/eboss/semgrep-rules-aggregate/scrap/lambdasec-autogrep/generated_rules__c__vuln-audiofile-7d65f89d.yaml,lambdasec-autogrep,0,0,vuln-audiofile-7d65f89d,A4,Negation / Filtering,"category,cwe,id,languages,message,metadata,owasp,pattern,pattern-not,references,severity,source-url,technology",False,True,True,False,False,False,False,"$BUFFER,$BUFFERSIZE,$FRAMESIZE,$SIZE","$BUFFER,$BUFFERSIZE,$FRAMESIZE,$SIZE","[{""$BUFFER"": 2, ""$BUFFERSIZE"": 3, ""$FRAMESIZE"": 2, ""$SIZE"": 3}]",2,False,True,False,False,False,False,C2,plain_metavar
/home/moscovin/Documents/eboss/semgrep-rules-aggregate/scrap/lambdasec-autogrep/generated_rules__c__vuln-bind9-15996f0c.yaml,lambdasec-autogrep,0,0,vuln-bind9-15996f0c,A4,Negation / Filtering,"category,cwe,id,languages,message,metadata,owasp,pattern,pattern-not,references,severity,source-url,technology",False,True,True,False,False,False,False,$RC,$RC,"[{""$RC"": 4}]",2,False,True,False,False,False,False,C2,plain_metavar
/home/moscovin/Documents/eboss/semgrep-rules-aggregate/scrap/lambdasec-autogrep/generated_rules__c__vuln-bind9-5b2282af.yaml,lambdasec-autogrep,0,0,vuln-bind9-5b2282af,A4,Negation / Filtering,"category,cwe,id,languages,message,metadata,owasp,pattern,pattern-not,severity,source-url,technology",True,False,False,False,False,False,False,,,[],2,True,False,False,False,False,False,C1,no_metavar
/home/moscovin/Documents/eboss/semgrep-rules-aggregate/scrap/lambdasec-autogrep/generated_rules__c__vuln-bind9-603a0e26.yaml,lambdasec-autogrep,0,0,vuln-bind9-603a0e26,A4,Negation / Filtering,"category,cwe,id,languages,message,metadata,owasp,pattern,pattern-not,references,severity,source-url,technology",False,True,True,False,False,False,False,"$ACTION,$ARG,$CLIENT,$DEPTH,$DOMAIN,$FETCHP,$FORWARDERS,$ID,$NAME,$NAMESERVERS,$OPTIONS,$RDATASET,$RESOLVER,$SIGRDATASET,$TASK,$TYPE","$ACTION,$ARG,$CLIENT,$DOMAIN,$FETCHP,$FORWARDERS,$ID,$NAME,$NAMESERVERS,$OPTIONS,$RDATASET,$RESOLVER,$SIGRDATASET,$TASK,$TYPE","[{""$ACTION"": 2, ""$ARG"": 2, ""$CLIENT"": 2, ""$DEPTH"": 1, ""$DOMAIN"": 2, ""$FETCHP"": 2, ""$FORWARDERS"": 2, ""$ID"": 2, ""$NAME"": 2, ""$NAMESERVERS"": 2, ""$OPTIONS"": 2, ""$RDATASET"": 2, ""$RESOLVER"": 2, ""$SIGRDATASET"": 2, ""$TASK"": 2, ""$TYPE"": 2}]",2,False,True,False,False,False,False,C2,plain_metavar
/home/moscovin/Documents/eboss/semgrep-rules-aggregate/scrap/lambdasec-autogrep/generated_rules__c__vuln-bind9-711e8339.yaml,lambdasec-autogrep,0,0,vuln-bind9-711e8339,A4,Negation / Filtering,"category,cwe,id,languages,message,metadata,owasp,pattern,pattern-not,severity,source-url,technology",False,True,True,False,False,False,False,$FCTX,$FCTX,"[{""$FCTX"": 3}]",2,False,True,True,False,False,False,"C2,C3","plain_metavar,unnamed_ellipsis"
/home/moscovin/Documents/eboss/semgrep-rules-aggregate/scrap/lambdasec-autogrep/generated_rules__c__vuln-bind9-8bd0c12d.yaml,lambdasec-autogrep,0,0,vuln-bind9-8bd0c12d,A4,Negation / Filtering,"category,cwe,id,languages,message,metadata,owasp,pattern,pattern-not,references,severity,source-url,technology",True,False,False,False,False,False,False,,,[],2,True,False,False,False,False,False,C1,no_metavar
/home/moscovin/Documents/eboss/semgrep-rules-aggregate/scrap/lambdasec-autogrep/generated_rules__c__vuln-bind9-8d807cc2.yaml,lambdasec-autogrep,0,0,vuln-bind9-8d807cc2,A4,Negation / Filtering,"category,cwe,id,languages,message,metadata,owasp,pattern,pattern-not,references,severity,source-url,technology",False,True,True,False,False,False,False,"$BITS,$DATA,$KEY,$LEN,$RET","$BITS,$DATA,$KEY,$LEN,$RET","[{""$BITS"": 2, ""$DATA"": 2, ""$KEY"": 2, ""$LEN"": 2, ""$RET"": 2}]",2,False,True,True,False,False,False,"C2,C3","plain_metavar,unnamed_ellipsis"
/home/moscovin/Documents/eboss/semgrep-rules-aggregate/scrap/lambdasec-autogrep/generated_rules__c__vuln-bind9-e4cccf96.yaml,lambdasec-autogrep,0,0,vuln-bind9-e4cccf96,A4,Negation / Filtering,"category,cwe,id,languages,message,metadata,owasp,pattern,pattern-not,references,severity,source-url,technology",False,True,True,False,False,False,False,"$MTYPE,$STR",$MTYPE,"[{""$MTYPE"": 2, ""$STR"": 1}]",2,False,True,True,False,False,False,"C2,C3","plain_metavar,unnamed_ellipsis"
/home/moscovin/Documents/eboss/semgrep-rules-aggregate/scrap/lambdasec-autogrep/generated_rules__c__vuln-bluez-35d8d895.yaml,lambdasec-autogrep,0,0,vuln-bluez-35d8d895,A4,Negation / Filtering,"category,cwe,id,languages,message,metadata,owasp,pattern,pattern-not,severity,source-url,technology",False,True,True,False,False,False,False,"$CLIENT,$DEVICE","$CLIENT,$DEVICE","[{""$CLIENT"": 3, ""$DEVICE"": 5}]",2,False,True,False,False,False,False,C2,plain_metavar
/home/moscovin/Documents/eboss/semgrep-rules-aggregate/scrap/lambdasec-autogrep/generated_rules__c__vuln-bluez-5ab53525.yaml,lambdasec-autogrep,0,0,vuln-bluez-5ab53525,A4,Negation / Filtering,"category,cwe,id,languages,message,metadata,owasp,pattern,pattern-not,severity,source-url,technology",False,True,True,False,False,False,False,"$DATA,$FIELD,$LEN,$STRUCT","$DATA,$FIELD,$LEN,$STRUCT","[{""$DATA"": 2, ""$FIELD"": 3, ""$LEN"": 3, ""$STRUCT"": 3}]",2,False,True,True,False,False,False,"C2,C3","plain_metavar,unnamed_ellipsis"
/home/moscovin/Documents/eboss/semgrep-rules-aggregate/scrap/lambdasec-autogrep/generated_rules__c__vuln-bluez-838c0dc7.yaml,lambdasec-autogrep,0,0,vuln-bluez-838c0dc7,A4,Negation / Filtering,"category,cwe,id,languages,message,metadata,owasp,pattern,pattern-not,severity,source-url,technology",False,True,True,False,False,False,False,"$ATT,$DEVICE,$FUNC,$OP","$ATT,$DEVICE,$FUNC,$OP","[{""$ATT"": 2, ""$DEVICE"": 2, ""$FUNC"": 2, ""$OP"": 2}]",2,False,True,True,False,False,False,"C2,C3","plain_metavar,unnamed_ellipsis"
/home/moscovin/Documents/eboss/semgrep-rules-aggregate/scrap/lambdasec-autogrep/generated_rules__c__vuln-bluez-93b64d9c.yaml,lambdasec-autogrep,0,0,vuln-bluez-93b64d9c,A4,Negation / Filtering,"category,cwe,id,languages,message,metadata,owasp,pattern,pattern-not,severity,source-url,technology",False,True,True,False,False,False,False,"$ITER,$LEN,$MSG,$VALUE,$VALUE_LEN","$ITER,$LEN,$VALUE","[{""$ITER"": 2, ""$LEN"": 2, ""$MSG"": 1, ""$VALUE"": 2, ""$VALUE_LEN"": 1}]",2,False,True,True,False,False,False,"C2,C3","plain_metavar,unnamed_ellipsis"
/home/moscovin/Documents/eboss/semgrep-rules-aggregate/scrap/lambdasec-autogrep/generated_rules__c__vuln-bluez-b497b594.yaml,lambdasec-autogrep,0,0,vuln-bluez-b497b594,A4,Negation / Filtering,"category,cwe,id,languages,message,metadata,owasp,pattern,pattern-not,references,severity,source-url,technology",False,True,True,False,False,False,False,$ADAPTER,$ADAPTER,"[{""$ADAPTER"": 4}]",2,False,True,True,False,False,False,"C2,C3","plain_metavar,unnamed_ellipsis"
/home/moscovin/Documents/eboss/semgrep-rules-aggregate/scrap/lambdasec-autogrep/generated_rules__c__vuln-bluez-e79417ed.yaml,lambdasec-autogrep,0,0,vuln-bluez-e79417ed,A4,Negation / Filtering,"category,cwe,id,languages,message,metadata,owasp,pattern,pattern-not,references,severity,source-url,technology",True,False,False,False,False,False,False,,,[],2,True,False,True,False,False,False,"C1,C3","no_metavar,unnamed_ellipsis"
/home/moscovin/Documents/eboss/semgrep-rules-aggregate/scrap/lambdasec-autogrep/generated_rules__c__vuln-booth-35bf0b7b.yaml,lambdasec-autogrep,0,0,vuln-booth-35bf0b7b,A4,Negation / Filtering,"category,cwe,id,languages,message,metadata,owasp,pattern,pattern-not,severity,source-url,technology",False,True,False,False,False,False,False,$BOOTH_CONF,,"[{""$BOOTH_CONF"": 1}]",2,True,True,True,False,False,False,"C1,C2,C3","no_metavar,plain_metavar,unnamed_ellipsis"
/home/moscovin/Documents/eboss/semgrep-rules-aggregate/scrap/lambdasec-autogrep/generated_rules__c__vuln-bubblewrap-1f7e2ad9.yaml,lambdasec-autogrep,0,0,vuln-bubblewrap-1f7e2ad9,A4,Negation / Filtering,"category,cwe,id,languages,message,metadata,owasp,pattern,pattern-not,severity,source-url,technology",False,True,True,False,False,False,False,"$CHANGED_UID,$KEEP_CAPS",$KEEP_CAPS,"[{""$CHANGED_UID"": 1, ""$KEEP_CAPS"": 2}]",2,False,True,False,False,False,False,C2,plain_metavar
/home/moscovin/Documents/eboss/semgrep-rules-aggregate/scrap/lambdasec-autogrep/generated_rules__c__vuln-chafa-56fabfa1.yaml,lambdasec-autogrep,0,0,vuln-chafa-56fabfa1,A4,Negation / Filtering,"category,cwe,id,languages,message,metadata,owasp,pattern,pattern-not,references,severity,source-url,technology",False,True,True,False,False,False,False,"$FIELD,$H,$IN,$P,$TYPE","$FIELD,$H,$IN,$P,$TYPE","[{""$FIELD"": 2, ""$H"": 2, ""$IN"": 2, ""$P"": 3, ""$TYPE"": 3}]",2,False,True,True,False,False,False,"C2,C3","plain_metavar,unnamed_ellipsis"
/home/moscovin/Documents/eboss/semgrep-rules-aggregate/scrap/lambdasec-autogrep/generated_rules__c__vuln-clamav-4842733e.yaml,lambdasec-autogrep,0,0,vuln-clamav-4842733e,A4,Negation / Filtering,"category,cwe,id,languages,message,metadata,owasp,pattern,pattern-not,severity,source-url,technology",False,True,True,False,False,False,False,"$SZH,$VAR","$SZH,$VAR","[{""$SZH"": 2, ""$VAR"": 2}]",2,False,True,False,False,False,False,C2,plain_metavar
/home/moscovin/Documents/eboss/semgrep-rules-aggregate/scrap/lambdasec-autogrep/generated_rules__c__vuln-clamav-495fce91.yaml,lambdasec-autogrep,0,0,vuln-clamav-495fce91,A4,Negation / Filtering,"category,cwe,id,languages,message,metadata,owasp,pattern,pattern-not,references,severity,source-url,technology",False,True,True,False,False,False,False,"$CHECKLEN,$OBJSIZE,$P1,$STR","$CHECKLEN,$OBJSIZE,$P1","[{""$CHECKLEN"": 4, ""$OBJSIZE"": 2, ""$P1"": 3, ""$STR"": 1}]",2,False,True,False,False,False,False,C2,plain_metavar
/home/moscovin/Documents/eboss/semgrep-rules-aggregate/scrap/lambdasec-autogrep/generated_rules__c__vuln-clamav-e8e37462.yaml,lambdasec-autogrep,0,0,vuln-clamav-e8e37462,A4,Negation / Filtering,"category,cwe,id,languages,message,metadata,owasp,pattern,pattern-not,severity,source-url,technology",False,True,True,False,False,False,False,"$CODE,$DECRYPTOR,$ECX,$MAX_EMU","$CODE,$DECRYPTOR,$ECX","[{""$CODE"": 2, ""$DECRYPTOR"": 2, ""$ECX"": 2, ""$MAX_EMU"": 1}]",2,False,True,True,False,False,False,"C2,C3","plain_metavar,unnamed_ellipsis"
/home/moscovin/Documents/eboss/semgrep-rules-aggregate/scrap/lambdasec-autogrep/generated_rules__c__vuln-contiki-ng-cde4e983.yaml,lambdasec-autogrep,0,0,vuln-contiki-ng-cde4e983,A4,Negation / Filtering,"category,cwe,id,languages,message,metadata,owasp,pattern,pattern-not,severity,source-url,technology",False,True,True,False,False,False,False,"$C,$CONN,$OPT,$TMP16","$C,$CONN,$OPT,$TMP16","[{""$C"": 10, ""$CONN"": 3, ""$OPT"": 4, ""$TMP16"": 3}]",2,False,True,False,False,False,False,C2,plain_metavar
/home/moscovin/Documents/eboss/semgrep-rules-aggregate/scrap/lambdasec-autogrep/generated_rules__c__vuln-contiki-ng-f9bc65ea.yaml,lambdasec-autogrep,0,0,vuln-contiki-ng-f9bc65ea,A4,Negation / Filtering,"category,cwe,id,languages,message,metadata,owasp,pattern,pattern-not,severity,source-url,technology",False,True,True,False,False,False,False,"$ERROR,$P,$RETURN,$TYPE,$VALUE","$P,$TYPE,$VALUE","[{""$ERROR"": 1, ""$P"": 2, ""$RETURN"": 1, ""$TYPE"": 2, ""$VALUE"": 4}]",2,False,True,False,False,False,False,C2,plain_metavar
/home/moscovin/Documents/eboss/semgrep-rules-aggregate/scrap/lambdasec-autogrep/generated_rules__c__vuln-core-000030fe.yaml,lambdasec-autogrep,0,0,vuln-core-000030fe,A4,Negation / Filtering,"category,cwe,id,languages,message,metadata,owasp,pattern,pattern-not,severity,source-url,technology",False,True,True,False,False,False,False,"$AUTH,$ERROR,$KEY,$PATH,$RET,$SUBSYS,$TABLE","$ERROR,$KEY,$PATH,$RET","[{""$AUTH"": 1, ""$ERROR"": 2, ""$KEY"": 3, ""$PATH"": 2, ""$RET"": 2, ""$SUBSYS"": 1, ""$TABLE"": 1}]",2,False,True,False,False,False,False,C2,plain_metavar
/home/moscovin/Documents/eboss/semgrep-rules-aggregate/scrap/lambdasec-autogrep/generated_rules__c__vuln-core-00df2308.yaml,lambdasec-autogrep,0,0,vuln-core-00df2308,A4,Negation / Filtering,"category,cwe,id,languages,message,metadata,owasp,pattern,pattern-not,references,severity,source-url,technology",False,True,True,False,False,False,False,"$CMD,$VAR","$CMD,$VAR","[{""$CMD"": 3, ""$VAR"": 4}]",2,False,True,False,False,False,False,C2,plain_metavar
/home/moscovin/Documents/eboss/semgrep-rules-aggregate/scrap/lambdasec-autogrep/generated_rules__c__vuln-core-321c3397.yaml,lambdasec-autogrep,0,0,vuln-core-321c3397,A4,Negation / Filtering,"category,cwe,id,languages,message,metadata,owasp,pattern,pattern-not,references,severity,source-url,technology",False,True,True,False,False,False,False,"$CONN,$RET","$CONN,$RET","[{""$CONN"": 3, ""$RET"": 2}]",2,False,True,True,False,False,False,"C2,C3","plain_metavar,unnamed_ellipsis"
/home/moscovin/Documents/eboss/semgrep-rules-aggregate/scrap/lambdasec-autogrep/generated_rules__c__vuln-core-973769d7.yaml,lambdasec-autogrep,0,0,vuln-core-973769d7,A4,Negation / Filtering,"category,cwe,id,languages,message,metadata,owasp,pattern,pattern-not,severity,source-url,technology",False,True,True,False,False,False,False,"$BYTES,$CHR,$DEST,$I","$BYTES,$CHR,$DEST,$I","[{""$BYTES"": 4, ""$CHR"": 4, ""$DEST"": 3, ""$I"": 3}]",2,False,True,False,False,False,False,C2,plain_metavar
/home/moscovin/Documents/eboss/semgrep-rules-aggregate/scrap/lambdasec-autogrep/generated_rules__c__vuln-core-fb97a1cd.yaml,lambdasec-autogrep,0,0,vuln-core-fb97a1cd,A4,Negation / Filtering,"category,cwe,id,languages,message,metadata,owasp,pattern,pattern-not,severity,source-url,technology",False,True,True,False,False,False,False,"$CONDITION,$CTX","$CONDITION,$CTX","[{""$CONDITION"": 2, ""$CTX"": 4}]",2,False,True,True,False,False,False,"C2,C3","plain_metavar,unnamed_ellipsis"
/home/moscovin/Documents/eboss/semgrep-rules-aggregate/scrap/lambdasec-autogrep/generated_rules__c__vuln-curl-0761a51e.yaml,lambdasec-autogrep,0,0,vuln-curl-0761a51e,A4,Negation / Filtering,"category,cwe,id,languages,message,metadata,owasp,pattern,pattern-not,references,severity,source-url,technology",False,True,True,False,False,False,False,$BUF,$BUF,"[{""$BUF"": 2}]",2,False,True,False,False,False,False,C2,plain_metavar
/home/moscovin/Documents/eboss/semgrep-rules-aggregate/scrap/lambdasec-autogrep/generated_rules__c__vuln-curl-2b0994c2.yaml,lambdasec-autogrep,0,0,vuln-curl-2b0994c2,A4,Negation / Filtering,"category,cwe,id,languages,message,metadata,owasp,pattern,pattern-not,references,severity,source-url,technology",False,True,True,False,False,False,False,"$ACCEPTABLE,$CLEN,$CO_DOMAIN,$DATA,$DLEN,$DOMAIN,$LCASE,$LCOOKIE,$PSL","$ACCEPTABLE,$CLEN,$CO_DOMAIN,$DATA,$DLEN,$DOMAIN,$LCASE,$LCOOKIE,$PSL","[{""$ACCEPTABLE"": 6, ""$CLEN"": 3, ""$CO_DOMAIN"": 3, ""$DATA"": 4, ""$DLEN"": 3, ""$DOMAIN"": 7, ""$LCASE"": 4, ""$LCOOKIE"": 4, ""$PSL"": 6}]",2,False,True,False,False,False,False,C2,plain_metavar
/home/moscovin/Documents/eboss/semgrep-rules-aggregate/scrap/lambdasec-autogrep/generated_rules__c__vuln-curl-364f1747.yaml,lambdasec-autogrep,0,0,vuln-curl-364f1747,A4,Negation / Filtering,"category,cwe,id,languages,message,metadata,owasp,pattern,pattern-not,references,severity,source-url,technology",False,True,True,False,False,False,False,"$CODE,$CONN,$DATA,$FAILF,$FIRSTSOCKET,$PERFORM_AUTHENTICATION,$PERFORM_STARTTLS,$RESULT,$TLS_SUPPORTED,$VALUE","$CODE,$CONN,$DATA,$FAILF,$FIRSTSOCKET,$PERFORM_AUTHENTICATION,$PERFORM_STARTTLS,$RESULT,$TLS_SUPPORTED,$VALUE","[{""$CODE"": 3, ""$CONN"": 8, ""$DATA"": 12, ""$FAILF"": 2, ""$FIRSTSOCKET"": 2, ""$PERFORM_AUTHENTICATION"": 4, ""$PERFORM_STARTTLS"": 2, ""$RESULT"": 8, ""$TLS_SUPPORTED"": 2, ""$VALUE"": 3}]",2,False,True,False,False,False,False,C2,plain_metavar
/home/moscovin/Documents/eboss/semgrep-rules-aggregate/scrap/lambdasec-autogrep/generated_rules__c__vuln-curl-3ee79c16.yaml,lambdasec-autogrep,0,0,vuln-curl-3ee79c16,A4,Negation / Filtering,"category,cwe,id,languages,message,metadata,owasp,pattern,pattern-not,severity,source-url,technology",False,True,True,False,False,False,False,"$DATA,$DELTA,$FLAG,$RESULT","$DATA,$DELTA,$RESULT","[{""$DATA"": 3, ""$DELTA"": 3, ""$FLAG"": 1, ""$RESULT"": 2}]",2,False,True,True,False,False,False,"C2,C3","plain_metavar,unnamed_ellipsis"
/home/moscovin/Documents/eboss/semgrep-rules-aggregate/scrap/lambdasec-autogrep/generated_rules__c__vuln-curl-57d299a4.yaml,lambdasec-autogrep,0,0,vuln-curl-57d299a4,A4,Negation / Filtering,"category,cwe,id,languages,message,metadata,owasp,pattern,pattern-not,references,severity,source-url,technology",False,True,True,False,False,False,False,"$ERROR,$LEN,$PW","$LEN,$PW","[{""$ERROR"": 1, ""$LEN"": 5, ""$PW"": 3}]",2,False,True,False,False,False,False,C2,plain_metavar
/home/moscovin/Documents/eboss/semgrep-rules-aggregate/scrap/lambdasec-autogrep/generated_rules__c__vuln-curl-5ea31458.yaml,lambdasec-autogrep,0,0,vuln-curl-5ea31458,A4,Negation / Filtering,"category,cwe,id,languages,message,metadata,owasp,pattern,pattern-not,severity,source-url,technology",True,False,False,False,False,False,False,,,[],2,True,False,False,False,False,False,C1,no_metavar
/home/moscovin/Documents/eboss/semgrep-rules-aggregate/scrap/lambdasec-autogrep/generated_rules__c__vuln-curl-73b65e94.yaml,lambdasec-autogrep,0,0,vuln-curl-73b65e94,A4,Negation / Filtering,"category,cwe,id,languages,message,metadata,owasp,pattern,pattern-not,references,severity,source-url,technology",False,True,True,False,False,False,False,"$DIR,$FILENAME,$RANDBUF,$RANDSUFFIX,$TEMPSTORE","$DIR,$FILENAME,$RANDBUF,$RANDSUFFIX,$TEMPSTORE","[{""$DIR"": 4, ""$FILENAME"": 2, ""$RANDBUF"": 2, ""$RANDSUFFIX"": 2, ""$TEMPSTORE"": 2}]",2,False,True,True,False,False,False,"C2,C3","plain_metavar,unnamed_ellipsis"
/home/moscovin/Documents/eboss/semgrep-rules-aggregate/scrap/lambdasec-autogrep/generated_rules__c__vuln-curl-7f2a1df6.yaml,lambdasec-autogrep,0,0,vuln-curl-7f2a1df6,A4,Negation / Filtering,"category,cwe,id,languages,message,metadata,owasp,pattern,pattern-not,references,severity,source-url,technology",False,True,True,False,False,False,False,"$DOMLEN,$ERROR,$IDENTITY,$IDENTITY_LEN,$USERLEN","$DOMLEN,$IDENTITY,$IDENTITY_LEN,$USERLEN","[{""$DOMLEN"": 4, ""$ERROR"": 1, ""$IDENTITY"": 2, ""$IDENTITY_LEN"": 4, ""$USERLEN"": 4}]",2,False,True,False,False,False,False,C2,plain_metavar
/home/moscovin/Documents/eboss/semgrep-rules-aggregate/scrap/lambdasec-autogrep/generated_rules__c__vuln-curl-894f6ec7.yaml,lambdasec-autogrep,0,0,vuln-curl-894f6ec7,A4,Negation / Filtering,"category,cwe,id,languages,message,metadata,owasp,pattern,pattern-not,references,severity,source-url,technology",False,True,True,False,False,False,False,"$BUFFER,$BUFFER_SIZE,$DATA,$ENV_VALUE,$ENV_VAR,$RV,$SEP,$VARNAME,$VARVAL","$BUFFER,$BUFFER_SIZE,$DATA,$ENV_VALUE,$ENV_VAR,$RV,$SEP,$VARNAME,$VARVAL","[{""$BUFFER"": 3, ""$BUFFER_SIZE"": 3, ""$DATA"": 2, ""$ENV_VALUE"": 2, ""$ENV_VAR"": 3, ""$RV"": 4, ""$SEP"": 2, ""$VARNAME"": 5, ""$VARVAL"": 5}]",2,False,True,True,False,False,False,"C2,C3","plain_metavar,unnamed_ellipsis"
/home/moscovin/Documents/eboss/semgrep-rules-aggregate/scrap/lambdasec-autogrep/generated_rules__c__vuln-curl-b09c8ee1.yaml,lambdasec-autogrep,0,0,vuln-curl-b09c8ee1,A4,Negation / Filtering,"category,cwe,id,languages,message,metadata,owasp,pattern,pattern-not,severity,source-url,technology",False,True,True,False,False,False,False,"$CONN,$DATA,$NULL,$SESSION,$SOCKINDEX","$CONN,$DATA,$NULL,$SESSION,$SOCKINDEX","[{""$CONN"": 2, ""$DATA"": 2, ""$NULL"": 2, ""$SESSION"": 2, ""$SOCKINDEX"": 2}]",2,False,True,False,False,False,False,C2,plain_metavar
/home/moscovin/Documents/eboss/semgrep-rules-aggregate/scrap/lambdasec-autogrep/generated_rules__c__vuln-curl-b3ee26c5.yaml,lambdasec-autogrep,0,0,vuln-curl-b3ee26c5,A4,Negation / Filtering,"category,cwe,id,languages,message,metadata,owasp,pattern,pattern-not,severity,source-url,technology",False,True,True,False,False,False,False,"$VAR1,$VAR2,$VAR3,$VAR4","$VAR1,$VAR2,$VAR3,$VAR4","[{""$VAR1"": 2, ""$VAR2"": 2, ""$VAR3"": 2, ""$VAR4"": 2}]",2,False,True,True,False,False,False,"C2,C3","plain_metavar,unnamed_ellipsis"
/home/moscovin/Documents/eboss/semgrep-rules-aggregate/scrap/lambdasec-autogrep/generated_rules__c__vuln-curl-bbb71507.yaml,lambdasec-autogrep,0,0,vuln-curl-bbb71507,A4,Negation / Filtering,"category,cwe,id,languages,message,metadata,owasp,pattern,pattern-not,references,severity,source-url,technology",False,True,True,False,False,False,False,"$ALGIDS,$CIPHERS,$SCHANNEL_CRED","$CIPHERS,$SCHANNEL_CRED","[{""$ALGIDS"": 1, ""$CIPHERS"": 2, ""$SCHANNEL_CRED"": 2}]",2,False,True,False,False,False,False,C2,plain_metavar
/home/moscovin/Documents/eboss/semgrep-rules-aggregate/scrap/lambdasec-autogrep/generated_rules__c__vuln-curl-c97ec984.yaml,lambdasec-autogrep,0,0,vuln-curl-c97ec984,A4,Negation / Filtering,"category,cwe,id,languages,message,metadata,owasp,pattern,pattern-not,severity,source-url,technology",False,True,True,False,False,False,False,"$BUFFER,$BUFFSIZE,$FILE","$BUFFER,$BUFFSIZE,$FILE","[{""$BUFFER"": 2, ""$BUFFSIZE"": 2, ""$FILE"": 2}]",2,False,True,True,False,False,False,"C2,C3","plain_metavar,unnamed_ellipsis"
/home/moscovin/Documents/eboss/semgrep-rules-aggregate/scrap/lambdasec-autogrep/generated_rules__c__vuln-cyrus-imapd-5edadcfb.yaml,lambdasec-autogrep,0,0,vuln-cyrus-imapd-5edadcfb,A4,Negation / Filtering,"category,cwe,id,languages,message,metadata,owasp,pattern,pattern-not,references,severity,source-url,technology",False,True,True,False,False,False,False,"$BASE,$ISARCHIVE,$PART","$BASE,$ISARCHIVE,$PART","[{""$BASE"": 4, ""$ISARCHIVE"": 2, ""$PART"": 6}]",2,False,True,False,False,False,False,C2,plain_metavar
/home/moscovin/Documents/eboss/semgrep-rules-aggregate/scrap/lambdasec-autogrep/generated_rules__c__vuln-cyrus-imapd-f6369560.yaml,lambdasec-autogrep,0,0,vuln-cyrus-imapd-f6369560,A4,Negation / Filtering,"category,cwe,id,languages,message,metadata,owasp,pattern,pattern-not,references,severity,source-url,technology",False,True,True,False,False,False,False,"$KEY,$SEED,$SIZE,$VAL","$KEY,$SIZE,$VAL","[{""$KEY"": 2, ""$SEED"": 1, ""$SIZE"": 2, ""$VAL"": 2}]",2,False,True,False,False,False,False,C2,plain_metavar
/home/moscovin/Documents/eboss/semgrep-rules-aggregate/scrap/lambdasec-autogrep/generated_rules__c__vuln-didiwiki-5e5c7966.yaml,lambdasec-autogrep,0,0,vuln-didiwiki-5e5c7966,A4,Negation / Filtering,"category,cwe,id,languages,message,metadata,owasp,pattern,pattern-not,references,severity,source-url,technology",False,True,True,False,False,False,False,$PAGE,$PAGE,"[{""$PAGE"": 5}]",2,False,True,True,False,False,False,"C2,C3","plain_metavar,unnamed_ellipsis"
/home/moscovin/Documents/eboss/semgrep-rules-aggregate/scrap/lambdasec-autogrep/generated_rules__c__vuln-dnsmasq-4e96a4be.yaml,lambdasec-autogrep,0,0,vuln-dnsmasq-4e96a4be,A4,Negation / Filtering,"category,cwe,id,languages,message,metadata,owasp,pattern,pattern-not,severity,source-url,technology",False,True,True,False,False,False,False,"$BUFF1,$BUFF2,$DP1,$DP2,$END1,$END2,$HEADER,$I,$J,$LEFT1,$LEFT2,$LEN,$LEN1,$LEN2,$OK1,$OK2,$P1,$P2,$PLEN,$QUIT,$RC,$RDLEN1,$RDLEN2,$RRSET,$RRSETIDX,$RR_DESC,$STATE1,$STATE2,$SWAP,$TMP","$BUFF1,$BUFF2,$DP1,$DP2,$END1,$END2,$HEADER,$I,$LEFT1,$LEFT2,$LEN,$LEN1,$LEN2,$OK1,$OK2,$P1,$P2,$PLEN,$QUIT,$RC,$RDLEN1,$RDLEN2,$RRSET,$RRSETIDX,$RR_DESC,$STATE1,$STATE2,$SWAP,$TMP","[{""$BUFF1"": 5, ""$BUFF2"": 5, ""$DP1"": 2, ""$DP2"": 2, ""$END1"": 3, ""$END2"": 3, ""$HEADER"": 10, ""$I"": 13, ""$J"": 1, ""$LEFT1"": 10, ""$LEFT2"": 10, ""$LEN"": 2, ""$LEN1"": 11, ""$LEN2"": 11, ""$OK1"": 4, ""$OK2"": 4, ""$P1"": 7, ""$P2"": 7, ""$PLEN"": 10, ""$QUIT"": 7, ""$RC"": 2, ""$RDLEN1"": 5, ""$RDLEN2"": 5, ""$RRSET"": 12, ""$RRSETIDX"": 2, ""$RR_DESC"": 2, ""$STATE1"": 13, ""$STATE2"": 13, ""$SWAP"": 3, ""$TMP"": 4}]",2,False,True,True,False,False,False,"C2,C3","plain_metavar,unnamed_ellipsis"
/home/moscovin/Documents/eboss/semgrep-rules-aggregate/scrap/lambdasec-autogrep/generated_rules__c__vuln-dnsmasq-74d4fcd7.yaml,lambdasec-autogrep,0,0,vuln-dnsmasq-74d4fcd7,A4,Negation / Filtering,"category,cwe,id,languages,message,metadata,owasp,pattern,pattern-not,severity,source-url,technology",False,True,True,False,False,False,False,"$FAMILY,$FD,$NOW","$FD,$NOW","[{""$FAMILY"": 1, ""$FD"": 2, ""$NOW"": 2}]",2,False,True,False,False,False,False,C2,plain_metavar
/home/moscovin/Documents/eboss/semgrep-rules-aggregate/scrap/lambdasec-autogrep/generated_rules__c__vuln-e2fsprogs-8dbe7b47.yaml,lambdasec-autogrep,0,0,vuln-e2fsprogs-8dbe7b47,A4,Negation / Filtering,"category,cwe,id,languages,message,metadata,owasp,pattern,pattern-not,severity,source-url,technology",False,True,True,False,False,False,False,"$B,$H,$MSG,$NAME","$B,$H,$MSG,$NAME","[{""$B"": 4, ""$H"": 4, ""$MSG"": 2, ""$NAME"": 2}]",2,False,True,False,False,False,False,C2,plain_metavar
/home/moscovin/Documents/eboss/semgrep-rules-aggregate/scrap/lambdasec-autogrep/generated_rules__c__vuln-epiphany-3e0f7dea.yaml,lambdasec-autogrep,0,0,vuln-epiphany-3e0f7dea,A4,Negation / Filtering,"category,cwe,id,languages,message,metadata,owasp,pattern,pattern-not,severity,source-url,technology",False,True,True,False,False,False,False,"$EPHY_WEB_VIEW_STATE_IS_BROKEN,$EPHY_WEB_VIEW_STATE_IS_SECURE_HIGH,$EPHY_WEB_VIEW_STATE_IS_UNKNOWN,$FRAME,$MESSAGE,$REQUEST,$SECURITY_LEVEL,$SOURCE,$URI,$VIEW","$EPHY_WEB_VIEW_STATE_IS_SECURE_HIGH,$EPHY_WEB_VIEW_STATE_IS_UNKNOWN,$FRAME,$MESSAGE,$REQUEST,$SECURITY_LEVEL,$SOURCE,$URI","[{""$EPHY_WEB_VIEW_STATE_IS_BROKEN"": 1, ""$EPHY_WEB_VIEW_STATE_IS_SECURE_HIGH"": 2, ""$EPHY_WEB_VIEW_STATE_IS_UNKNOWN"": 2, ""$FRAME"": 2, ""$MESSAGE"": 3, ""$REQUEST"": 2, ""$SECURITY_LEVEL"": 5, ""$SOURCE"": 2, ""$URI"": 4, ""$VIEW"": 1}]",2,False,True,False,False,False,False,C2,plain_metavar
/home/moscovin/Documents/eboss/semgrep-rules-aggregate/scrap/lambdasec-autogrep/generated_rules__c__vuln-espruino-0a761987.yaml,lambdasec-autogrep,0,0,vuln-espruino-0a761987,A4,Negation / Filtering,"category,cwe,id,languages,message,metadata,owasp,pattern,pattern-not,severity,source-url,technology",False,True,True,False,False,False,False,"$LEN,$STR,$TOKEN,$VAL","$LEN,$STR,$TOKEN","[{""$LEN"": 3, ""$STR"": 4, ""$TOKEN"": 2, ""$VAL"": 1}]",2,False,True,False,False,False,False,C2,plain_metavar
/home/moscovin/Documents/eboss/semgrep-rules-aggregate/scrap/lambdasec-autogrep/generated_rules__c__vuln-espruino-0a9f07a0.yaml,lambdasec-autogrep,0,0,vuln-espruino-0a9f07a0,A4,Negation / Filtering,"category,cwe,id,languages,message,metadata,pattern,pattern-not,severity,source-url,technology",False,True,True,False,False,False,False,$BUF,$BUF,"[{""$BUF"": 10}]",2,False,True,False,False,False,False,C2,plain_metavar
/home/moscovin/Documents/eboss/semgrep-rules-aggregate/scrap/lambdasec-autogrep/generated_rules__c__vuln-espruino-b6d362f6.yaml,lambdasec-autogrep,0,0,vuln-espruino-b6d362f6,A4,Negation / Filtering,"category,cwe,id,languages,message,metadata,owasp,pattern,pattern-not,references,severity,source-url,technology",False,True,True,False,False,False,False,$VAR,$VAR,"[{""$VAR"": 3}]",2,False,True,False,False,False,False,C2,plain_metavar
/home/moscovin/Documents/eboss/semgrep-rules-aggregate/scrap/lambdasec-autogrep/generated_rules__c__vuln-ettercap-e3abe7d7.yaml,lambdasec-autogrep,0,0,vuln-ettercap-e3abe7d7,A4,Negation / Filtering,"category,cwe,id,languages,message,metadata,owasp,pattern,pattern-not,references,severity,source-url,technology",False,True,True,False,False,False,False,"$LENGTH,$PASSWORD,$SRC","$LENGTH,$PASSWORD,$SRC","[{""$LENGTH"": 3, ""$PASSWORD"": 3, ""$SRC"": 2}]",2,False,True,False,False,False,False,C2,plain_metavar
/home/moscovin/Documents/eboss/semgrep-rules-aggregate/scrap/lambdasec-autogrep/generated_rules__c__vuln-exim-478effbf.yaml,lambdasec-autogrep,0,0,vuln-exim-478effbf,A4,Negation / Filtering,"category,cwe,id,languages,message,metadata,owasp,pattern,pattern-not,references,severity,source-url,technology",False,True,True,False,False,False,False,"$G,$LIM,$WIDTH","$G,$WIDTH","[{""$G"": 5, ""$LIM"": 1, ""$WIDTH"": 2}]",2,False,True,False,False,False,False,C2,plain_metavar
/home/moscovin/Documents/eboss/semgrep-rules-aggregate/scrap/lambdasec-autogrep/generated_rules__c__vuln-exim-cf3cd306.yaml,lambdasec-autogrep,0,0,vuln-exim-cf3cd306,A4,Negation / Filtering,"category,cwe,id,languages,message,metadata,owasp,pattern,pattern-not,severity,source-url,technology",False,True,True,False,False,False,False,"$CODE,$L,$PTR,$RESULT","$CODE,$L,$PTR,$RESULT","[{""$CODE"": 2, ""$L"": 3, ""$PTR"": 2, ""$RESULT"": 4}]",2,False,True,False,False,False,False,C2,plain_metavar
/home/moscovin/Documents/eboss/semgrep-rules-aggregate/scrap/lambdasec-autogrep/generated_rules__c__vuln-ffjpeg-2ad299a3.yaml,lambdasec-autogrep,0,0,vuln-ffjpeg-2ad299a3,A4,Negation / Filtering,"category,cwe,id,languages,message,metadata,owasp,pattern,pattern-not,severity,source-url,technology",False,True,True,False,False,False,False,"$END,$EXPR,$SIZE,$VAR","$END,$SIZE,$VAR","[{""$END"": 2, ""$EXPR"": 1, ""$SIZE"": 2, ""$VAR"": 2}]",2,False,True,True,False,False,False,"C2,C3","plain_metavar,unnamed_ellipsis"
/home/moscovin/Documents/eboss/semgrep-rules-aggregate/scrap/lambdasec-autogrep/generated_rules__c__vuln-ffjpeg-31649ad6.yaml,lambdasec-autogrep,0,0,vuln-ffjpeg-31649ad6,A4,Negation / Filtering,"category,cwe,id,languages,message,metadata,owasp,pattern,pattern-not,references,severity,source-url,technology",False,True,True,False,False,False,False,"$BUF,$JH,$JW","$BUF,$JH,$JW","[{""$BUF"": 6, ""$JH"": 6, ""$JW"": 6}]",2,False,True,False,False,False,False,C2,plain_metavar
/home/moscovin/Documents/eboss/semgrep-rules-aggregate/scrap/lambdasec-autogrep/generated_rules__c__vuln-ffmpeg-02f909dc.yaml,lambdasec-autogrep,0,0,vuln-ffmpeg-02f909dc,A4,Negation / Filtering,"category,cwe,id,languages,message,metadata,pattern,pattern-not,severity,source-url,technology",False,True,True,False,False,False,False,"$AVCTX,$HEIGHT,$WIDTH","$AVCTX,$HEIGHT,$WIDTH","[{""$AVCTX"": 2, ""$HEIGHT"": 2, ""$WIDTH"": 2}]",2,False,True,True,False,False,False,"C2,C3","plain_metavar,unnamed_ellipsis"
/home/moscovin/Documents/eboss/semgrep-rules-aggregate/scrap/lambdasec-autogrep/generated_rules__c__vuln-ffmpeg-0b3bd001.yaml,lambdasec-autogrep,0,0,vuln-ffmpeg-0b3bd001,A4,Negation / Filtering,"category,cwe,id,languages,message,metadata,owasp,pattern,pattern-not,references,severity,source-url,technology",False,True,True,False,False,False,False,"$CTX,$FUNC,$LAYER,$OPERANDS_NUM,$SIZE","$CTX,$FUNC,$LAYER,$OPERANDS_NUM,$SIZE","[{""$CTX"": 2, ""$FUNC"": 2, ""$LAYER"": 4, ""$OPERANDS_NUM"": 3, ""$SIZE"": 2}]",2,False,True,True,False,False,False,"C2,C3","plain_metavar,unnamed_ellipsis"
/home/moscovin/Documents/eboss/semgrep-rules-aggregate/scrap/lambdasec-autogrep/generated_rules__c__vuln-ffmpeg-23ccf3ca.yaml,lambdasec-autogrep,0,0,vuln-ffmpeg-23ccf3ca,A4,Negation / Filtering,"category,cwe,id,languages,message,metadata,owasp,pattern,pattern-not,references,severity,source-url,technology",False,True,True,False,False,False,False,"$BUFFER,$IN,$LENP","$BUFFER,$IN,$LENP","[{""$BUFFER"": 2, ""$IN"": 2, ""$LENP"": 2}]",2,False,True,False,False,False,False,C2,plain_metavar
/home/moscovin/Documents/eboss/semgrep-rules-aggregate/scrap/lambdasec-autogrep/generated_rules__c__vuln-ffmpeg-273f2755.yaml,lambdasec-autogrep,0,0,vuln-ffmpeg-273f2755,A4,Negation / Filtering,"category,cwe,id,languages,message,metadata,owasp,pattern,pattern-not,severity,source-url,technology",False,True,True,False,False,False,False,"$AN,$IN,$LEN","$AN,$IN,$LEN","[{""$AN"": 2, ""$IN"": 2, ""$LEN"": 3}]",2,False,True,False,False,False,False,C2,plain_metavar
/home/moscovin/Documents/eboss/semgrep-rules-aggregate/scrap/lambdasec-autogrep/generated_rules__c__vuln-ffmpeg-27a99e2c.yaml,lambdasec-autogrep,0,0,vuln-ffmpeg-27a99e2c,A4,Negation / Filtering,"category,cwe,id,languages,message,metadata,owasp,pattern,pattern-not,references,severity,source-url,technology",False,True,True,False,False,False,False,"$CONST,$LEN,$ST,$XD_SIZE","$LEN,$ST,$XD_SIZE","[{""$CONST"": 1, ""$LEN"": 3, ""$ST"": 2, ""$XD_SIZE"": 7}]",2,False,True,True,False,False,False,"C2,C3","plain_metavar,unnamed_ellipsis"
/home/moscovin/Documents/eboss/semgrep-rules-aggregate/scrap/lambdasec-autogrep/generated_rules__c__vuln-ffmpeg-27f8d386.yaml,lambdasec-autogrep,0,0,vuln-ffmpeg-27f8d386,A4,Negation / Filtering,"category,cwe,id,languages,message,metadata,owasp,pattern,pattern-not,severity,source-url,technology",False,True,True,False,False,False,False,"$H,$HEIGHT,$IX,$IY,$VAR,$W,$WIDTH","$H,$HEIGHT,$IX,$IY,$VAR,$W,$WIDTH","[{""$H"": 3, ""$HEIGHT"": 3, ""$IX"": 2, ""$IY"": 2, ""$VAR"": 2, ""$W"": 3, ""$WIDTH"": 3}]",2,False,True,False,False,False,False,C2,plain_metavar
/home/moscovin/Documents/eboss/semgrep-rules-aggregate/scrap/lambdasec-autogrep/generated_rules__c__vuln-ffmpeg-35eeff30.yaml,lambdasec-autogrep,0,0,vuln-ffmpeg-35eeff30,A4,Negation / Filtering,"category,cwe,id,languages,message,metadata,owasp,pattern,pattern-not,references,severity,source-url,technology",False,True,True,False,False,False,False,"$DST,$ERROR,$SRC","$DST,$SRC","[{""$DST"": 4, ""$ERROR"": 1, ""$SRC"": 2}]",2,False,True,False,False,False,False,C2,plain_metavar
/home/moscovin/Documents/eboss/semgrep-rules-aggregate/scrap/lambdasec-autogrep/generated_rules__c__vuln-ffmpeg-3e2b7450.yaml,lambdasec-autogrep,0,0,vuln-ffmpeg-3e2b7450,A4,Negation / Filtering,"category,cwe,id,languages,message,metadata,owasp,pattern,pattern-not,references,severity,source-url,technology",False,True,True,False,False,False,False,$S,$S,"[{""$S"": 3}]",2,False,True,True,False,False,False,"C2,C3","plain_metavar,unnamed_ellipsis"
/home/moscovin/Documents/eboss/semgrep-rules-aggregate/scrap/lambdasec-autogrep/generated_rules__c__vuln-ffmpeg-3e5959b3.yaml,lambdasec-autogrep,0,0,vuln-ffmpeg-3e5959b3,A4,Negation / Filtering,"category,cwe,id,languages,message,metadata,owasp,pattern,pattern-not,references,severity,source-url,technology",False,True,True,False,False,False,False,"$STRUCT,$Y","$STRUCT,$Y","[{""$STRUCT"": 3, ""$Y"": 6}]",2,False,True,True,False,False,False,"C2,C3","plain_metavar,unnamed_ellipsis"
/home/moscovin/Documents/eboss/semgrep-rules-aggregate/scrap/lambdasec-autogrep/generated_rules__c__vuln-ffmpeg-43492ff3.yaml,lambdasec-autogrep,0,0,vuln-ffmpeg-43492ff3,A4,Negation / Filtering,"category,cwe,id,languages,message,metadata,owasp,pattern,pattern-not,references,severity,source-url,technology",False,True,True,False,False,False,False,"$EXPR1,$EXPR2,$EXPR3,$EXPR4,$EXPR5,$EXPR6,$INDEX,$VAR","$EXPR1,$EXPR2,$EXPR3,$EXPR4,$INDEX,$VAR","[{""$EXPR1"": 2, ""$EXPR2"": 2, ""$EXPR3"": 2, ""$EXPR4"": 2, ""$EXPR5"": 1, ""$EXPR6"": 1, ""$INDEX"": 4, ""$VAR"": 4}]",2,False,True,False,False,False,False,C2,plain_metavar
/home/moscovin/Documents/eboss/semgrep-rules-aggregate/scrap/lambdasec-autogrep/generated_rules__c__vuln-ffmpeg-47b7c68a.yaml,lambdasec-autogrep,0,0,vuln-ffmpeg-47b7c68a,A4,Negation / Filtering,"category,cwe,id,languages,message,metadata,pattern,pattern-not,severity,source-url,technology",False,True,True,False,False,False,False,"$AVCTX,$C","$AVCTX,$C","[{""$AVCTX"": 4, ""$C"": 2}]",2,False,True,True,False,False,False,"C2,C3","plain_metavar,unnamed_ellipsis"
/home/moscovin/Documents/eboss/semgrep-rules-aggregate/scrap/lambdasec-autogrep/generated_rules__c__vuln-ffmpeg-4cd1dad9.yaml,lambdasec-autogrep,0,0,vuln-ffmpeg-4cd1dad9,A4,Negation / Filtering,"category,cwe,id,languages,message,metadata,owasp,pattern,pattern-not,references,severity,source-url,technology",False,True,True,False,False,False,False,$FRAME,$FRAME,"[{""$FRAME"": 2}]",2,False,True,False,False,False,False,C2,plain_metavar
/home/moscovin/Documents/eboss/semgrep-rules-aggregate/scrap/lambdasec-autogrep/generated_rules__c__vuln-ffmpeg-54655623.yaml,lambdasec-autogrep,0,0,vuln-ffmpeg-54655623,A4,Negation / Filtering,"category,cwe,id,languages,message,metadata,owasp,pattern,pattern-not,references,severity,source-url,technology",False,True,True,False,False,False,False,"$S,$SH",$S,"[{""$S"": 4, ""$SH"": 1}]",2,False,True,False,False,False,False,C2,plain_metavar
/home/moscovin/Documents/eboss/semgrep-rules-aggregate/scrap/lambdasec-autogrep/generated_rules__c__vuln-ffmpeg-611b3562.yaml,lambdasec-autogrep,0,0,vuln-ffmpeg-611b3562,A4,Negation / Filtering,"category,cwe,id,languages,message,metadata,owasp,pattern,pattern-not,references,severity,source-url,technology",False,True,True,False,False,False,False,"$CID,$FUNC1,$FUNC2,$H,$STRUCT,$VAR,$W","$CID,$FUNC1,$FUNC2,$H,$STRUCT,$VAR,$W","[{""$CID"": 4, ""$FUNC1"": 2, ""$FUNC2"": 2, ""$H"": 2, ""$STRUCT"": 6, ""$VAR"": 5, ""$W"": 2}]",2,False,True,False,False,False,False,C2,plain_metavar
/home/moscovin/Documents/eboss/semgrep-rules-aggregate/scrap/lambdasec-autogrep/generated_rules__c__vuln-ffmpeg-73472053.yaml,lambdasec-autogrep,0,0,vuln-ffmpeg-73472053,A4,Negation / Filtering,"category,cwe,id,languages,message,metadata,owasp,pattern,pattern-not,references,severity,source-url,technology",True,False,False,False,False,False,False,,,[],2,True,False,False,False,False,False,C1,no_metavar
/home/moscovin/Documents/eboss/semgrep-rules-aggregate/scrap/lambdasec-autogrep/generated_rules__c__vuln-ffmpeg-737ede40.yaml,lambdasec-autogrep,0,0,vuln-ffmpeg-737ede40,A4,Negation / Filtering,"category,cwe,id,languages,message,metadata,pattern,pattern-not,severity,source-url,technology",False,True,True,False,False,False,False,"$CSP,$LINK,$MIN_HEIGHT,$MIN_WIDTH","$CSP,$LINK,$MIN_HEIGHT,$MIN_WIDTH","[{""$CSP"": 2, ""$LINK"": 4, ""$MIN_HEIGHT"": 2, ""$MIN_WIDTH"": 2}]",2,False,True,True,False,False,False,"C2,C3","plain_metavar,unnamed_ellipsis"
/home/moscovin/Documents/eboss/semgrep-rules-aggregate/scrap/lambdasec-autogrep/generated_rules__c__vuln-ffmpeg-8001e9f7.yaml,lambdasec-autogrep,0,0,vuln-ffmpeg-8001e9f7,A4,Negation / Filtering,"category,cwe,id,languages,message,metadata,owasp,pattern,pattern-not,references,severity,source-url,technology",False,True,True,False,False,False,False,$VAR,$VAR,"[{""$VAR"": 2}]",2,False,True,True,False,False,False,"C2,C3","plain_metavar,unnamed_ellipsis"
/home/moscovin/Documents/eboss/semgrep-rules-aggregate/scrap/lambdasec-autogrep/generated_rules__c__vuln-ffmpeg-944f5b27.yaml,lambdasec-autogrep,0,0,vuln-ffmpeg-944f5b27,A4,Negation / Filtering,"category,cwe,id,languages,message,metadata,pattern,pattern-not,severity,source-url,technology",False,True,True,False,False,False,False,"$DIV,$VAR",$VAR,"[{""$DIV"": 1, ""$VAR"": 2}]",2,False,True,True,False,False,False,"C2,C3","plain_metavar,unnamed_ellipsis"
/home/moscovin/Documents/eboss/semgrep-rules-aggregate/scrap/lambdasec-autogrep/generated_rules__c__vuln-ffmpeg-a31ccacb.yaml,lambdasec-autogrep,0,0,vuln-ffmpeg-a31ccacb,A4,Negation / Filtering,"category,cwe,id,languages,message,metadata,owasp,pattern,pattern-not,severity,source-url,technology",False,True,True,False,False,False,False,"$BUFFER,$SIZE",$BUFFER,"[{""$BUFFER"": 2, ""$SIZE"": 1}]",2,False,True,False,False,False,False,C2,plain_metavar
/home/moscovin/Documents/eboss/semgrep-rules-aggregate/scrap/lambdasec-autogrep/generated_rules__c__vuln-ffmpeg-a5d44d5c.yaml,lambdasec-autogrep,0,0,vuln-ffmpeg-a5d44d5c,A4,Negation / Filtering,"category,cwe,id,languages,message,metadata,owasp,pattern,pattern-not,severity,source-url,technology",False,True,True,False,False,False,False,"$BUF,$C,$FAIL,$MULT,$SIZE,$TYPE","$BUF,$C,$FAIL,$MULT,$SIZE,$TYPE","[{""$BUF"": 2, ""$C"": 4, ""$FAIL"": 2, ""$MULT"": 2, ""$SIZE"": 2, ""$TYPE"": 2}]",2,False,True,False,False,False,False,C2,plain_metavar
/home/moscovin/Documents/eboss/semgrep-rules-aggregate/scrap/lambdasec-autogrep/generated_rules__c__vuln-ffmpeg-a6cba062.yaml,lambdasec-autogrep,0,0,vuln-ffmpeg-a6cba062,A4,Negation / Filtering,"category,cwe,id,languages,message,metadata,owasp,pattern,pattern-not,references,severity,source-url,technology",False,True,True,False,False,False,False,"$INC,$VAR","$INC,$VAR","[{""$INC"": 3, ""$VAR"": 4}]",2,False,True,False,False,False,False,C2,plain_metavar
/home/moscovin/Documents/eboss/semgrep-rules-aggregate/scrap/lambdasec-autogrep/generated_rules__c__vuln-ffmpeg-cca95285.yaml,lambdasec-autogrep,0,0,vuln-ffmpeg-cca95285,A4,Negation / Filtering,"category,cwe,id,languages,message,metadata,owasp,pattern,pattern-not,severity,source-url,technology",False,True,True,False,False,False,False,"$FRAME,$FRAMES",$FRAME,"[{""$FRAME"": 2, ""$FRAMES"": 1}]",2,False,True,False,False,False,False,C2,plain_metavar
/home/moscovin/Documents/eboss/semgrep-rules-aggregate/scrap/lambdasec-autogrep/generated_rules__c__vuln-ffmpeg-e01d306c.yaml,lambdasec-autogrep,0,0,vuln-ffmpeg-e01d306c,A4,Negation / Filtering,"category,cwe,id,languages,message,metadata,owasp,pattern,pattern-not,references,severity,source-url,technology",False,True,True,False,False,False,False,"$CTX,$DURATION","$CTX,$DURATION","[{""$CTX"": 4, ""$DURATION"": 2}]",2,False,True,True,False,False,False,"C2,C3","plain_metavar,unnamed_ellipsis"
/home/moscovin/Documents/eboss/semgrep-rules-aggregate/scrap/lambdasec-autogrep/generated_rules__c__vuln-ffmpeg-e07ac727.yaml,lambdasec-autogrep,0,0,vuln-ffmpeg-e07ac727,A4,Negation / Filtering,"category,cwe,id,languages,message,metadata,owasp,pattern,pattern-not,references,severity,source-url,technology",False,True,True,False,False,False,False,"$ALIGNED_HEIGHT,$HEIGHT,$STRIDE,$WIDTH","$ALIGNED_HEIGHT,$HEIGHT,$STRIDE,$WIDTH","[{""$ALIGNED_HEIGHT"": 2, ""$HEIGHT"": 2, ""$STRIDE"": 2, ""$WIDTH"": 2}]",2,False,True,False,False,False,False,C2,plain_metavar
/home/moscovin/Documents/eboss/semgrep-rules-aggregate/scrap/lambdasec-autogrep/generated_rules__c__vuln-ffmpeg-e1219cda.yaml,lambdasec-autogrep,0,0,vuln-ffmpeg-e1219cda,A4,Negation / Filtering,"category,cwe,id,languages,message,metadata,owasp,pattern,pattern-not,references,severity,source-url,technology",False,True,True,False,False,False,False,"$AP,$COUNT,$LEN,$SEP,$X","$AP,$COUNT,$LEN,$SEP,$X","[{""$AP"": 2, ""$COUNT"": 3, ""$LEN"": 5, ""$SEP"": 2, ""$X"": 2}]",2,False,True,False,False,False,False,C2,plain_metavar
/home/moscovin/Documents/eboss/semgrep-rules-aggregate/scrap/lambdasec-autogrep/generated_rules__c__vuln-ffmpeg-e1c0cfaa.yaml,lambdasec-autogrep,0,0,vuln-ffmpeg-e1c0cfaa,A4,Negation / Filtering,"category,cwe,id,languages,message,metadata,owasp,pattern,pattern-not,severity,source-url,technology",False,True,True,False,False,False,False,"$COUNT,$STRUCT","$COUNT,$STRUCT","[{""$COUNT"": 4, ""$STRUCT"": 3}]",2,False,True,True,False,False,False,"C2,C3","plain_metavar,unnamed_ellipsis"
/home/moscovin/Documents/eboss/semgrep-rules-aggregate/scrap/lambdasec-autogrep/generated_rules__c__vuln-ffmpeg-e6d3fd94.yaml,lambdasec-autogrep,0,0,vuln-ffmpeg-e6d3fd94,A4,Negation / Filtering,"category,cwe,id,languages,message,metadata,owasp,pattern,pattern-not,severity,source-url,technology",False,True,False,False,False,False,False,"$MOV,$TRACK",,"[{""$MOV"": 1, ""$TRACK"": 1}]",2,False,True,False,False,False,False,C2,plain_metavar
/home/moscovin/Documents/eboss/semgrep-rules-aggregate/scrap/lambdasec-autogrep/generated_rules__c__vuln-ffmpeg-fa19fbcf.yaml,lambdasec-autogrep,0,0,vuln-ffmpeg-fa19fbcf,A4,Negation / Filtering,"category,cwe,id,languages,message,metadata,owasp,pattern,pattern-not,references,severity,source-url,technology",False,True,True,False,False,False,False,$TRACK,$TRACK,"[{""$TRACK"": 3}]",2,False,True,True,False,False,False,"C2,C3","plain_metavar,unnamed_ellipsis"
/home/moscovin/Documents/eboss/semgrep-rules-aggregate/scrap/lambdasec-autogrep/generated_rules__c__vuln-flatpak-52346bf1.yaml,lambdasec-autogrep,0,0,vuln-flatpak-52346bf1,A4,Negation / Filtering,"category,cwe,id,languages,message,metadata,owasp,pattern,pattern-not,references,severity,source-url,technology",False,True,True,False,False,False,False,"$AUTH_END_STRING,$BUF,$BUFFER,$POS","$AUTH_END_STRING,$BUF,$BUFFER,$POS","[{""$AUTH_END_STRING"": 7, ""$BUF"": 4, ""$BUFFER"": 8, ""$POS"": 2}]",2,False,True,False,False,False,False,C2,plain_metavar
/home/moscovin/Documents/eboss/semgrep-rules-aggregate/scrap/lambdasec-autogrep/generated_rules__c__vuln-flatpak-7fe63f2e.yaml,lambdasec-autogrep,0,0,vuln-flatpak-7fe63f2e,A4,Negation / Filtering,"category,cwe,id,languages,message,metadata,owasp,pattern,pattern-not,severity,source-url,technology",False,True,True,False,False,False,False,"$CONTEXT,$ERROR,$PATH","$CONTEXT,$PATH","[{""$CONTEXT"": 2, ""$ERROR"": 1, ""$PATH"": 2}]",2,False,True,False,False,False,False,C2,plain_metavar
/home/moscovin/Documents/eboss/semgrep-rules-aggregate/scrap/lambdasec-autogrep/generated_rules__c__vuln-flatpak-a7401e63.yaml,lambdasec-autogrep,0,0,vuln-flatpak-a7401e63,A4,Negation / Filtering,"category,cwe,id,languages,message,metadata,owasp,pattern,pattern-not,severity,source-url,technology",False,True,True,False,False,False,False,"$ARG,$ERROR",$ARG,"[{""$ARG"": 2, ""$ERROR"": 1}]",2,False,True,False,False,False,False,C2,plain_metavar
/home/moscovin/Documents/eboss/semgrep-rules-aggregate/scrap/lambdasec-autogrep/generated_rules__c__vuln-freerdp-0332cad0.yaml,lambdasec-autogrep,0,0,vuln-freerdp-0332cad0,A4,Negation / Filtering,"category,cwe,id,languages,message,metadata,owasp,pattern,pattern-not,severity,source-url,technology",False,True,True,False,False,False,False,"$LEVEL,$LOG,$UPDATETYPE","$LEVEL,$LOG,$UPDATETYPE","[{""$LEVEL"": 2, ""$LOG"": 2, ""$UPDATETYPE"": 2}]",2,False,True,False,False,False,False,C2,plain_metavar
/home/moscovin/Documents/eboss/semgrep-rules-aggregate/scrap/lambdasec-autogrep/generated_rules__c__vuln-freerdp-532c4205.yaml,lambdasec-autogrep,0,0,vuln-freerdp-532c4205,A4,Negation / Filtering,"category,cwe,id,languages,message,metadata,owasp,pattern,pattern-not,references,severity,source-url,technology",False,True,True,False,False,False,False,"$BPP,$POINTER_COLOR,$S","$POINTER_COLOR,$S","[{""$BPP"": 1, ""$POINTER_COLOR"": 2, ""$S"": 2}]",2,False,True,False,False,False,False,C2,plain_metavar
/home/moscovin/Documents/eboss/semgrep-rules-aggregate/scrap/lambdasec-autogrep/generated_rules__c__vuln-freetype-010e0614.yaml,lambdasec-autogrep,0,0,vuln-freetype-010e0614,A4,Negation / Filtering,"category,cwe,id,languages,message,metadata,owasp,pattern,pattern-not,severity,source-url,technology",False,True,True,False,False,False,False,"$ERROR,$MEMORY,$STACK_SIZE","$ERROR,$MEMORY","[{""$ERROR"": 2, ""$MEMORY"": 2, ""$STACK_SIZE"": 1}]",2,False,True,False,False,False,False,C2,plain_metavar
/home/moscovin/Documents/eboss/semgrep-rules-aggregate/scrap/lambdasec-autogrep/generated_rules__c__vuln-freetype-e6fda039.yaml,lambdasec-autogrep,0,0,vuln-freetype-e6fda039,A4,Negation / Filtering,"category,cwe,id,languages,message,metadata,owasp,pattern,pattern-not,severity,source-url,technology",False,True,True,False,False,False,False,"$DELTA,$VAR","$DELTA,$VAR","[{""$DELTA"": 2, ""$VAR"": 3}]",2,False,True,False,False,False,False,C2,plain_metavar
/home/moscovin/Documents/eboss/semgrep-rules-aggregate/scrap/lambdasec-autogrep/generated_rules__c__vuln-freetype2-010e0614.yaml,lambdasec-autogrep,0,0,vuln-freetype2-010e0614,A4,Negation / Filtering,"category,cwe,id,languages,message,metadata,owasp,pattern,pattern-not,severity,source-url,technology",False,True,True,False,False,False,False,"$ERROR,$MEMORY,$STACK,$STACK_SIZE","$ERROR,$MEMORY,$STACK","[{""$ERROR"": 2, ""$MEMORY"": 2, ""$STACK"": 2, ""$STACK_SIZE"": 1}]",2,False,True,False,False,False,False,C2,plain_metavar
/home/moscovin/Documents/eboss/semgrep-rules-aggregate/scrap/lambdasec-autogrep/generated_rules__c__vuln-freetype2-0545ec1c.yaml,lambdasec-autogrep,0,0,vuln-freetype2-0545ec1c,A4,Negation / Filtering,"category,cwe,id,languages,message,metadata,owasp,pattern,pattern-not,references,severity,source-url,technology",False,True,True,False,False,False,False,"$J,$SID","$J,$SID","[{""$J"": 3, ""$SID"": 4}]",2,False,True,False,False,False,False,C2,plain_metavar
/home/moscovin/Documents/eboss/semgrep-rules-aggregate/scrap/lambdasec-autogrep/generated_rules__c__vuln-freetype2-77930974.yaml,lambdasec-autogrep,0,0,vuln-freetype2-77930974,A4,Negation / Filtering,"category,cwe,id,languages,message,metadata,pattern,pattern-not,severity,source-url,technology",False,True,True,False,False,False,False,"$FACE,$NUM_INSTANCES,$STREAM,$TTAG_CFF","$FACE,$NUM_INSTANCES,$STREAM,$TTAG_CFF","[{""$FACE"": 6, ""$NUM_INSTANCES"": 2, ""$STREAM"": 3, ""$TTAG_CFF"": 2}]",2,False,True,False,False,False,False,C2,plain_metavar
/home/moscovin/Documents/eboss/semgrep-rules-aggregate/scrap/lambdasec-autogrep/generated_rules__c__vuln-freetype2-8b281f83.yaml,lambdasec-autogrep,0,0,vuln-freetype2-8b281f83,A4,Negation / Filtering,"category,cwe,id,languages,message,metadata,owasp,pattern,pattern-not,references,severity,source-url,technology",False,True,True,False,False,False,False,"$ARRAY,$COUNT,$ERROR,$FUNC,$PARSER,$RESULT,$SIZE","$ARRAY,$COUNT,$FUNC,$PARSER,$RESULT,$SIZE","[{""$ARRAY"": 2, ""$COUNT"": 2, ""$ERROR"": 1, ""$FUNC"": 4, ""$PARSER"": 2, ""$RESULT"": 2, ""$SIZE"": 3}]",2,False,True,False,False,False,False,C2,plain_metavar
/home/moscovin/Documents/eboss/semgrep-rules-aggregate/scrap/lambdasec-autogrep/generated_rules__c__vuln-freetype2-cee5d593.yaml,lambdasec-autogrep,0,0,vuln-freetype2-cee5d593,A4,Negation / Filtering,"category,cwe,id,languages,message,metadata,owasp,pattern,pattern-not,severity,source-url,technology",False,True,True,False,False,False,False,"$NEWSIZE,$OLDSIZE","$NEWSIZE,$OLDSIZE","[{""$NEWSIZE"": 2, ""$OLDSIZE"": 4}]",2,False,True,False,False,False,False,C2,plain_metavar
/home/moscovin/Documents/eboss/semgrep-rules-aggregate/scrap/lambdasec-autogrep/generated_rules__c__vuln-frr-21418d64.yaml,lambdasec-autogrep,0,0,vuln-frr-21418d64,A4,Negation / Filtering,"category,cwe,id,languages,message,metadata,owasp,pattern,pattern-not,severity,source-url,technology",False,True,True,False,False,False,False,"$ATTR,$LENGTH,$PEER","$ATTR,$PEER","[{""$ATTR"": 2, ""$LENGTH"": 1, ""$PEER"": 2}]",2,False,True,False,False,False,False,C2,plain_metavar
/home/moscovin/Documents/eboss/semgrep-rules-aggregate/scrap/lambdasec-autogrep/generated_rules__c__vuln-frr-30b5c2a4.yaml,lambdasec-autogrep,0,0,vuln-frr-30b5c2a4,A4,Negation / Filtering,"category,cwe,id,languages,message,metadata,owasp,pattern,pattern-not,references,severity,source-url,technology",False,True,True,False,False,False,False,"$ATTR_PARSE_RET,$CONDITION",$CONDITION,"[{""$ATTR_PARSE_RET"": 1, ""$CONDITION"": 2}]",2,False,True,True,False,False,False,"C2,C3","plain_metavar,unnamed_ellipsis"
/home/moscovin/Documents/eboss/semgrep-rules-aggregate/scrap/lambdasec-autogrep/generated_rules__c__vuln-frr-6814f2e0.yaml,lambdasec-autogrep,0,0,vuln-frr-6814f2e0,A4,Negation / Filtering,"category,cwe,id,languages,message,metadata,owasp,pattern,pattern-not,references,severity,source-url,technology",False,True,True,False,False,False,False,$RET,$RET,"[{""$RET"": 2}]",2,False,True,True,False,False,False,"C2,C3","plain_metavar,unnamed_ellipsis"
/home/moscovin/Documents/eboss/semgrep-rules-aggregate/scrap/lambdasec-autogrep/generated_rules__c__vuln-frr-ba6a8f1a.yaml,lambdasec-autogrep,0,0,vuln-frr-ba6a8f1a,A4,Negation / Filtering,"category,cwe,id,languages,message,metadata,owasp,pattern,pattern-not,severity,source-url,technology",False,True,True,False,False,False,False,$ATTR,$ATTR,"[{""$ATTR"": 2}]",2,False,True,False,False,False,False,C2,plain_metavar
/home/moscovin/Documents/eboss/semgrep-rules-aggregate/scrap/lambdasec-autogrep/generated_rules__c__vuln-frr-babb23b7.yaml,lambdasec-autogrep,0,0,vuln-frr-babb23b7,A4,Negation / Filtering,"category,cwe,id,languages,message,metadata,owasp,pattern,pattern-not,references,severity,source-url,technology",False,True,True,False,False,False,False,$FLAGS,$FLAGS,"[{""$FLAGS"": 6}]",2,False,True,True,False,False,False,"C2,C3","plain_metavar,unnamed_ellipsis"
/home/moscovin/Documents/eboss/semgrep-rules-aggregate/scrap/lambdasec-autogrep/generated_rules__c__vuln-frr-c37119df.yaml,lambdasec-autogrep,0,0,vuln-frr-c37119df,A4,Negation / Filtering,"category,cwe,id,languages,message,metadata,owasp,pattern,pattern-not,severity,source-url,technology",False,True,True,False,False,False,False,"$ATTR,$TYPE",$ATTR,"[{""$ATTR"": 4, ""$TYPE"": 1}]",2,False,True,False,False,False,False,C2,plain_metavar
/home/moscovin/Documents/eboss/semgrep-rules-aggregate/scrap/lambdasec-autogrep/generated_rules__c__vuln-frr-d28c9042.yaml,lambdasec-autogrep,0,0,vuln-frr-d28c9042,A4,Negation / Filtering,"category,cwe,id,languages,message,metadata,pattern,pattern-not,severity,source-url,technology",False,True,True,False,False,False,False,"$ARGS,$PEER,$STARTP,$TOTAL",$ARGS,"[{""$ARGS"": 2, ""$PEER"": 1, ""$STARTP"": 1, ""$TOTAL"": 1}]",2,False,True,False,False,False,False,C2,plain_metavar
/home/moscovin/Documents/eboss/semgrep-rules-aggregate/scrap/lambdasec-autogrep/generated_rules__c__vuln-frr-e08495a4.yaml,lambdasec-autogrep,0,0,vuln-frr-e08495a4,A4,Negation / Filtering,"category,cwe,id,languages,message,metadata,owasp,pattern,pattern-not,severity,source-url,technology",False,True,True,False,False,False,False,"$AFI,$RT,$ZV","$AFI,$RT,$ZV","[{""$AFI"": 2, ""$RT"": 2, ""$ZV"": 2}]",2,False,True,True,False,False,False,"C2,C3","plain_metavar,unnamed_ellipsis"
/home/moscovin/Documents/eboss/semgrep-rules-aggregate/scrap/lambdasec-autogrep/generated_rules__c__vuln-gdk-pixbuf-31a6cff3.yaml,lambdasec-autogrep,0,0,vuln-gdk-pixbuf-31a6cff3,A4,Negation / Filtering,"category,cwe,id,languages,message,metadata,owasp,pattern,pattern-not,references,severity,source-url,technology",False,True,True,False,False,False,False,"$BYTES,$HEIGHT,$ROWSTRIDE,$WIDTH","$BYTES,$HEIGHT,$ROWSTRIDE,$WIDTH","[{""$BYTES"": 3, ""$HEIGHT"": 4, ""$ROWSTRIDE"": 7, ""$WIDTH"": 4}]",2,False,True,True,False,False,False,"C2,C3","plain_metavar,unnamed_ellipsis"
/home/moscovin/Documents/eboss/semgrep-rules-aggregate/scrap/lambdasec-autogrep/generated_rules__c__vuln-gdk-pixbuf-3bac204e.yaml,lambdasec-autogrep,0,0,vuln-gdk-pixbuf-3bac204e,A4,Negation / Filtering,"category,cwe,id,languages,message,metadata,owasp,pattern,pattern-not,severity,source-url,technology",False,True,True,False,False,False,False,"$CONTEXT,$MODULE",$MODULE,"[{""$CONTEXT"": 1, ""$MODULE"": 4}]",2,False,True,True,False,False,False,"C2,C3","plain_metavar,unnamed_ellipsis"
/home/moscovin/Documents/eboss/semgrep-rules-aggregate/scrap/lambdasec-autogrep/generated_rules__c__vuln-gdk-pixbuf-4e7b5345.yaml,lambdasec-autogrep,0,0,vuln-gdk-pixbuf-4e7b5345,A4,Negation / Filtering,"category,cwe,id,languages,message,metadata,owasp,pattern,pattern-not,severity,source-url,technology",False,True,True,False,False,False,False,"$ANIMATION,$FRAME","$ANIMATION,$FRAME","[{""$ANIMATION"": 2, ""$FRAME"": 8}]",2,False,True,True,False,False,False,"C2,C3","plain_metavar,unnamed_ellipsis"
/home/moscovin/Documents/eboss/semgrep-rules-aggregate/scrap/lambdasec-autogrep/generated_rules__c__vuln-gdk-pixbuf-57362ed4.yaml,lambdasec-autogrep,0,0,vuln-gdk-pixbuf-57362ed4,A4,Negation / Filtering,"category,cwe,id,languages,message,metadata,owasp,pattern,pattern-not,references,severity,source-url,technology",False,True,True,False,False,False,False,"$ERROR,$FILENAME","$ERROR,$FILENAME","[{""$ERROR"": 5, ""$FILENAME"": 2}]",2,False,True,False,False,False,False,C2,plain_metavar
/home/moscovin/Documents/eboss/semgrep-rules-aggregate/scrap/lambdasec-autogrep/generated_rules__c__vuln-gdk-pixbuf-c2a40a92.yaml,lambdasec-autogrep,0,0,vuln-gdk-pixbuf-c2a40a92,A4,Negation / Filtering,"category,cwe,id,languages,message,metadata,owasp,pattern,pattern-not,references,severity,source-url,technology",False,True,True,False,False,False,False,"$CINFO,$CONTEXT,$ERROR,$GDK_PIXBUF_ERROR,$GDK_PIXBUF_ERROR_CORRUPT_IMAGE,$HAS_ALPHA,$OUT,$RETVAL","$CINFO,$CONTEXT,$HAS_ALPHA","[{""$CINFO"": 4, ""$CONTEXT"": 2, ""$ERROR"": 1, ""$GDK_PIXBUF_ERROR"": 1, ""$GDK_PIXBUF_ERROR_CORRUPT_IMAGE"": 1, ""$HAS_ALPHA"": 3, ""$OUT"": 1, ""$RETVAL"": 1}]",2,False,True,True,False,False,False,"C2,C3","plain_metavar,unnamed_ellipsis"
/home/moscovin/Documents/eboss/semgrep-rules-aggregate/scrap/lambdasec-autogrep/generated_rules__c__vuln-gdk-pixbuf-dec9ca22.yaml,lambdasec-autogrep,0,0,vuln-gdk-pixbuf-dec9ca22,A4,Negation / Filtering,"category,cwe,id,languages,message,metadata,owasp,pattern,pattern-not,references,severity,source-url,technology",False,True,True,False,False,False,False,"$ENTRY,$G_MAXINT,$INFOHEADER_SIZE,$STATE","$ENTRY,$INFOHEADER_SIZE,$STATE","[{""$ENTRY"": 3, ""$G_MAXINT"": 1, ""$INFOHEADER_SIZE"": 3, ""$STATE"": 3}]",2,False,True,True,False,False,False,"C2,C3","plain_metavar,unnamed_ellipsis"
/home/moscovin/Documents/eboss/semgrep-rules-aggregate/scrap/lambdasec-autogrep/generated_rules__c__vuln-gdm-6060db70.yaml,lambdasec-autogrep,0,0,vuln-gdm-6060db70,A4,Negation / Filtering,"category,cwe,id,languages,message,metadata,owasp,pattern,pattern-not,references,severity,source-url,technology",False,True,True,False,False,False,False,"$CALLBACK,$CONTEXT,$DISPLAY,$ID,$NOTIFY,$STORE","$CALLBACK,$CONTEXT,$DISPLAY,$NOTIFY","[{""$CALLBACK"": 2, ""$CONTEXT"": 4, ""$DISPLAY"": 6, ""$ID"": 1, ""$NOTIFY"": 2, ""$STORE"": 1}]",2,False,True,True,False,False,False,"C2,C3","plain_metavar,unnamed_ellipsis"
/home/moscovin/Documents/eboss/semgrep-rules-aggregate/scrap/lambdasec-autogrep/generated_rules__c__vuln-gdm-8ce95db1.yaml,lambdasec-autogrep,0,0,vuln-gdm-8ce95db1,A4,Negation / Filtering,"category,cwe,id,languages,message,metadata,owasp,pattern,pattern-not,references,severity,source-url,technology",False,True,True,False,False,False,False,"$DISPLAY_SKELETON,$FLAGS,$HANDLER,$SELF,$SIGNAL_NAME","$DISPLAY_SKELETON,$HANDLER,$SELF,$SIGNAL_NAME","[{""$DISPLAY_SKELETON"": 2, ""$FLAGS"": 1, ""$HANDLER"": 2, ""$SELF"": 2, ""$SIGNAL_NAME"": 2}]",2,False,True,False,False,False,False,C2,plain_metavar
/home/moscovin/Documents/eboss/semgrep-rules-aggregate/scrap/lambdasec-autogrep/generated_rules__c__vuln-gdm-dc823512.yaml,lambdasec-autogrep,0,0,vuln-gdm-dc823512,A4,Negation / Filtering,"category,cwe,id,languages,message,metadata,owasp,pattern,pattern-not,severity,source-url,technology",False,True,True,False,False,False,False,$SELF,$SELF,"[{""$SELF"": 2}]",2,False,True,False,False,False,False,C2,plain_metavar
/home/moscovin/Documents/eboss/semgrep-rules-aggregate/scrap/lambdasec-autogrep/generated_rules__c__vuln-gifsicle-06d53362.yaml,lambdasec-autogrep,0,0,vuln-gifsicle-06d53362,A4,Negation / Filtering,"category,cwe,id,languages,message,metadata,owasp,pattern,pattern-not,references,severity,source-url,technology",False,True,True,False,False,False,False,"$DESTI,$FR,$LEFT,$TOP","$DESTI,$FR,$LEFT,$TOP","[{""$DESTI"": 10, ""$FR"": 12, ""$LEFT"": 4, ""$TOP"": 4}]",2,False,True,False,False,False,False,C2,plain_metavar
/home/moscovin/Documents/eboss/semgrep-rules-aggregate/scrap/lambdasec-autogrep/generated_rules__c__vuln-gimp-03df8c6a.yaml,lambdasec-autogrep,0,0,vuln-gimp-03df8c6a,A4,Negation / Filtering,"category,cwe,id,languages,message,metadata,owasp,pattern,pattern-not,severity,source-url,technology",False,True,True,False,False,False,False,"$DRAWABLE,$FORMAT,$IMAGE","$DRAWABLE,$IMAGE","[{""$DRAWABLE"": 2, ""$FORMAT"": 1, ""$IMAGE"": 2}]",2,False,True,True,False,False,False,"C2,C3","plain_metavar,unnamed_ellipsis"
/home/moscovin/Documents/eboss/semgrep-rules-aggregate/scrap/lambdasec-autogrep/generated_rules__c__vuln-gimp-0474376d.yaml,lambdasec-autogrep,0,0,vuln-gimp-0474376d,A4,Negation / Filtering,"category,cwe,id,languages,message,metadata,owasp,pattern,pattern-not,severity,source-url,technology",False,True,True,False,False,False,False,"$ERRMSG,$FDAT,$HDR,$HDULIST,$TYP_FSTRING","$FDAT,$HDR,$HDULIST,$TYP_FSTRING","[{""$ERRMSG"": 1, ""$FDAT"": 5, ""$HDR"": 2, ""$HDULIST"": 2, ""$TYP_FSTRING"": 2}]",2,False,True,False,False,False,False,C2,plain_metavar
/home/moscovin/Documents/eboss/semgrep-rules-aggregate/scrap/lambdasec-autogrep/generated_rules__c__vuln-gimp-687ec479.yaml,lambdasec-autogrep,0,0,vuln-gimp-687ec479,A4,Negation / Filtering,"category,cwe,id,languages,message,metadata,pattern,pattern-not,severity,source-url,technology",False,True,True,False,False,False,False,$VAR,$VAR,"[{""$VAR"": 16}]",2,False,True,False,False,False,False,C2,plain_metavar
/home/moscovin/Documents/eboss/semgrep-rules-aggregate/scrap/lambdasec-autogrep/generated_rules__c__vuln-git-12294990.yaml,lambdasec-autogrep,0,0,vuln-git-12294990,A4,Negation / Filtering,"category,cwe,id,languages,message,metadata,owasp,pattern,pattern-not,references,severity,source-url,technology",False,True,True,False,False,False,False,"$COLLECT,$CONFIGURL,$MATCHED,$NORMCOND,$NORMINFO,$RETVAL,$URL","$COLLECT,$MATCHED,$NORMCOND,$NORMINFO,$RETVAL,$URL","[{""$COLLECT"": 3, ""$CONFIGURL"": 1, ""$MATCHED"": 2, ""$NORMCOND"": 2, ""$NORMINFO"": 2, ""$RETVAL"": 4, ""$URL"": 2}]",2,False,True,True,False,False,False,"C2,C3","plain_metavar,unnamed_ellipsis"
/home/moscovin/Documents/eboss/semgrep-rules-aggregate/scrap/lambdasec-autogrep/generated_rules__c__vuln-git-75e00e1d.yaml,lambdasec-autogrep,0,0,vuln-git-75e00e1d,A4,Negation / Filtering,"category,cwe,id,languages,message,metadata,owasp,pattern,pattern-not,references,severity,source-url,technology",False,True,True,False,False,False,False,"$C,$URL","$C,$URL","[{""$C"": 2, ""$URL"": 2}]",2,False,True,True,False,False,False,"C2,C3","plain_metavar,unnamed_ellipsis"
/home/moscovin/Documents/eboss/semgrep-rules-aggregate/scrap/lambdasec-autogrep/generated_rules__c__vuln-git-c716fe4b.yaml,lambdasec-autogrep,0,0,vuln-git-c716fe4b,A4,Negation / Filtering,"category,cwe,id,languages,message,metadata,owasp,pattern,pattern-not,references,severity,source-url,technology",False,True,True,False,False,False,False,"$C,$CREDENTIAL_ACCESS,$FIELD,$URL","$C,$URL","[{""$C"": 4, ""$CREDENTIAL_ACCESS"": 1, ""$FIELD"": 1, ""$URL"": 3}]",2,False,True,True,False,False,False,"C2,C3","plain_metavar,unnamed_ellipsis"
/home/moscovin/Documents/eboss/semgrep-rules-aggregate/scrap/lambdasec-autogrep/generated_rules__c__vuln-git-cf8f6ce0.yaml,lambdasec-autogrep,0,0,vuln-git-cf8f6ce0,A4,Negation / Filtering,"category,cwe,id,languages,message,metadata,owasp,pattern,pattern-not,severity,source-url,technology",False,True,True,False,False,False,False,"$PATH,$REMOTE","$PATH,$REMOTE","[{""$PATH"": 2, ""$REMOTE"": 4}]",2,False,True,True,False,False,False,"C2,C3","plain_metavar,unnamed_ellipsis"
/home/moscovin/Documents/eboss/semgrep-rules-aggregate/scrap/lambdasec-autogrep/generated_rules__c__vuln-gnome-autoar-adb067e6.yaml,lambdasec-autogrep,0,0,vuln-gnome-autoar-adb067e6,A4,Negation / Filtering,"category,cwe,id,languages,message,metadata,owasp,pattern,pattern-not,references,severity,source-url,technology",False,True,True,False,False,False,False,"$DESTINATION_DIR,$EXTRACTED_FILENAME,$VALID_FILENAME","$DESTINATION_DIR,$EXTRACTED_FILENAME,$VALID_FILENAME","[{""$DESTINATION_DIR"": 3, ""$EXTRACTED_FILENAME"": 3, ""$VALID_FILENAME"": 2}]",2,False,True,False,False,False,False,C2,plain_metavar
/home/moscovin/Documents/eboss/semgrep-rules-aggregate/scrap/lambdasec-autogrep/generated_rules__c__vuln-gnumeric-e022d704.yaml,lambdasec-autogrep,0,0,vuln-gnumeric-e022d704,A4,Negation / Filtering,"category,cwe,id,languages,message,metadata,owasp,pattern,pattern-not,references,severity,source-url,technology",False,True,True,False,False,False,False,$VAR,$VAR,"[{""$VAR"": 2}]",2,False,True,False,False,False,False,C2,plain_metavar
/home/moscovin/Documents/eboss/semgrep-rules-aggregate/scrap/lambdasec-autogrep/generated_rules__c__vuln-gnutls-9c62f4fe.yaml,lambdasec-autogrep,0,0,vuln-gnutls-9c62f4fe,A4,Negation / Filtering,"category,id,languages,message,metadata,pattern,pattern-not,severity,source-url,technology",False,True,True,False,False,False,False,$VAR,$VAR,"[{""$VAR"": 4}]",2,False,True,False,False,False,False,C2,plain_metavar
/home/moscovin/Documents/eboss/semgrep-rules-aggregate/scrap/lambdasec-autogrep/generated_rules__c__vuln-gnutls-c2646aee.yaml,lambdasec-autogrep,0,0,vuln-gnutls-c2646aee,A4,Negation / Filtering,"category,cwe,id,languages,message,metadata,owasp,pattern,pattern-not,references,severity,source-url,technology",False,True,True,False,False,False,False,"$FUNC,$INVALID_REQUEST,$KEY,$SESSION,$SUCCESS,$TYPE,$VAR","$INVALID_REQUEST,$KEY,$SESSION,$VAR","[{""$FUNC"": 1, ""$INVALID_REQUEST"": 2, ""$KEY"": 4, ""$SESSION"": 8, ""$SUCCESS"": 1, ""$TYPE"": 1, ""$VAR"": 5}]",2,False,True,False,False,False,False,C2,plain_metavar
/home/moscovin/Documents/eboss/semgrep-rules-aggregate/scrap/lambdasec-autogrep/generated_rules__c__vuln-gnutls-c2e094ac.yaml,lambdasec-autogrep,0,0,vuln-gnutls-c2e094ac,A4,Negation / Filtering,"category,cwe,id,languages,message,metadata,owasp,pattern,pattern-not,severity,source-url,technology",False,True,True,False,False,False,False,"$MAC_DATA,$MAX_MAC_DATA,$PAD,$PAD_FAILED,$PARAMS,$PLAINTEXT,$TOTAL","$PARAMS,$PLAINTEXT","[{""$MAC_DATA"": 1, ""$MAX_MAC_DATA"": 1, ""$PAD"": 1, ""$PAD_FAILED"": 1, ""$PARAMS"": 2, ""$PLAINTEXT"": 2, ""$TOTAL"": 1}]",2,False,True,False,False,False,False,C2,plain_metavar
/home/moscovin/Documents/eboss/semgrep-rules-aggregate/scrap/lambdasec-autogrep/generated_rules__c__vuln-gnutls-d223040e.yaml,lambdasec-autogrep,0,0,vuln-gnutls-d223040e,A4,Negation / Filtering,"category,cwe,id,languages,message,metadata,owasp,pattern,pattern-not,severity,source-url,technology",False,True,True,False,False,False,False,"$BLOCKSIZE,$CIPHERTEXT,$ERROR,$HASH_SIZE,$PAD","$CIPHERTEXT,$ERROR,$HASH_SIZE","[{""$BLOCKSIZE"": 1, ""$CIPHERTEXT"": 2, ""$ERROR"": 2, ""$HASH_SIZE"": 2, ""$PAD"": 1}]",2,False,True,True,False,False,False,"C2,C3","plain_metavar,unnamed_ellipsis"
/home/moscovin/Documents/eboss/semgrep-rules-aggregate/scrap/lambdasec-autogrep/generated_rules__c__vuln-gpac-2191e66a.yaml,lambdasec-autogrep,0,0,vuln-gpac-2191e66a,A4,Negation / Filtering,"category,cwe,id,languages,message,metadata,owasp,pattern,pattern-not,references,severity,source-url,technology",False,True,True,False,False,False,False,"$INFO_NAME,$LOG_CATEGORY,$LOG_LEVEL","$INFO_NAME,$LOG_CATEGORY,$LOG_LEVEL","[{""$INFO_NAME"": 4, ""$LOG_CATEGORY"": 2, ""$LOG_LEVEL"": 2}]",2,False,True,False,False,False,False,C2,plain_metavar
/home/moscovin/Documents/eboss/semgrep-rules-aggregate/scrap/lambdasec-autogrep/generated_rules__c__vuln-gpac-328c6d68.yaml,lambdasec-autogrep,0,0,vuln-gpac-328c6d68,A4,Negation / Filtering,"category,cwe,id,languages,message,metadata,owasp,pattern,pattern-not,severity,source-url,technology",False,True,True,False,False,False,False,$ENT,$ENT,"[{""$ENT"": 2}]",2,False,True,False,False,False,False,C2,plain_metavar
/home/moscovin/Documents/eboss/semgrep-rules-aggregate/scrap/lambdasec-autogrep/generated_rules__c__vuln-gpac-348d7722.yaml,lambdasec-autogrep,0,0,vuln-gpac-348d7722,A4,Negation / Filtering,"category,cwe,id,languages,message,metadata,owasp,pattern,pattern-not,references,severity,source-url,technology",False,True,True,False,False,False,False,"$BS,$MAX_SIZE,$SIZE","$BS,$SIZE","[{""$BS"": 2, ""$MAX_SIZE"": 1, ""$SIZE"": 3}]",2,False,True,True,False,False,False,"C2,C3","plain_metavar,unnamed_ellipsis"
/home/moscovin/Documents/eboss/semgrep-rules-aggregate/scrap/lambdasec-autogrep/generated_rules__c__vuln-gpac-3fcf66c6.yaml,lambdasec-autogrep,0,0,vuln-gpac-3fcf66c6,A4,Negation / Filtering,"category,cwe,id,languages,message,metadata,owasp,pattern,pattern-not,severity,source-url,technology",False,True,True,False,False,False,False,"$BS,$I,$PTR,$SIZE,$STR","$BS,$I,$PTR,$SIZE,$STR","[{""$BS"": 2, ""$I"": 4, ""$PTR"": 8, ""$SIZE"": 4, ""$STR"": 5}]",2,False,True,True,False,False,False,"C2,C3","plain_metavar,unnamed_ellipsis"
/home/moscovin/Documents/eboss/semgrep-rules-aggregate/scrap/lambdasec-autogrep/generated_rules__c__vuln-gpac-5692dc72.yaml,lambdasec-autogrep,0,0,vuln-gpac-5692dc72,A4,Negation / Filtering,"category,cwe,id,languages,message,metadata,owasp,pattern,pattern-not,severity,source-url,technology",False,True,True,False,False,False,False,"$CTX,$REMAIN",$CTX,"[{""$CTX"": 3, ""$REMAIN"": 1}]",2,False,True,True,False,False,False,"C2,C3","plain_metavar,unnamed_ellipsis"
/home/moscovin/Documents/eboss/semgrep-rules-aggregate/scrap/lambdasec-autogrep/generated_rules__c__vuln-gpac-64a2e1b7.yaml,lambdasec-autogrep,0,0,vuln-gpac-64a2e1b7,A4,Negation / Filtering,"category,cwe,id,languages,message,metadata,owasp,pattern,pattern-not,severity,source-url,technology",False,True,True,False,False,False,False,$PTR,$PTR,"[{""$PTR"": 10}]",2,False,True,False,False,False,False,C2,plain_metavar
/home/moscovin/Documents/eboss/semgrep-rules-aggregate/scrap/lambdasec-autogrep/generated_rules__c__vuln-gpac-6bff06cd.yaml,lambdasec-autogrep,0,0,vuln-gpac-6bff06cd,A4,Negation / Filtering,"category,cwe,id,languages,message,metadata,owasp,pattern,pattern-not,references,severity,source-url,technology",False,True,True,False,False,False,False,"$INF,$NODE",$NODE,"[{""$INF"": 1, ""$NODE"": 2}]",2,False,True,True,False,False,False,"C2,C3","plain_metavar,unnamed_ellipsis"
/home/moscovin/Documents/eboss/semgrep-rules-aggregate/scrap/lambdasec-autogrep/generated_rules__c__vuln-gpac-70c6f6f8.yaml,lambdasec-autogrep,0,0,vuln-gpac-70c6f6f8,A4,Negation / Filtering,"category,cwe,id,languages,message,metadata,owasp,pattern,pattern-not,severity,source-url,technology",False,True,True,False,False,False,False,$INFO,$INFO,"[{""$INFO"": 2}]",2,False,True,False,False,False,False,C2,plain_metavar
/home/moscovin/Documents/eboss/semgrep-rules-aggregate/scrap/lambdasec-autogrep/generated_rules__c__vuln-gpac-74e53280.yaml,lambdasec-autogrep,0,0,vuln-gpac-74e53280,A4,Negation / Filtering,"category,cwe,id,languages,message,metadata,owasp,pattern,pattern-not,severity,source-url,technology",False,True,True,False,False,False,False,"$ERROR,$I,$MSIZE,$SIZE,$STR","$ERROR,$I,$MSIZE,$SIZE,$STR","[{""$ERROR"": 2, ""$I"": 3, ""$MSIZE"": 4, ""$SIZE"": 2, ""$STR"": 7}]",2,False,True,True,False,False,False,"C2,C3","plain_metavar,unnamed_ellipsis"
/home/moscovin/Documents/eboss/semgrep-rules-aggregate/scrap/lambdasec-autogrep/generated_rules__c__vuln-gpac-77ed81c0.yaml,lambdasec-autogrep,0,0,vuln-gpac-77ed81c0,A4,Negation / Filtering,"category,cwe,id,languages,message,metadata,owasp,pattern,pattern-not,references,severity,source-url,technology",False,True,True,False,False,False,False,"$ERR,$VAR",$VAR,"[{""$ERR"": 1, ""$VAR"": 8}]",2,False,True,True,False,False,False,"C2,C3","plain_metavar,unnamed_ellipsis"
/home/moscovin/Documents/eboss/semgrep-rules-aggregate/scrap/lambdasec-autogrep/generated_rules__c__vuln-gpac-7d4538e1.yaml,lambdasec-autogrep,0,0,vuln-gpac-7d4538e1,A4,Negation / Filtering,"category,cwe,id,languages,message,metadata,owasp,pattern,pattern-not,references,severity,source-url,technology",False,True,True,False,False,False,False,"$ATT_NAME,$DEST,$SIZE,$SRC,$STR","$ATT_NAME,$DEST,$SIZE,$SRC,$STR","[{""$ATT_NAME"": 2, ""$DEST"": 3, ""$SIZE"": 2, ""$SRC"": 2, ""$STR"": 2}]",2,False,True,False,False,False,False,C2,plain_metavar
/home/moscovin/Documents/eboss/semgrep-rules-aggregate/scrap/lambdasec-autogrep/generated_rules__c__vuln-gpac-c1b9c794.yaml,lambdasec-autogrep,0,0,vuln-gpac-c1b9c794,A4,Negation / Filtering,"category,cwe,id,languages,message,metadata,owasp,pattern,pattern-not,severity,source-url,technology",False,True,True,False,False,False,False,"$DESC,$PARSER,$VAR","$DESC,$PARSER,$VAR","[{""$DESC"": 2, ""$PARSER"": 3, ""$VAR"": 6}]",2,False,True,False,False,False,False,C2,plain_metavar
/home/moscovin/Documents/eboss/semgrep-rules-aggregate/scrap/lambdasec-autogrep/generated_rules__c__vuln-gpac-d2f74e49.yaml,lambdasec-autogrep,0,0,vuln-gpac-d2f74e49,A4,Negation / Filtering,"category,cwe,id,languages,message,metadata,owasp,pattern,pattern-not,references,severity,source-url,technology",False,True,True,False,False,False,False,"$E,$FIELD,$NODE,$PREV_NODE","$FIELD,$NODE,$PREV_NODE","[{""$E"": 1, ""$FIELD"": 7, ""$NODE"": 2, ""$PREV_NODE"": 3}]",2,False,True,True,False,False,False,"C2,C3","plain_metavar,unnamed_ellipsis"
/home/moscovin/Documents/eboss/semgrep-rules-aggregate/scrap/lambdasec-autogrep/generated_rules__c__vuln-gpac-dc7de8d3.yaml,lambdasec-autogrep,0,0,vuln-gpac-dc7de8d3,A4,Negation / Filtering,"category,cwe,id,languages,message,metadata,pattern,pattern-not,severity,source-url,technology",True,False,False,False,False,False,False,,,[],2,True,False,True,False,False,False,"C1,C3","no_metavar,unnamed_ellipsis"
/home/moscovin/Documents/eboss/semgrep-rules-aggregate/scrap/lambdasec-autogrep/generated_rules__c__vuln-gpac-de7f3a85.yaml,lambdasec-autogrep,0,0,vuln-gpac-de7f3a85,A4,Negation / Filtering,"category,cwe,id,languages,message,metadata,owasp,pattern,pattern-not,severity,source-url,technology",False,True,True,False,False,False,False,"$DEN1,$DEN2,$NUM1,$NUM2,$TYPE","$DEN1,$DEN2,$NUM1,$NUM2,$TYPE","[{""$DEN1"": 2, ""$DEN2"": 2, ""$NUM1"": 2, ""$NUM2"": 2, ""$TYPE"": 2}]",2,False,True,True,False,False,False,"C2,C3","plain_metavar,unnamed_ellipsis"
/home/moscovin/Documents/eboss/semgrep-rules-aggregate/scrap/lambdasec-autogrep/generated_rules__c__vuln-gpac-e4c1f09a.yaml,lambdasec-autogrep,0,0,vuln-gpac-e4c1f09a,A4,Negation / Filtering,"category,cwe,id,languages,message,metadata,owasp,pattern,pattern-not,severity,source-url,technology",True,False,False,False,False,False,False,,,[],2,True,False,False,False,False,False,C1,no_metavar
/home/moscovin/Documents/eboss/semgrep-rules-aggregate/scrap/lambdasec-autogrep/generated_rules__c__vuln-gpac-e7f96c2d.yaml,lambdasec-autogrep,0,0,vuln-gpac-e7f96c2d,A4,Negation / Filtering,"category,cwe,id,languages,message,metadata,owasp,pattern,pattern-not,references,severity,source-url,technology",False,True,True,False,False,False,False,"$CTX,$HDR_FOUND,$PROBE_SIZE","$CTX,$PROBE_SIZE","[{""$CTX"": 2, ""$HDR_FOUND"": 1, ""$PROBE_SIZE"": 4}]",2,False,True,False,False,False,False,C2,plain_metavar
/home/moscovin/Documents/eboss/semgrep-rules-aggregate/scrap/lambdasec-autogrep/generated_rules__c__vuln-gpac-ea13945f.yaml,lambdasec-autogrep,0,0,vuln-gpac-ea13945f,A4,Negation / Filtering,"category,cwe,id,languages,message,metadata,owasp,pattern,pattern-not,references,severity,source-url,technology",False,True,True,False,False,False,False,"$OFFSET,$WAVE","$OFFSET,$WAVE","[{""$OFFSET"": 5, ""$WAVE"": 5}]",2,False,True,True,False,False,False,"C2,C3","plain_metavar,unnamed_ellipsis"
/home/moscovin/Documents/eboss/semgrep-rules-aggregate/scrap/lambdasec-autogrep/generated_rules__c__vuln-gpac-f0ba8371.yaml,lambdasec-autogrep,0,0,vuln-gpac-f0ba8371,A4,Negation / Filtering,"category,cwe,id,languages,message,metadata,owasp,pattern,pattern-not,severity,source-url,technology",False,True,True,False,False,False,False,"$MDIA,$MPOD,$REF","$MDIA,$MPOD,$REF","[{""$MDIA"": 2, ""$MPOD"": 5, ""$REF"": 4}]",2,False,True,False,False,False,False,C2,plain_metavar
/home/moscovin/Documents/eboss/semgrep-rules-aggregate/scrap/lambdasec-autogrep/generated_rules__c__vuln-gpac-f73da86b.yaml,lambdasec-autogrep,0,0,vuln-gpac-f73da86b,A4,Negation / Filtering,"category,cwe,id,languages,message,metadata,owasp,pattern,pattern-not,references,severity,source-url,technology",False,True,True,False,False,False,False,"$BS,$CODE,$ERROR,$FIELD,$NODE","$BS,$CODE,$FIELD,$NODE","[{""$BS"": 2, ""$CODE"": 4, ""$ERROR"": 1, ""$FIELD"": 2, ""$NODE"": 3}]",2,False,True,False,False,False,False,C2,plain_metavar
/home/moscovin/Documents/eboss/semgrep-rules-aggregate/scrap/lambdasec-autogrep/generated_rules__c__vuln-gpmf-parser-2cc0af7f.yaml,lambdasec-autogrep,0,0,vuln-gpmf-parser-2cc0af7f,A4,Negation / Filtering,"category,cwe,id,languages,message,metadata,owasp,pattern,pattern-not,severity,source-url,technology",False,True,True,False,False,False,False,$MP4,$MP4,"[{""$MP4"": 3}]",2,False,True,False,False,False,False,C2,plain_metavar
/home/moscovin/Documents/eboss/semgrep-rules-aggregate/scrap/lambdasec-autogrep/generated_rules__c__vuln-gravity-0e0ac575.yaml,lambdasec-autogrep,0,0,vuln-gravity-0e0ac575,A4,Negation / Filtering,"category,cwe,id,languages,message,metadata,owasp,pattern,pattern-not,severity,source-url,technology",False,True,True,False,False,False,False,"$SIZE,$X","$SIZE,$X","[{""$SIZE"": 2, ""$X"": 2}]",2,False,True,False,False,False,False,C2,plain_metavar
/home/moscovin/Documents/eboss/semgrep-rules-aggregate/scrap/lambdasec-autogrep/generated_rules__c__vuln-gravity-c67888e6.yaml,lambdasec-autogrep,0,0,vuln-gravity-c67888e6,A4,Negation / Filtering,"category,cwe,id,languages,message,metadata,owasp,pattern,pattern-not,severity,source-url,technology",False,True,True,False,False,False,False,"$ARGS,$CLOSURE,$COUNT,$VALUE,$VM","$ARGS,$CLOSURE,$COUNT,$VALUE,$VM","[{""$ARGS"": 2, ""$CLOSURE"": 2, ""$COUNT"": 2, ""$VALUE"": 2, ""$VM"": 2}]",2,False,True,False,False,False,False,C2,plain_metavar
/home/moscovin/Documents/eboss/semgrep-rules-aggregate/scrap/lambdasec-autogrep/generated_rules__c__vuln-gravity-d4935246.yaml,lambdasec-autogrep,0,0,vuln-gravity-d4935246,A4,Negation / Filtering,"category,cwe,id,languages,message,metadata,owasp,pattern,pattern-not,severity,source-url,technology",False,True,True,False,False,False,False,"$CLOSURE,$CONVERT_FUNC,$EXEC_TYPE_INTERNAL,$RETURN_VALUE,$VM","$CLOSURE,$CONVERT_FUNC,$EXEC_TYPE_INTERNAL,$RETURN_VALUE","[{""$CLOSURE"": 7, ""$CONVERT_FUNC"": 2, ""$EXEC_TYPE_INTERNAL"": 2, ""$RETURN_VALUE"": 2, ""$VM"": 1}]",2,False,True,False,False,False,False,C2,plain_metavar
/home/moscovin/Documents/eboss/semgrep-rules-aggregate/scrap/lambdasec-autogrep/generated_rules__c__vuln-gravity-f00c04df.yaml,lambdasec-autogrep,0,0,vuln-gravity-f00c04df,A4,Negation / Filtering,"category,cwe,id,languages,message,metadata,owasp,pattern,pattern-not,severity,source-url,technology",False,True,False,False,False,False,False,$OBJECT,,"[{""$OBJECT"": 1}]",2,True,True,True,False,False,False,"C1,C2,C3","no_metavar,plain_metavar,unnamed_ellipsis"
/home/moscovin/Documents/eboss/semgrep-rules-aggregate/scrap/lambdasec-autogrep/generated_rules__c__vuln-gstreamer-14d306da.yaml,lambdasec-autogrep,0,0,vuln-gstreamer-14d306da,A4,Negation / Filtering,"category,cwe,id,languages,message,metadata,owasp,pattern,pattern-not,severity,source-url,technology",False,True,True,False,False,False,False,"$LENGTH,$Z",$Z,"[{""$LENGTH"": 1, ""$Z"": 3}]",2,False,True,False,False,False,False,C2,plain_metavar
/home/moscovin/Documents/eboss/semgrep-rules-aggregate/scrap/lambdasec-autogrep/generated_rules__c__vuln-gstreamer-4cb1bcf1.yaml,lambdasec-autogrep,0,0,vuln-gstreamer-4cb1bcf1,A4,Negation / Filtering,"category,cwe,id,languages,message,metadata,owasp,pattern,pattern-not,references,severity,source-url,technology",False,True,True,False,False,False,False,"$DEC,$HEIGHT,$WIDTH","$DEC,$HEIGHT,$WIDTH","[{""$DEC"": 2, ""$HEIGHT"": 2, ""$WIDTH"": 2}]",2,False,True,False,False,False,False,C2,plain_metavar
/home/moscovin/Documents/eboss/semgrep-rules-aggregate/scrap/lambdasec-autogrep/generated_rules__c__vuln-gstreamer-91811915.yaml,lambdasec-autogrep,0,0,vuln-gstreamer-91811915,A4,Negation / Filtering,"category,cwe,id,languages,message,metadata,pattern,pattern-not,severity,source-url,technology",False,True,True,False,False,False,False,"$BLOCKSIZE,$BUF,$ELEMENT,$MAP,$SIZE","$BLOCKSIZE,$SIZE","[{""$BLOCKSIZE"": 4, ""$BUF"": 1, ""$ELEMENT"": 1, ""$MAP"": 1, ""$SIZE"": 4}]",2,False,True,True,False,False,False,"C2,C3","plain_metavar,unnamed_ellipsis"
/home/moscovin/Documents/eboss/semgrep-rules-aggregate/scrap/lambdasec-autogrep/generated_rules__c__vuln-gstreamer-ad601215.yaml,lambdasec-autogrep,0,0,vuln-gstreamer-ad601215,A4,Negation / Filtering,"category,cwe,id,languages,message,metadata,owasp,pattern,pattern-not,severity,source-url,technology",False,True,True,False,False,False,False,"$NEW_SIZE,$SIZE,$SIZE_OUT,$STREAM","$NEW_SIZE,$SIZE,$SIZE_OUT,$STREAM","[{""$NEW_SIZE"": 4, ""$SIZE"": 4, ""$SIZE_OUT"": 2, ""$STREAM"": 4}]",2,False,True,True,False,False,False,"C2,C3","plain_metavar,unnamed_ellipsis"
/home/moscovin/Documents/eboss/semgrep-rules-aggregate/scrap/lambdasec-autogrep/generated_rules__c__vuln-gstreamer-d21017b5.yaml,lambdasec-autogrep,0,0,vuln-gstreamer-d21017b5,A4,Negation / Filtering,"category,cwe,id,languages,message,metadata,owasp,pattern,pattern-not,severity,source-url,technology",False,True,True,False,False,False,False,"$TYPE,$VALUE,$VALUE_LEN,$VAR","$TYPE,$VALUE,$VAR","[{""$TYPE"": 2, ""$VALUE"": 2, ""$VALUE_LEN"": 1, ""$VAR"": 3}]",2,False,True,False,False,False,False,C2,plain_metavar
/home/moscovin/Documents/eboss/semgrep-rules-aggregate/scrap/lambdasec-autogrep/generated_rules__c__vuln-gstreamer-f6722775.yaml,lambdasec-autogrep,0,0,vuln-gstreamer-f6722775,A4,Negation / Filtering,"category,cwe,id,languages,message,metadata,owasp,pattern,pattern-not,severity,source-url,technology",False,True,True,False,False,False,False,"$I,$MAXLEN,$SESSION_ID","$I,$SESSION_ID","[{""$I"": 7, ""$MAXLEN"": 1, ""$SESSION_ID"": 2}]",2,False,True,True,False,False,False,"C2,C3","plain_metavar,unnamed_ellipsis"
/home/moscovin/Documents/eboss/semgrep-rules-aggregate/scrap/lambdasec-autogrep/generated_rules__c__vuln-gthumb-14860321.yaml,lambdasec-autogrep,0,0,vuln-gthumb-14860321,A4,Negation / Filtering,"category,cwe,id,languages,message,metadata,owasp,pattern,pattern-not,references,severity,source-url,technology",False,True,True,False,False,False,False,"$OUTPUT_HEIGHT,$OUTPUT_WIDTH,$SRCINFO,$X","$SRCINFO,$X","[{""$OUTPUT_HEIGHT"": 1, ""$OUTPUT_WIDTH"": 1, ""$SRCINFO"": 4, ""$X"": 6}]",2,False,True,True,False,False,False,"C2,C3","plain_metavar,unnamed_ellipsis"
/home/moscovin/Documents/eboss/semgrep-rules-aggregate/scrap/lambdasec-autogrep/generated_rules__c__vuln-h2o-1b2b6d7b.yaml,lambdasec-autogrep,0,0,vuln-h2o-1b2b6d7b,A4,Negation / Filtering,"category,cwe,id,languages,message,metadata,owasp,pattern,pattern-not,references,severity,source-url,technology",True,False,False,False,False,False,False,,,[],2,True,False,True,False,False,False,"C1,C3","no_metavar,unnamed_ellipsis"
/home/moscovin/Documents/eboss/semgrep-rules-aggregate/scrap/lambdasec-autogrep/generated_rules__c__vuln-h2o-1c0808d5.yaml,lambdasec-autogrep,0,0,vuln-h2o-1c0808d5,A4,Negation / Filtering,"category,cwe,id,languages,message,metadata,owasp,pattern,pattern-not,severity,source-url,technology",False,True,True,False,False,False,False,"$CONN,$FUNC","$CONN,$FUNC","[{""$CONN"": 4, ""$FUNC"": 2}]",2,False,True,True,False,False,False,"C2,C3","plain_metavar,unnamed_ellipsis"
/home/moscovin/Documents/eboss/semgrep-rules-aggregate/scrap/lambdasec-autogrep/generated_rules__c__vuln-h2o-d67e81d0.yaml,lambdasec-autogrep,0,0,vuln-h2o-d67e81d0,A4,Negation / Filtering,"category,cwe,id,languages,message,metadata,owasp,pattern,pattern-not,references,severity,source-url,technology",True,False,False,False,False,False,False,,,[],2,True,False,True,False,False,False,"C1,C3","no_metavar,unnamed_ellipsis"
/home/moscovin/Documents/eboss/semgrep-rules-aggregate/scrap/lambdasec-autogrep/generated_rules__c__vuln-haproxy-3f0e1ec7.yaml,lambdasec-autogrep,0,0,vuln-haproxy-3f0e1ec7,A4,Negation / Filtering,"category,cwe,id,languages,message,metadata,owasp,pattern,pattern-not,severity,source-url,technology",False,True,True,False,False,False,False,"$H2C,$HDR",$HDR,"[{""$H2C"": 1, ""$HDR"": 4}]",2,False,True,True,False,False,False,"C2,C3","plain_metavar,unnamed_ellipsis"
/home/moscovin/Documents/eboss/semgrep-rules-aggregate/scrap/lambdasec-autogrep/generated_rules__c__vuln-haproxy-bfb15ab3.yaml,lambdasec-autogrep,0,0,vuln-haproxy-bfb15ab3,A4,Negation / Filtering,"category,cwe,id,languages,message,metadata,owasp,pattern,pattern-not,references,severity,source-url,technology",False,True,True,False,False,False,False,"$CTX,$HTX","$CTX,$HTX","[{""$CTX"": 2, ""$HTX"": 2}]",2,False,True,True,False,False,False,"C2,C3","plain_metavar,unnamed_ellipsis"
/home/moscovin/Documents/eboss/semgrep-rules-aggregate/scrap/lambdasec-autogrep/generated_rules__c__vuln-hdf5-1750b4b0.yaml,lambdasec-autogrep,0,0,vuln-hdf5-1750b4b0,A4,Negation / Filtering,"category,cwe,id,languages,message,metadata,owasp,pattern,pattern-not,severity,source-url,technology",False,True,True,False,False,False,False,"$ACCUM,$ADDR,$FUNC,$SIZE","$ACCUM,$ADDR,$FUNC,$SIZE","[{""$ACCUM"": 10, ""$ADDR"": 6, ""$FUNC"": 2, ""$SIZE"": 4}]",2,False,True,True,False,False,False,"C2,C3","plain_metavar,unnamed_ellipsis"
/home/moscovin/Documents/eboss/semgrep-rules-aggregate/scrap/lambdasec-autogrep/generated_rules__c__vuln-heimdal-6dd3eb83.yaml,lambdasec-autogrep,0,0,vuln-heimdal-6dd3eb83,A4,Negation / Filtering,"category,cwe,id,languages,message,metadata,owasp,pattern,pattern-not,references,severity,source-url,technology",False,True,True,False,False,False,False,$FUNC,$FUNC,"[{""$FUNC"": 2}]",2,False,True,True,False,False,False,"C2,C3","plain_metavar,unnamed_ellipsis"
/home/moscovin/Documents/eboss/semgrep-rules-aggregate/scrap/lambdasec-autogrep/generated_rules__c__vuln-heimdal-f9ec7002.yaml,lambdasec-autogrep,0,0,vuln-heimdal-f9ec7002,A4,Negation / Filtering,"category,cwe,id,languages,message,metadata,owasp,pattern,pattern-not,references,severity,source-url,technology",False,True,True,False,False,False,False,"$CTX,$MINOR_STATUS,$NT,$OUTPUT_TOKEN,$PREFERRED_MECH_TYPE,$RET","$CTX,$NT,$PREFERRED_MECH_TYPE,$RET","[{""$CTX"": 4, ""$MINOR_STATUS"": 1, ""$NT"": 2, ""$OUTPUT_TOKEN"": 1, ""$PREFERRED_MECH_TYPE"": 4, ""$RET"": 2}]",2,False,True,False,False,False,False,C2,plain_metavar
/home/moscovin/Documents/eboss/semgrep-rules-aggregate/scrap/lambdasec-autogrep/generated_rules__c__vuln-hivex-77172821.yaml,lambdasec-autogrep,0,0,vuln-hivex-77172821,A4,Negation / Filtering,"category,cwe,id,languages,message,metadata,owasp,pattern,pattern-not,severity,source-url,technology",False,True,True,False,False,False,False,"$BLOCKS,$CHILDREN,$DEPTH,$FLAGS,$H,$OFFSET","$BLOCKS,$CHILDREN,$FLAGS,$H,$OFFSET","[{""$BLOCKS"": 2, ""$CHILDREN"": 2, ""$DEPTH"": 1, ""$FLAGS"": 2, ""$H"": 2, ""$OFFSET"": 2}]",2,False,True,False,False,False,False,C2,plain_metavar
/home/moscovin/Documents/eboss/semgrep-rules-aggregate/scrap/lambdasec-autogrep/generated_rules__c__vuln-hivex-8f193573.yaml,lambdasec-autogrep,0,0,vuln-hivex-8f193573,A4,Negation / Filtering,"category,cwe,id,languages,message,metadata,owasp,pattern,pattern-not,severity,source-url,technology",False,True,True,False,False,False,False,"$BLKOFF,$ERRNO,$FILENAME,$SEG_LEN","$BLKOFF,$ERRNO,$FILENAME,$SEG_LEN","[{""$BLKOFF"": 2, ""$ERRNO"": 2, ""$FILENAME"": 2, ""$SEG_LEN"": 2}]",2,False,True,False,False,False,False,C2,plain_metavar
/home/moscovin/Documents/eboss/semgrep-rules-aggregate/scrap/lambdasec-autogrep/generated_rules__c__vuln-imagemagick6-dc070da8.yaml,lambdasec-autogrep,0,0,vuln-imagemagick6-dc070da8,A4,Negation / Filtering,"category,cwe,id,languages,message,metadata,pattern,pattern-not,severity,source-url,technology",False,True,True,False,False,False,False,"$ENDIAN,$PTR,$SIZE,$TYPE","$PTR,$SIZE","[{""$ENDIAN"": 1, ""$PTR"": 2, ""$SIZE"": 2, ""$TYPE"": 1}]",2,False,True,False,False,False,False,C2,plain_metavar
/home/moscovin/Documents/eboss/semgrep-rules-aggregate/scrap/lambdasec-autogrep/generated_rules__c__vuln-imageworsener-a75fd487.yaml,lambdasec-autogrep,0,0,vuln-imageworsener-a75fd487,A4,Negation / Filtering,"category,cwe,id,languages,message,metadata,owasp,pattern,pattern-not,references,severity,source-url,technology",False,True,True,False,False,False,False,"$D,$OLDCODE,$RCTX,$VAL","$D,$OLDCODE,$VAL","[{""$D"": 2, ""$OLDCODE"": 2, ""$RCTX"": 1, ""$VAL"": 2}]",2,False,True,False,False,False,False,C2,plain_metavar
/home/moscovin/Documents/eboss/semgrep-rules-aggregate/scrap/lambdasec-autogrep/generated_rules__c__vuln-imageworsener-bb321cff.yaml,lambdasec-autogrep,0,0,vuln-imageworsener-bb321cff,A4,Negation / Filtering,"category,cwe,id,languages,message,metadata,owasp,pattern,pattern-not,references,severity,source-url,technology",False,True,True,False,False,False,False,"$CTX,$CURPOS,$LABEL,$LINEBUF,$TOKENBUF","$CTX,$CURPOS,$LABEL,$LINEBUF,$TOKENBUF","[{""$CTX"": 2, ""$CURPOS"": 2, ""$LABEL"": 2, ""$LINEBUF"": 3, ""$TOKENBUF"": 4}]",2,False,True,False,False,False,False,C2,plain_metavar
/home/moscovin/Documents/eboss/semgrep-rules-aggregate/scrap/lambdasec-autogrep/generated_rules__c__vuln-imageworsener-dc49c807.yaml,lambdasec-autogrep,0,0,vuln-imageworsener-dc49c807,A4,Negation / Filtering,"category,cwe,id,languages,message,metadata,owasp,pattern,pattern-not,references,severity,source-url,technology",False,True,True,False,False,False,False,"$CTX,$IW_DENSITY_UNKNOWN,$PCODE,$PX,$PY","$CTX,$IW_DENSITY_UNKNOWN,$PCODE,$PX,$PY","[{""$CTX"": 11, ""$IW_DENSITY_UNKNOWN"": 3, ""$PCODE"": 3, ""$PX"": 2, ""$PY"": 2}]",2,False,True,False,False,False,False,C2,plain_metavar
/home/moscovin/Documents/eboss/semgrep-rules-aggregate/scrap/lambdasec-autogrep/generated_rules__c__vuln-irssi-38ba3ca2.yaml,lambdasec-autogrep,0,0,vuln-irssi-38ba3ca2,A4,Negation / Filtering,"category,cwe,id,languages,message,metadata,owasp,pattern,pattern-not,references,severity,source-url,technology",False,True,True,False,False,False,False,"$FIELD,$FUNC,$LIST,$NEXT,$REC,$SERVER,$TARGET,$TMP","$FIELD,$FUNC,$REC,$SERVER,$TMP","[{""$FIELD"": 2, ""$FUNC"": 2, ""$LIST"": 1, ""$NEXT"": 1, ""$REC"": 7, ""$SERVER"": 3, ""$TARGET"": 1, ""$TMP"": 4}]",2,False,True,False,False,False,False,C2,plain_metavar
/home/moscovin/Documents/eboss/semgrep-rules-aggregate/scrap/lambdasec-autogrep/generated_rules__c__vuln-irssi-5e263253.yaml,lambdasec-autogrep,0,0,vuln-irssi-5e263253,A4,Negation / Filtering,"category,cwe,id,languages,message,metadata,owasp,pattern,pattern-not,references,severity,source-url,technology",False,True,True,False,False,False,False,"$CHANNEL,$LIST,$NEWLIST,$NICK","$CHANNEL,$LIST,$NEWLIST,$NICK","[{""$CHANNEL"": 4, ""$LIST"": 5, ""$NEWLIST"": 5, ""$NICK"": 7}]",2,False,True,False,False,False,False,C2,plain_metavar
/home/moscovin/Documents/eboss/semgrep-rules-aggregate/scrap/lambdasec-autogrep/generated_rules__c__vuln-irssi-c03057f3.yaml,lambdasec-autogrep,0,0,vuln-irssi-c03057f3,A4,Negation / Filtering,"category,cwe,id,languages,message,metadata,owasp,pattern,pattern-not,references,severity,source-url,technology",False,True,False,False,False,False,False,$VAR,,"[{""$VAR"": 1}]",2,True,True,False,False,False,False,"C1,C2","no_metavar,plain_metavar"
/home/moscovin/Documents/eboss/semgrep-rules-aggregate/scrap/lambdasec-autogrep/generated_rules__c__vuln-irssi-fa850840.yaml,lambdasec-autogrep,0,0,vuln-irssi-fa850840,A4,Negation / Filtering,"category,cwe,id,languages,message,metadata,owasp,pattern,pattern-not,severity,source-url,technology",True,False,False,False,False,False,False,,,[],2,True,False,True,False,False,False,"C1,C3","no_metavar,unnamed_ellipsis"
/home/moscovin/Documents/eboss/semgrep-rules-aggregate/scrap/lambdasec-autogrep/generated_rules__c__vuln-janus-gateway-11d78977.yaml,lambdasec-autogrep,0,0,vuln-janus-gateway-11d78977,A4,Negation / Filtering,"category,cwe,id,languages,message,metadata,owasp,pattern,pattern-not,severity,source-url,technology",False,True,True,False,False,False,False,"$BUF,$DTLS,$FUNC,$LABEL,$LEN,$TEXTDATA","$BUF,$DTLS,$FUNC,$LABEL,$LEN,$TEXTDATA","[{""$BUF"": 4, ""$DTLS"": 4, ""$FUNC"": 2, ""$LABEL"": 4, ""$LEN"": 4, ""$TEXTDATA"": 2}]",2,False,True,True,False,False,False,"C2,C3","plain_metavar,unnamed_ellipsis"
/home/moscovin/Documents/eboss/semgrep-rules-aggregate/scrap/lambdasec-autogrep/generated_rules__c__vuln-janus-gateway-5b15ded4.yaml,lambdasec-autogrep,0,0,vuln-janus-gateway-5b15ded4,A4,Negation / Filtering,"category,cwe,id,languages,message,metadata,owasp,pattern,pattern-not,severity,source-url,technology",False,True,True,False,False,False,False,"$BUFFER,$BUFFER_PART","$BUFFER,$BUFFER_PART","[{""$BUFFER"": 3, ""$BUFFER_PART"": 2}]",2,False,True,False,False,False,False,C2,plain_metavar
/home/moscovin/Documents/eboss/semgrep-rules-aggregate/scrap/lambdasec-autogrep/generated_rules__c__vuln-janus-gateway-d5e786ee.yaml,lambdasec-autogrep,0,0,vuln-janus-gateway-d5e786ee,A4,Negation / Filtering,"category,cwe,id,languages,message,metadata,owasp,pattern,pattern-not,references,severity,source-url,technology",True,False,False,False,False,False,False,,,[],2,True,False,False,False,False,False,C1,no_metavar
/home/moscovin/Documents/eboss/semgrep-rules-aggregate/scrap/lambdasec-autogrep/generated_rules__c__vuln-jasper-03db7c81.yaml,lambdasec-autogrep,0,0,vuln-jasper-03db7c81,A4,Negation / Filtering,"category,cwe,id,languages,message,metadata,owasp,pattern,pattern-not,references,severity,source-url,technology",False,True,True,False,False,False,False,"$IMAGE,$NUM,$TYPE","$IMAGE,$TYPE","[{""$IMAGE"": 3, ""$NUM"": 1, ""$TYPE"": 2}]",2,False,True,True,False,False,False,"C2,C3","plain_metavar,unnamed_ellipsis"
/home/moscovin/Documents/eboss/semgrep-rules-aggregate/scrap/lambdasec-autogrep/generated_rules__c__vuln-jasper-0d224608.yaml,lambdasec-autogrep,0,0,vuln-jasper-0d224608,A4,Negation / Filtering,"category,cwe,id,languages,message,metadata,owasp,pattern,pattern-not,severity,source-url,technology",False,True,True,False,False,False,False,"$NUMCOMPS,$VAR","$NUMCOMPS,$VAR","[{""$NUMCOMPS"": 2, ""$VAR"": 2}]",2,False,True,True,False,False,False,"C2,C3","plain_metavar,unnamed_ellipsis"
/home/moscovin/Documents/eboss/semgrep-rules-aggregate/scrap/lambdasec-autogrep/generated_rules__c__vuln-jasper-1abc2e5a.yaml,lambdasec-autogrep,0,0,vuln-jasper-1abc2e5a,A4,Negation / Filtering,"category,cwe,id,languages,message,metadata,owasp,pattern,pattern-not,severity,source-url,technology",False,True,True,False,False,False,False,$BANDS,$BANDS,"[{""$BANDS"": 2}]",2,False,True,False,False,False,False,C2,plain_metavar
/home/moscovin/Documents/eboss/semgrep-rules-aggregate/scrap/lambdasec-autogrep/generated_rules__c__vuln-jasper-33cc2cfa.yaml,lambdasec-autogrep,0,0,vuln-jasper-33cc2cfa,A4,Negation / Filtering,"category,cwe,id,languages,message,metadata,owasp,pattern,pattern-not,severity,source-url,technology",False,True,True,False,False,False,False,"$DEC,$MSG",$DEC,"[{""$DEC"": 2, ""$MSG"": 1}]",2,False,True,False,False,False,False,C2,plain_metavar
/home/moscovin/Documents/eboss/semgrep-rules-aggregate/scrap/lambdasec-autogrep/generated_rules__c__vuln-jasper-3afacc17.yaml,lambdasec-autogrep,0,0,vuln-jasper-3afacc17,A4,Negation / Filtering,"category,cwe,id,languages,message,metadata,owasp,pattern,pattern-not,severity,source-url,technology",True,False,False,False,False,False,False,,,[],2,True,False,False,False,False,False,C1,no_metavar
/home/moscovin/Documents/eboss/semgrep-rules-aggregate/scrap/lambdasec-autogrep/generated_rules__c__vuln-jasper-3c55b399.yaml,lambdasec-autogrep,0,0,vuln-jasper-3c55b399,A4,Negation / Filtering,"category,cwe,id,languages,message,metadata,owasp,pattern,pattern-not,severity,source-url,technology",False,True,True,False,False,False,False,"$NUM_ELEMENTS,$SIZE,$TYPE",$TYPE,"[{""$NUM_ELEMENTS"": 1, ""$SIZE"": 1, ""$TYPE"": 2}]",2,False,True,False,False,False,False,C2,plain_metavar
/home/moscovin/Documents/eboss/semgrep-rules-aggregate/scrap/lambdasec-autogrep/generated_rules__c__vuln-jasper-49174ab5.yaml,lambdasec-autogrep,0,0,vuln-jasper-49174ab5,A4,Negation / Filtering,"CWE-209,category,cwe,id,languages,message,metadata,owasp,pattern,pattern-not,references,severity,source-url,technology",True,False,False,False,False,False,False,,,[],2,True,False,False,False,False,False,C1,no_metavar
/home/moscovin/Documents/eboss/semgrep-rules-aggregate/scrap/lambdasec-autogrep/generated_rules__c__vuln-jasper-5185cb13.yaml,lambdasec-autogrep,0,0,vuln-jasper-5185cb13,A4,Negation / Filtering,"category,cwe,id,languages,message,metadata,owasp,pattern,pattern-not,references,severity,source-url,technology",False,True,True,False,False,False,False,"$OPTS,$VALUE",$OPTS,"[{""$OPTS"": 2, ""$VALUE"": 1}]",2,False,True,False,False,False,False,C2,plain_metavar
/home/moscovin/Documents/eboss/semgrep-rules-aggregate/scrap/lambdasec-autogrep/generated_rules__c__vuln-jasper-84d00fb2.yaml,lambdasec-autogrep,0,0,vuln-jasper-84d00fb2,A4,Negation / Filtering,"category,cwe,id,languages,message,metadata,owasp,pattern,pattern-not,severity,source-url,technology",False,True,True,False,False,False,False,"$BANDNO,$E,$EXPN,$MANT","$BANDNO,$E,$EXPN,$MANT","[{""$BANDNO"": 4, ""$E"": 3, ""$EXPN"": 2, ""$MANT"": 2}]",2,False,True,False,False,False,False,C2,plain_metavar
/home/moscovin/Documents/eboss/semgrep-rules-aggregate/scrap/lambdasec-autogrep/generated_rules__c__vuln-jasper-93a94803.yaml,lambdasec-autogrep,0,0,vuln-jasper-93a94803,A4,Negation / Filtering,"category,cwe,id,languages,message,metadata,owasp,pattern,pattern-not,references,severity,source-url,technology",False,True,True,False,False,False,False,"$OBJ,$VAR","$OBJ,$VAR","[{""$OBJ"": 2, ""$VAR"": 3}]",2,False,True,False,False,False,False,C2,plain_metavar
/home/moscovin/Documents/eboss/semgrep-rules-aggregate/scrap/lambdasec-autogrep/generated_rules__c__vuln-jasper-988f8365.yaml,lambdasec-autogrep,0,0,vuln-jasper-988f8365,A4,Negation / Filtering,"category,cwe,id,languages,message,metadata,owasp,pattern,pattern-not,references,severity,source-url,technology",False,True,True,False,False,False,False,"$MATRIX,$NUMCOLS,$NUMROWS,$SIZE","$MATRIX,$NUMCOLS,$NUMROWS,$SIZE","[{""$MATRIX"": 2, ""$NUMCOLS"": 2, ""$NUMROWS"": 2, ""$SIZE"": 2}]",2,False,True,False,False,False,False,C2,plain_metavar
/home/moscovin/Documents/eboss/semgrep-rules-aggregate/scrap/lambdasec-autogrep/generated_rules__c__vuln-jasper-a712a204.yaml,lambdasec-autogrep,0,0,vuln-jasper-a712a204,A4,Negation / Filtering,"category,cwe,id,languages,message,metadata,owasp,pattern,pattern-not,references,severity,source-url,technology",False,True,True,False,False,False,False,"$DEC,$SIZE","$DEC,$SIZE","[{""$DEC"": 4, ""$SIZE"": 3}]",2,False,True,True,False,False,False,"C2,C3","plain_metavar,unnamed_ellipsis"
/home/moscovin/Documents/eboss/semgrep-rules-aggregate/scrap/lambdasec-autogrep/generated_rules__c__vuln-jasper-c4144a6f.yaml,lambdasec-autogrep,0,0,vuln-jasper-c4144a6f,A4,Negation / Filtering,"category,cwe,id,languages,message,metadata,owasp,pattern,pattern-not,severity,source-url,technology",False,True,True,False,False,False,False,"$CHANNO,$COMPNO,$DEC,$I,$IMAGE","$COMPNO,$DEC,$IMAGE","[{""$CHANNO"": 1, ""$COMPNO"": 3, ""$DEC"": 3, ""$I"": 1, ""$IMAGE"": 3}]",2,False,True,True,False,False,False,"C2,C3","plain_metavar,unnamed_ellipsis"
/home/moscovin/Documents/eboss/semgrep-rules-aggregate/scrap/lambdasec-autogrep/generated_rules__c__vuln-jasper-d91198ab.yaml,lambdasec-autogrep,0,0,vuln-jasper-d91198ab,A4,Negation / Filtering,"category,cwe,id,languages,message,metadata,owasp,pattern,pattern-not,severity,source-url,technology",False,True,True,False,False,False,False,"$DEC,$SIZE","$DEC,$SIZE","[{""$DEC"": 6, ""$SIZE"": 2}]",2,False,True,False,False,False,False,C2,plain_metavar
/home/moscovin/Documents/eboss/semgrep-rules-aggregate/scrap/lambdasec-autogrep/generated_rules__c__vuln-jasper-e24bdc71.yaml,lambdasec-autogrep,0,0,vuln-jasper-e24bdc71,A4,Negation / Filtering,"category,cwe,id,languages,message,metadata,owasp,pattern,pattern-not,references,severity,source-url,technology",False,True,True,False,False,False,False,$BOX,$BOX,"[{""$BOX"": 2}]",2,False,True,False,False,False,False,C2,plain_metavar
/home/moscovin/Documents/eboss/semgrep-rules-aggregate/scrap/lambdasec-autogrep/generated_rules__c__vuln-jasper-e2f2e5f4.yaml,lambdasec-autogrep,0,0,vuln-jasper-e2f2e5f4,A4,Negation / Filtering,"category,cwe,id,languages,message,metadata,owasp,pattern,pattern-not,references,severity,source-url,technology",False,True,True,False,False,False,False,"$HANDLE_ERROR,$MATRIX1,$MATRIX2,$XEND,$XSTART,$YEND,$YSTART","$MATRIX1,$MATRIX2,$XEND,$XSTART,$YEND,$YSTART","[{""$HANDLE_ERROR"": 1, ""$MATRIX1"": 2, ""$MATRIX2"": 2, ""$XEND"": 2, ""$XSTART"": 2, ""$YEND"": 2, ""$YSTART"": 2}]",2,False,True,False,False,False,False,C2,plain_metavar
/home/moscovin/Documents/eboss/semgrep-rules-aggregate/scrap/lambdasec-autogrep/generated_rules__c__vuln-jasper-e6c8d5a8.yaml,lambdasec-autogrep,0,0,vuln-jasper-e6c8d5a8,A4,Negation / Filtering,"category,cwe,id,languages,message,metadata,owasp,pattern,pattern-not,severity,source-url,technology",False,True,True,False,False,False,False,$X,$X,"[{""$X"": 2}]",2,False,True,False,False,False,False,C2,plain_metavar
/home/moscovin/Documents/eboss/semgrep-rules-aggregate/scrap/lambdasec-autogrep/generated_rules__c__vuln-jasper-e88a8ecb.yaml,lambdasec-autogrep,0,0,vuln-jasper-e88a8ecb,A4,Negation / Filtering,"category,cwe,id,languages,message,metadata,owasp,pattern,pattern-not,references,severity,source-url,technology",False,True,True,False,False,False,False,"$NUMCOLS,$NUMROWS,$SIZE","$NUMCOLS,$NUMROWS,$SIZE","[{""$NUMCOLS"": 2, ""$NUMROWS"": 2, ""$SIZE"": 3}]",2,False,True,True,False,False,False,"C2,C3","plain_metavar,unnamed_ellipsis"
/home/moscovin/Documents/eboss/semgrep-rules-aggregate/scrap/lambdasec-autogrep/generated_rules__c__vuln-jasper-e96fc4fd.yaml,lambdasec-autogrep,0,0,vuln-jasper-e96fc4fd,A4,Negation / Filtering,"category,cwe,id,languages,message,metadata,owasp,pattern,pattern-not,severity,source-url,technology",True,False,False,False,False,False,False,,,[],2,True,False,True,False,False,False,"C1,C3","no_metavar,unnamed_ellipsis"
/home/moscovin/Documents/eboss/semgrep-rules-aggregate/scrap/lambdasec-autogrep/generated_rules__c__vuln-jasper-f7038068.yaml,lambdasec-autogrep,0,0,vuln-jasper-f7038068,A4,Negation / Filtering,"category,cwe,id,languages,message,metadata,owasp,pattern,pattern-not,severity,source-url,technology",False,True,True,False,False,False,False,$SIZ,$SIZ,"[{""$SIZ"": 12}]",2,False,True,False,False,False,False,C2,plain_metavar
/home/moscovin/Documents/eboss/semgrep-rules-aggregate/scrap/lambdasec-autogrep/generated_rules__c__vuln-jasper-fc03b573.yaml,lambdasec-autogrep,0,0,vuln-jasper-fc03b573,A4,Negation / Filtering,"category,cwe,id,languages,message,metadata,owasp,pattern,pattern-not,severity,source-url,technology",False,True,True,False,False,False,False,"$NUMPASSES,$PASSNO,$RET","$NUMPASSES,$PASSNO,$RET","[{""$NUMPASSES"": 3, ""$PASSNO"": 3, ""$RET"": 4}]",2,False,True,False,False,False,False,C2,plain_metavar
/home/moscovin/Documents/eboss/semgrep-rules-aggregate/scrap/lambdasec-autogrep/generated_rules__c__vuln-jerryscript-1230d453.yaml,lambdasec-autogrep,0,0,vuln-jerryscript-1230d453,A4,Negation / Filtering,"category,cwe,id,languages,message,metadata,owasp,pattern,pattern-not,references,severity,source-url,technology",False,True,True,False,False,False,False,$CONTEXT_P,$CONTEXT_P,"[{""$CONTEXT_P"": 5}]",2,False,True,False,False,False,False,C2,plain_metavar
/home/moscovin/Documents/eboss/semgrep-rules-aggregate/scrap/lambdasec-autogrep/generated_rules__c__vuln-jerryscript-392ee717.yaml,lambdasec-autogrep,0,0,vuln-jerryscript-392ee717,A4,Negation / Filtering,"category,cwe,id,languages,message,metadata,owasp,pattern,pattern-not,references,severity,source-url,technology",False,True,True,False,False,False,False,"$ARGS,$FUNC,$RESULT,$VAR,$VAR1,$VAR2","$VAR,$VAR1","[{""$ARGS"": 1, ""$FUNC"": 1, ""$RESULT"": 1, ""$VAR"": 6, ""$VAR1"": 2, ""$VAR2"": 1}]",2,False,True,True,False,False,False,"C2,C3","plain_metavar,unnamed_ellipsis"
/home/moscovin/Documents/eboss/semgrep-rules-aggregate/scrap/lambdasec-autogrep/generated_rules__c__vuln-jerryscript-42523bd6.yaml,lambdasec-autogrep,0,0,vuln-jerryscript-42523bd6,A4,Negation / Filtering,"category,cwe,id,languages,message,metadata,owasp,pattern,pattern-not,severity,source-url,technology",False,True,True,False,False,False,False,"$ERROR_TYPE,$MSG","$ERROR_TYPE,$MSG","[{""$ERROR_TYPE"": 2, ""$MSG"": 2}]",2,False,True,False,False,False,False,C2,plain_metavar
/home/moscovin/Documents/eboss/semgrep-rules-aggregate/scrap/lambdasec-autogrep/generated_rules__c__vuln-jerryscript-4e8d6344.yaml,lambdasec-autogrep,0,0,vuln-jerryscript-4e8d6344,A4,Negation / Filtering,"category,cwe,id,languages,message,metadata,owasp,pattern,pattern-not,severity,source-url,technology",False,True,True,False,False,False,False,"$ARRAY,$BUFFER,$BYTE_POS,$COLLECTION,$ELEMENT_SIZE,$IDX,$LENGTH,$PASS_VALUE,$SETTER,$TARGET_BUFFER,$TARGET_BYTE_INDEX,$TARGET_INFO,$VALUE","$ARRAY,$COLLECTION,$ELEMENT_SIZE,$PASS_VALUE,$SETTER,$TARGET_BUFFER","[{""$ARRAY"": 4, ""$BUFFER"": 1, ""$BYTE_POS"": 1, ""$COLLECTION"": 3, ""$ELEMENT_SIZE"": 3, ""$IDX"": 1, ""$LENGTH"": 1, ""$PASS_VALUE"": 4, ""$SETTER"": 2, ""$TARGET_BUFFER"": 2, ""$TARGET_BYTE_INDEX"": 1, ""$TARGET_INFO"": 1, ""$VALUE"": 1}]",2,False,True,True,False,False,False,"C2,C3","plain_metavar,unnamed_ellipsis"
/home/moscovin/Documents/eboss/semgrep-rules-aggregate/scrap/lambdasec-autogrep/generated_rules__c__vuln-jerryscript-841d536f.yaml,lambdasec-autogrep,0,0,vuln-jerryscript-841d536f,A4,Negation / Filtering,"category,cwe,id,languages,message,metadata,owasp,pattern,pattern-not,severity,source-url,technology",False,True,True,False,False,False,False,"$FLAGS,$LEX_ENV,$NAME,$OBJ,$PROP_VALUE,$RESULT","$FLAGS,$LEX_ENV,$NAME,$OBJ,$PROP_VALUE,$RESULT","[{""$FLAGS"": 2, ""$LEX_ENV"": 2, ""$NAME"": 2, ""$OBJ"": 2, ""$PROP_VALUE"": 6, ""$RESULT"": 2}]",2,False,True,False,False,False,False,C2,plain_metavar
/home/moscovin/Documents/eboss/semgrep-rules-aggregate/scrap/lambdasec-autogrep/generated_rules__c__vuln-jerryscript-908240ba.yaml,lambdasec-autogrep,0,0,vuln-jerryscript-908240ba,A4,Negation / Filtering,"category,cwe,id,languages,message,metadata,owasp,pattern,pattern-not,references,severity,source-url,technology",False,True,True,False,False,False,False,"$OBJ,$PROXY_KEYS,$RETURN_KEYS","$OBJ,$PROXY_KEYS,$RETURN_KEYS","[{""$OBJ"": 2, ""$PROXY_KEYS"": 4, ""$RETURN_KEYS"": 2}]",2,False,True,True,False,False,False,"C2,C3","plain_metavar,unnamed_ellipsis"
/home/moscovin/Documents/eboss/semgrep-rules-aggregate/scrap/lambdasec-autogrep/generated_rules__c__vuln-jerryscript-d06c3a7f.yaml,lambdasec-autogrep,0,0,vuln-jerryscript-d06c3a7f,A4,Negation / Filtering,"category,cwe,id,languages,message,metadata,owasp,pattern,pattern-not,severity,source-url,technology",False,True,True,False,False,False,False,"$ARG,$FUNC,$RESULT","$ARG,$FUNC,$RESULT","[{""$ARG"": 2, ""$FUNC"": 2, ""$RESULT"": 8}]",2,False,True,True,False,False,False,"C2,C3","plain_metavar,unnamed_ellipsis"
/home/moscovin/Documents/eboss/semgrep-rules-aggregate/scrap/lambdasec-autogrep/generated_rules__c__vuln-jerryscript-da5b058d.yaml,lambdasec-autogrep,0,0,vuln-jerryscript-da5b058d,A4,Negation / Filtering,"category,cwe,id,languages,message,metadata,owasp,pattern,pattern-not,references,severity,source-url,technology",False,True,True,False,False,False,False,"$ARG_NUM,$BUILDER,$MODE,$MSG","$ARG_NUM,$BUILDER,$MODE,$MSG","[{""$ARG_NUM"": 6, ""$BUILDER"": 2, ""$MODE"": 3, ""$MSG"": 3}]",2,False,True,False,False,False,False,C2,plain_metavar
/home/moscovin/Documents/eboss/semgrep-rules-aggregate/scrap/lambdasec-autogrep/generated_rules__c__vuln-jerryscript-dbba83fe.yaml,lambdasec-autogrep,0,0,vuln-jerryscript-dbba83fe,A4,Negation / Filtering,"category,cwe,id,languages,message,metadata,owasp,pattern,pattern-not,severity,source-url,technology",False,True,True,False,False,False,False,$TYPEDARRAY,$TYPEDARRAY,"[{""$TYPEDARRAY"": 2}]",2,False,True,False,False,False,False,C2,plain_metavar
/home/moscovin/Documents/eboss/semgrep-rules-aggregate/scrap/lambdasec-autogrep/generated_rules__c__vuln-jerryscript-ee59c226.yaml,lambdasec-autogrep,0,0,vuln-jerryscript-ee59c226,A4,Negation / Filtering,"category,cwe,id,languages,message,metadata,owasp,pattern,pattern-not,severity,source-url,technology",False,True,True,False,False,False,False,"$ARG,$ARGS,$ARGS_COUNT,$PROP","$ARG,$ARGS,$ARGS_COUNT,$PROP","[{""$ARG"": 2, ""$ARGS"": 2, ""$ARGS_COUNT"": 2, ""$PROP"": 3}]",2,False,True,False,False,False,False,C2,plain_metavar
/home/moscovin/Documents/eboss/semgrep-rules-aggregate/scrap/lambdasec-autogrep/generated_rules__c__vuln-jsish-1b2a9e2f.yaml,lambdasec-autogrep,0,0,vuln-jsish-1b2a9e2f,A4,Negation / Filtering,"category,cwe,id,languages,message,metadata,owasp,pattern,pattern-not,severity,source-url,technology",False,True,True,False,False,False,False,"$INTERP,$NV,$OT,$RET,$THIS","$INTERP,$NV,$RET,$THIS","[{""$INTERP"": 3, ""$NV"": 3, ""$OT"": 1, ""$RET"": 2, ""$THIS"": 4}]",2,False,True,False,False,False,False,C2,plain_metavar
/home/moscovin/Documents/eboss/semgrep-rules-aggregate/scrap/lambdasec-autogrep/generated_rules__c__vuln-jsish-5c90ca03.yaml,lambdasec-autogrep,0,0,vuln-jsish-5c90ca03,A4,Negation / Filtering,"category,cwe,id,languages,message,metadata,owasp,pattern,pattern-not,severity,source-url,technology",False,True,True,False,False,False,False,$PV,$PV,"[{""$PV"": 7}]",2,False,True,False,False,False,False,C2,plain_metavar
/home/moscovin/Documents/eboss/semgrep-rules-aggregate/scrap/lambdasec-autogrep/generated_rules__c__vuln-jsish-619df528.yaml,lambdasec-autogrep,0,0,vuln-jsish-619df528,A4,Negation / Filtering,"category,cwe,id,languages,message,metadata,owasp,pattern,pattern-not,severity,source-url,technology",False,True,True,False,False,False,False,"$ANAM,$ARGS,$I,$J,$NAME","$ANAM,$ARGS,$I,$J,$NAME","[{""$ANAM"": 2, ""$ARGS"": 4, ""$I"": 4, ""$J"": 4, ""$NAME"": 4}]",2,False,True,True,False,False,False,"C2,C3","plain_metavar,unnamed_ellipsis"
/home/moscovin/Documents/eboss/semgrep-rules-aggregate/scrap/lambdasec-autogrep/generated_rules__c__vuln-jsish-764f8f60.yaml,lambdasec-autogrep,0,0,vuln-jsish-764f8f60,A4,Negation / Filtering,"category,cwe,id,languages,message,metadata,owasp,pattern,pattern-not,references,severity,source-url,technology",False,True,True,False,False,False,False,"$INTERP,$RC,$T,$V","$INTERP,$RC,$T,$V","[{""$INTERP"": 8, ""$RC"": 2, ""$T"": 6, ""$V"": 12}]",2,False,True,False,False,False,False,C2,plain_metavar
/home/moscovin/Documents/eboss/semgrep-rules-aggregate/scrap/lambdasec-autogrep/generated_rules__c__vuln-jsish-7df22ab2.yaml,lambdasec-autogrep,0,0,vuln-jsish-7df22ab2,A4,Negation / Filtering,"category,cwe,id,languages,message,metadata,owasp,pattern,pattern-not,severity,source-url,technology",False,True,True,False,False,False,False,"$LEN,$NSTR,$NV,$THIS","$LEN,$NSTR,$NV,$THIS","[{""$LEN"": 2, ""$NSTR"": 2, ""$NV"": 2, ""$THIS"": 2}]",2,False,True,False,False,False,False,C2,plain_metavar
/home/moscovin/Documents/eboss/semgrep-rules-aggregate/scrap/lambdasec-autogrep/generated_rules__c__vuln-jsish-9c9dbe59.yaml,lambdasec-autogrep,0,0,vuln-jsish-9c9dbe59,A4,Negation / Filtering,"category,cwe,id,languages,message,metadata,owasp,pattern,pattern-not,severity,source-url,technology",False,True,True,False,False,False,False,"$HPTR,$INTERP,$N,$OBJ,$V","$HPTR,$INTERP,$N,$OBJ,$V","[{""$HPTR"": 2, ""$INTERP"": 3, ""$N"": 4, ""$OBJ"": 4, ""$V"": 4}]",2,False,True,True,False,False,False,"C2,C3","plain_metavar,unnamed_ellipsis"
/home/moscovin/Documents/eboss/semgrep-rules-aggregate/scrap/lambdasec-autogrep/generated_rules__c__vuln-krb5-102bb6eb.yaml,lambdasec-autogrep,0,0,vuln-krb5-102bb6eb,A4,Negation / Filtering,"category,cwe,id,languages,message,metadata,owasp,pattern,pattern-not,severity,source-url,technology",False,True,True,False,False,False,False,"$VAR1,$VAR2,$VAR3","$VAR1,$VAR2,$VAR3","[{""$VAR1"": 2, ""$VAR2"": 3, ""$VAR3"": 2}]",2,False,True,True,False,False,False,"C2,C3","plain_metavar,unnamed_ellipsis"
/home/moscovin/Documents/eboss/semgrep-rules-aggregate/scrap/lambdasec-autogrep/generated_rules__c__vuln-krb5-6609658d.yaml,lambdasec-autogrep,0,0,vuln-krb5-6609658d,A4,Negation / Filtering,"category,cwe,id,languages,message,metadata,owasp,pattern,pattern-not,severity,source-url,technology",False,True,True,False,False,False,False,"$C1,$C2,$FAIL,$HANDLE,$REALM,$SUCCESS","$C1,$C2,$HANDLE,$REALM,$SUCCESS","[{""$C1"": 3, ""$C2"": 3, ""$FAIL"": 1, ""$HANDLE"": 2, ""$REALM"": 3, ""$SUCCESS"": 2}]",2,False,True,False,False,False,False,C2,plain_metavar
/home/moscovin/Documents/eboss/semgrep-rules-aggregate/scrap/lambdasec-autogrep/generated_rules__c__vuln-krb5-8096a4aa.yaml,lambdasec-autogrep,0,0,vuln-krb5-8096a4aa,A4,Negation / Filtering,"category,cwe,id,languages,message,metadata,owasp,pattern,pattern-not,severity,source-url,technology",False,True,True,False,False,False,False,"$MECHTOK_OUT,$MIC_OUT,$NEG_STATE,$OUTPUT_TOKEN,$RET,$RETURN_TOKEN,$SC,$SEND_TOKEN_INIT,$TMPRET","$MECHTOK_OUT,$MIC_OUT,$NEG_STATE,$OUTPUT_TOKEN,$RETURN_TOKEN,$SC,$SEND_TOKEN_INIT,$TMPRET","[{""$MECHTOK_OUT"": 2, ""$MIC_OUT"": 4, ""$NEG_STATE"": 2, ""$OUTPUT_TOKEN"": 4, ""$RET"": 1, ""$RETURN_TOKEN"": 9, ""$SC"": 6, ""$SEND_TOKEN_INIT"": 2, ""$TMPRET"": 5}]",2,False,True,True,False,False,False,"C2,C3","plain_metavar,unnamed_ellipsis"
/home/moscovin/Documents/eboss/semgrep-rules-aggregate/scrap/lambdasec-autogrep/generated_rules__c__vuln-krb5-93b4a630.yaml,lambdasec-autogrep,0,0,vuln-krb5-93b4a630,A4,Negation / Filtering,"category,cwe,id,languages,message,metadata,owasp,pattern,pattern-not,severity,source-url,technology",False,True,True,False,False,False,False,"$CLIENT,$REALM,$SERVER","$CLIENT,$REALM,$SERVER","[{""$CLIENT"": 2, ""$REALM"": 2, ""$SERVER"": 2}]",2,False,True,True,False,False,False,"C2,C3","plain_metavar,unnamed_ellipsis"
/home/moscovin/Documents/eboss/semgrep-rules-aggregate/scrap/lambdasec-autogrep/generated_rules__c__vuln-krb5-d68398e1.yaml,lambdasec-autogrep,0,0,vuln-krb5-d68398e1,A4,Negation / Filtering,"category,cwe,id,languages,message,metadata,owasp,pattern,pattern-not,severity,source-url,technology",False,True,True,False,False,False,False,"$ASN1_OVERRUN,$BUF,$SUBBUF","$ASN1_OVERRUN,$BUF","[{""$ASN1_OVERRUN"": 2, ""$BUF"": 3, ""$SUBBUF"": 1}]",2,False,True,False,False,False,False,C2,plain_metavar
/home/moscovin/Documents/eboss/semgrep-rules-aggregate/scrap/lambdasec-autogrep/generated_rules__c__vuln-krb5-e6ae703a.yaml,lambdasec-autogrep,0,0,vuln-krb5-e6ae703a,A4,Negation / Filtering,"category,cwe,id,languages,message,metadata,owasp,pattern,pattern-not,references,severity,source-url,technology",False,True,True,False,False,False,False,"$HEADER,$TOKEN_WRAPPER_LEN","$HEADER,$TOKEN_WRAPPER_LEN","[{""$HEADER"": 2, ""$TOKEN_WRAPPER_LEN"": 2}]",2,False,True,True,False,False,False,"C2,C3","plain_metavar,unnamed_ellipsis"
/home/moscovin/Documents/eboss/semgrep-rules-aggregate/scrap/lambdasec-autogrep/generated_rules__c__vuln-krb5-ef08b09c.yaml,lambdasec-autogrep,0,0,vuln-krb5-ef08b09c,A4,Negation / Filtering,"category,cwe,id,languages,message,metadata,owasp,pattern,pattern-not,severity,source-url,technology",False,True,True,False,False,False,False,"$N,$OBJP,$R,$XDRS,$XDR_FUNC","$N,$OBJP,$R,$XDRS,$XDR_FUNC","[{""$N"": 3, ""$OBJP"": 4, ""$R"": 2, ""$XDRS"": 2, ""$XDR_FUNC"": 2}]",2,False,True,True,False,False,False,"C2,C3","plain_metavar,unnamed_ellipsis"
/home/moscovin/Documents/eboss/semgrep-rules-aggregate/scrap/lambdasec-autogrep/generated_rules__c__vuln-krb5-f0c094a1.yaml,lambdasec-autogrep,0,0,vuln-krb5-f0c094a1,A4,Negation / Filtering,"category,cwe,id,languages,message,metadata,owasp,pattern,pattern-not,severity,source-url,technology",False,True,True,False,False,False,False,"$R,$REALM,$RETVAL,$RLEN","$R,$REALM,$RETVAL","[{""$R"": 3, ""$REALM"": 2, ""$RETVAL"": 4, ""$RLEN"": 1}]",2,False,True,False,False,False,False,C2,plain_metavar
/home/moscovin/Documents/eboss/semgrep-rules-aggregate/scrap/lambdasec-autogrep/generated_rules__c__vuln-krb5-f18ddf5d.yaml,lambdasec-autogrep,0,0,vuln-krb5-f18ddf5d,A4,Negation / Filtering,"category,cwe,id,languages,message,metadata,owasp,pattern,pattern-not,severity,source-url,technology",False,True,True,False,False,False,False,"$SC,$TMPMIN,$VAR",$SC,"[{""$SC"": 2, ""$TMPMIN"": 1, ""$VAR"": 1}]",2,False,True,False,False,False,False,C2,plain_metavar
/home/moscovin/Documents/eboss/semgrep-rules-aggregate/scrap/lambdasec-autogrep/generated_rules__c__vuln-leptonica-b88c821f.yaml,lambdasec-autogrep,0,0,vuln-leptonica-b88c821f,A4,Negation / Filtering,"category,cwe,id,languages,message,metadata,owasp,pattern,pattern-not,severity,source-url,technology",False,True,True,False,False,False,False,"$BOXA,$H,$NAI,$PIX,$W,$X,$Y","$BOXA,$H,$NAI,$PIX,$W,$X,$Y","[{""$BOXA"": 2, ""$H"": 2, ""$NAI"": 2, ""$PIX"": 2, ""$W"": 2, ""$X"": 2, ""$Y"": 2}]",2,False,True,False,False,False,False,C2,plain_metavar
/home/moscovin/Documents/eboss/semgrep-rules-aggregate/scrap/lambdasec-autogrep/generated_rules__c__vuln-less-a78e1351.yaml,lambdasec-autogrep,0,0,vuln-less-a78e1351,A4,Negation / Filtering,"category,cwe,id,languages,message,metadata,owasp,pattern,pattern-not,severity,source-url,technology",False,True,True,False,False,False,False,"$ANSI_END,$ANSI_ERR,$CH,$VAR","$ANSI_END,$CH,$VAR","[{""$ANSI_END"": 2, ""$ANSI_ERR"": 1, ""$CH"": 2, ""$VAR"": 2}]",2,False,True,False,False,False,False,C2,plain_metavar
/home/moscovin/Documents/eboss/semgrep-rules-aggregate/scrap/lambdasec-autogrep/generated_rules__c__vuln-libarchive-05a875fd.yaml,lambdasec-autogrep,0,0,vuln-libarchive-05a875fd,A4,Negation / Filtering,"category,cwe,id,languages,message,metadata,owasp,pattern,pattern-not,severity,source-url,technology",False,True,True,False,False,False,False,"$FLAG_WNAME,$START","$FLAG_WNAME,$START","[{""$FLAG_WNAME"": 2, ""$START"": 2}]",2,False,True,True,False,False,False,"C2,C3","plain_metavar,unnamed_ellipsis"
/home/moscovin/Documents/eboss/semgrep-rules-aggregate/scrap/lambdasec-autogrep/generated_rules__c__vuln-libav-fb147308.yaml,lambdasec-autogrep,0,0,vuln-libav-fb147308,A4,Negation / Filtering,"category,cwe,id,languages,message,metadata,owasp,pattern,pattern-not,severity,source-url,technology",False,True,True,False,False,False,False,$VAR,$VAR,"[{""$VAR"": 2}]",2,False,True,False,False,False,False,C2,plain_metavar
/home/moscovin/Documents/eboss/semgrep-rules-aggregate/scrap/lambdasec-autogrep/generated_rules__c__vuln-libdwarf-code-2d14a779.yaml,lambdasec-autogrep,0,0,vuln-libdwarf-code-2d14a779,A4,Negation / Filtering,"category,cwe,id,languages,message,metadata,owasp,pattern,pattern-not,severity,source-url,technology",False,True,True,False,False,False,False,"$DBG,$ERRCODE,$ERROR,$SECBEGIN,$SECEND,$STRBEGIN","$DBG,$ERROR,$SECBEGIN,$SECEND,$STRBEGIN","[{""$DBG"": 2, ""$ERRCODE"": 1, ""$ERROR"": 2, ""$SECBEGIN"": 2, ""$SECEND"": 2, ""$STRBEGIN"": 2}]",2,False,True,False,False,False,False,C2,plain_metavar
/home/moscovin/Documents/eboss/semgrep-rules-aggregate/scrap/lambdasec-autogrep/generated_rules__c__vuln-libdwarf-code-3767305d.yaml,lambdasec-autogrep,0,0,vuln-libdwarf-code-3767305d,A4,Negation / Filtering,"category,cwe,id,languages,message,metadata,owasp,pattern,pattern-not,severity,source-url,technology",False,True,True,False,False,False,False,"$BASE,$DBG,$DW_DLE_DEBUG_RANGES_OFFSET_BAD,$DW_DLV_ERROR,$DW_DLV_NO_ENTRY,$ERROR,$RANGEPTR,$RE,$SECTION_END","$RANGEPTR,$RE,$SECTION_END","[{""$BASE"": 1, ""$DBG"": 1, ""$DW_DLE_DEBUG_RANGES_OFFSET_BAD"": 1, ""$DW_DLV_ERROR"": 1, ""$DW_DLV_NO_ENTRY"": 1, ""$ERROR"": 1, ""$RANGEPTR"": 3, ""$RE"": 3, ""$SECTION_END"": 3}]",2,False,True,True,False,False,False,"C2,C3","plain_metavar,unnamed_ellipsis"
/home/moscovin/Documents/eboss/semgrep-rules-aggregate/scrap/lambdasec-autogrep/generated_rules__c__vuln-libdwarf-code-4f19e105.yaml,lambdasec-autogrep,0,0,vuln-libdwarf-code-4f19e105,A4,Negation / Filtering,"category,cwe,id,languages,message,metadata,pattern,pattern-not,severity,source-url,technology",False,True,True,False,False,False,False,"$NUMBER,$SHIFT,$SIGN","$NUMBER,$SHIFT,$SIGN","[{""$NUMBER"": 3, ""$SHIFT"": 6, ""$SIGN"": 2}]",2,False,True,False,False,False,False,C2,plain_metavar
/home/moscovin/Documents/eboss/semgrep-rules-aggregate/scrap/lambdasec-autogrep/generated_rules__c__vuln-libdwarf-code-9565964f.yaml,lambdasec-autogrep,0,0,vuln-libdwarf-code-9565964f,A4,Negation / Filtering,"category,cwe,id,languages,message,metadata,owasp,pattern,pattern-not,severity,source-url,technology",False,True,True,False,False,False,False,"$DATA,$FUNC,$LEN,$VAR","$DATA,$FUNC,$LEN,$VAR","[{""$DATA"": 2, ""$FUNC"": 2, ""$LEN"": 5, ""$VAR"": 6}]",2,False,True,False,False,False,False,C2,plain_metavar
/home/moscovin/Documents/eboss/semgrep-rules-aggregate/scrap/lambdasec-autogrep/generated_rules__c__vuln-libdwarf-code-98a3da1e.yaml,lambdasec-autogrep,0,0,vuln-libdwarf-code-98a3da1e,A4,Negation / Filtering,"category,cwe,id,languages,message,metadata,owasp,pattern,pattern-not,references,severity,source-url,technology",True,False,False,False,False,False,False,,,[],2,True,False,False,False,False,False,C1,no_metavar
/home/moscovin/Documents/eboss/semgrep-rules-aggregate/scrap/lambdasec-autogrep/generated_rules__c__vuln-libdwarf-code-da724a0b.yaml,lambdasec-autogrep,0,0,vuln-libdwarf-code-da724a0b,A4,Negation / Filtering,"category,cwe,id,languages,message,metadata,pattern,pattern-not,severity,source-url,technology",False,True,True,False,False,False,False,"$CODE,$CONTEXT,$ERROR,$LIST,$RES","$CODE,$CONTEXT,$LIST,$RES","[{""$CODE"": 2, ""$CONTEXT"": 2, ""$ERROR"": 1, ""$LIST"": 3, ""$RES"": 2}]",2,False,True,True,False,False,False,"C2,C3","plain_metavar,unnamed_ellipsis"
/home/moscovin/Documents/eboss/semgrep-rules-aggregate/scrap/lambdasec-autogrep/generated_rules__c__vuln-libexif-435e21f0.yaml,lambdasec-autogrep,0,0,vuln-libexif-435e21f0,A4,Negation / Filtering,"category,cwe,id,languages,message,metadata,owasp,pattern,pattern-not,severity,source-url,technology",False,True,True,False,False,False,False,"$BUF_SIZE,$OFFSET,$SIZE","$BUF_SIZE,$OFFSET,$SIZE","[{""$BUF_SIZE"": 2, ""$OFFSET"": 5, ""$SIZE"": 5}]",2,False,True,True,False,False,False,"C2,C3","plain_metavar,unnamed_ellipsis"
/home/moscovin/Documents/eboss/semgrep-rules-aggregate/scrap/lambdasec-autogrep/generated_rules__c__vuln-libexif-6aa11df5.yaml,lambdasec-autogrep,0,0,vuln-libexif-6aa11df5,A4,Negation / Filtering,"category,cwe,id,languages,message,metadata,owasp,pattern,pattern-not,references,severity,source-url,technology",False,True,True,False,False,False,False,"$D,$DATA,$DS,$IFD,$N,$O,$RECURSION_COST,$RECURSION_DEPTH","$D,$DATA,$DS,$IFD,$O","[{""$D"": 2, ""$DATA"": 2, ""$DS"": 2, ""$IFD"": 2, ""$N"": 1, ""$O"": 2, ""$RECURSION_COST"": 1, ""$RECURSION_DEPTH"": 1}]",2,False,True,False,False,False,False,C2,plain_metavar
/home/moscovin/Documents/eboss/semgrep-rules-aggregate/scrap/lambdasec-autogrep/generated_rules__c__vuln-libexif-f5e7294a.yaml,lambdasec-autogrep,0,0,vuln-libexif-f5e7294a,A4,Negation / Filtering,"category,cwe,id,languages,message,metadata,owasp,pattern,pattern-not,references,severity,source-url,technology",False,True,True,False,False,False,False,"$DATA,$MAXLEN,$MEM,$SIZE,$UTF16,$VAL","$DATA,$MAXLEN,$MEM,$SIZE,$UTF16,$VAL","[{""$DATA"": 2, ""$MAXLEN"": 2, ""$MEM"": 2, ""$SIZE"": 6, ""$UTF16"": 6, ""$VAL"": 2}]",2,False,True,False,False,False,False,C2,plain_metavar
/home/moscovin/Documents/eboss/semgrep-rules-aggregate/scrap/lambdasec-autogrep/generated_rules__c__vuln-libgcrypt-db4e9976.yaml,lambdasec-autogrep,0,0,vuln-libgcrypt-db4e9976,A4,Negation / Filtering,"category,cwe,id,languages,message,metadata,owasp,pattern,pattern-not,severity,source-url,technology",False,True,True,False,False,False,False,"$K,$Q,$QBITS","$K,$Q,$QBITS","[{""$K"": 6, ""$Q"": 3, ""$QBITS"": 2}]",2,False,True,False,False,False,False,C2,plain_metavar
/home/moscovin/Documents/eboss/semgrep-rules-aggregate/scrap/lambdasec-autogrep/generated_rules__c__vuln-libgd-e13a342c.yaml,lambdasec-autogrep,0,0,vuln-libgd-e13a342c,A4,Negation / Filtering,"category,cwe,id,languages,message,metadata,owasp,pattern,pattern-not,references,severity,source-url,technology",False,True,True,False,False,False,False,"$B,$H","$B,$H","[{""$B"": 2, ""$H"": 2}]",2,False,True,True,False,False,False,"C2,C3","plain_metavar,unnamed_ellipsis"
/home/moscovin/Documents/eboss/semgrep-rules-aggregate/scrap/lambdasec-autogrep/generated_rules__c__vuln-libgxps-9d5d2920.yaml,lambdasec-autogrep,0,0,vuln-libgxps-9d5d2920,A4,Negation / Filtering,"category,cwe,id,languages,message,metadata,owasp,pattern,pattern-not,severity,source-url,technology",False,True,True,False,False,False,False,"$ENTRY,$PATHNAME,$VAR","$ENTRY,$PATHNAME,$VAR","[{""$ENTRY"": 2, ""$PATHNAME"": 3, ""$VAR"": 2}]",2,False,True,False,False,False,False,C2,plain_metavar
/home/moscovin/Documents/eboss/semgrep-rules-aggregate/scrap/lambdasec-autogrep/generated_rules__c__vuln-libical-6b9438d7.yaml,lambdasec-autogrep,0,0,vuln-libical-6b9438d7,A4,Negation / Filtering,"category,cwe,id,languages,message,metadata,owasp,pattern,pattern-not,references,severity,source-url,technology",False,True,True,False,False,False,False,"$EXPR,$FIELD,$OFFSET,$STRUCT","$EXPR,$FIELD,$OFFSET,$STRUCT","[{""$EXPR"": 2, ""$FIELD"": 2, ""$OFFSET"": 2, ""$STRUCT"": 2}]",2,False,True,False,False,False,False,C2,plain_metavar
/home/moscovin/Documents/eboss/semgrep-rules-aggregate/scrap/lambdasec-autogrep/generated_rules__c__vuln-libical-830d9530.yaml,lambdasec-autogrep,0,0,vuln-libical-830d9530,A4,Negation / Filtering,"category,cwe,id,languages,message,metadata,owasp,pattern,pattern-not,severity,source-url,technology",False,True,True,False,False,False,False,"$C,$STR",$C,"[{""$C"": 2, ""$STR"": 1}]",2,True,True,True,False,False,False,"C1,C2,C3","no_metavar,plain_metavar,unnamed_ellipsis"
/home/moscovin/Documents/eboss/semgrep-rules-aggregate/scrap/lambdasec-autogrep/generated_rules__c__vuln-libming-0aab70a3.yaml,lambdasec-autogrep,0,0,vuln-libming-0aab70a3,A4,Negation / Filtering,"category,cwe,id,languages,message,metadata,owasp,pattern,pattern-not,references,severity,source-url,technology",False,True,True,False,False,False,False,"$ACT,$T","$ACT,$T","[{""$ACT"": 4, ""$T"": 3}]",2,False,True,False,False,False,False,C2,plain_metavar
/home/moscovin/Documents/eboss/semgrep-rules-aggregate/scrap/lambdasec-autogrep/generated_rules__c__vuln-libming-1d698a4b.yaml,lambdasec-autogrep,0,0,vuln-libming-1d698a4b,A4,Negation / Filtering,"category,cwe,id,languages,message,metadata,owasp,pattern,pattern-not,severity,source-url,technology",False,True,True,False,False,False,False,"$VAR,$VAR2",$VAR,"[{""$VAR"": 4, ""$VAR2"": 1}]",2,False,True,False,False,False,False,C2,plain_metavar
/home/moscovin/Documents/eboss/semgrep-rules-aggregate/scrap/lambdasec-autogrep/generated_rules__c__vuln-libming-3120f1cd.yaml,lambdasec-autogrep,0,0,vuln-libming-3120f1cd,A4,Negation / Filtering,"category,cwe,id,languages,message,metadata,owasp,pattern,pattern-not,references,severity,source-url,technology",False,True,True,False,False,False,False,"$I,$OFF,$TREC","$I,$OFF,$TREC","[{""$I"": 2, ""$OFF"": 2, ""$TREC"": 2}]",2,False,True,False,False,False,False,C2,plain_metavar
/home/moscovin/Documents/eboss/semgrep-rules-aggregate/scrap/lambdasec-autogrep/generated_rules__c__vuln-libming-80ebea95.yaml,lambdasec-autogrep,0,0,vuln-libming-80ebea95,A4,Negation / Filtering,"category,cwe,id,languages,message,metadata,owasp,pattern,pattern-not,references,severity,source-url,technology",False,True,True,False,False,False,False,"$TYPE,$VAR",$TYPE,"[{""$TYPE"": 2, ""$VAR"": 1}]",2,False,True,False,False,False,False,C2,plain_metavar
/home/moscovin/Documents/eboss/semgrep-rules-aggregate/scrap/lambdasec-autogrep/generated_rules__c__vuln-libming-8dd118ea.yaml,lambdasec-autogrep,0,0,vuln-libming-8dd118ea,A4,Negation / Filtering,"category,cwe,id,languages,message,metadata,owasp,pattern,pattern-not,references,severity,source-url,technology",False,True,True,False,False,False,False,"$N,$T,$VAR","$N,$T,$VAR","[{""$N"": 2, ""$T"": 7, ""$VAR"": 5}]",2,False,True,False,False,False,False,C2,plain_metavar
/home/moscovin/Documents/eboss/semgrep-rules-aggregate/scrap/lambdasec-autogrep/generated_rules__c__vuln-libming-cff9a3bd.yaml,lambdasec-autogrep,0,0,vuln-libming-cff9a3bd,A4,Negation / Filtering,"category,cwe,id,languages,message,metadata,owasp,pattern,pattern-not,severity,source-url,technology",False,True,True,False,False,False,False,"$I,$N","$I,$N","[{""$I"": 6, ""$N"": 2}]",2,False,True,True,False,False,False,"C2,C3","plain_metavar,unnamed_ellipsis"
/home/moscovin/Documents/eboss/semgrep-rules-aggregate/scrap/lambdasec-autogrep/generated_rules__c__vuln-libming-f42fdb48.yaml,lambdasec-autogrep,0,0,vuln-libming-f42fdb48,A4,Negation / Filtering,"category,cwe,id,languages,message,metadata,owasp,pattern,pattern-not,severity,source-url,technology",False,True,True,False,False,False,False,"$ACTIONS,$FALSE,$FIELD,$FUNC,$INDEX,$MAX,$OFFSET,$RECORD,$TRUE,$VALUE,$VAR","$ACTIONS,$FALSE,$INDEX,$OFFSET,$TRUE,$VALUE,$VAR","[{""$ACTIONS"": 2, ""$FALSE"": 2, ""$FIELD"": 1, ""$FUNC"": 1, ""$INDEX"": 2, ""$MAX"": 1, ""$OFFSET"": 2, ""$RECORD"": 1, ""$TRUE"": 2, ""$VALUE"": 2, ""$VAR"": 2}]",2,False,True,False,False,False,False,C2,plain_metavar
/home/moscovin/Documents/eboss/semgrep-rules-aggregate/scrap/lambdasec-autogrep/generated_rules__c__vuln-libmspack-18b6a2cc.yaml,lambdasec-autogrep,0,0,vuln-libmspack-18b6a2cc,A4,Negation / Filtering,"category,cwe,id,languages,message,metadata,owasp,pattern,pattern-not,severity,source-url,technology",False,True,False,False,False,False,False,$VAR,,"[{""$VAR"": 1}]",2,True,True,False,False,False,False,"C1,C2","no_metavar,plain_metavar"
/home/moscovin/Documents/eboss/semgrep-rules-aggregate/scrap/lambdasec-autogrep/generated_rules__c__vuln-libmysofa-9be98885.yaml,lambdasec-autogrep,0,0,vuln-libmysofa-9be98885,A4,Negation / Filtering,"category,cwe,id,languages,message,metadata,owasp,pattern,pattern-not,severity,source-url,technology",False,True,True,False,False,False,False,$VAR,$VAR,"[{""$VAR"": 3}]",2,False,True,False,False,False,False,C2,plain_metavar
/home/moscovin/Documents/eboss/semgrep-rules-aggregate/scrap/lambdasec-autogrep/generated_rules__c__vuln-libredwg-3d7053eb.yaml,lambdasec-autogrep,0,0,vuln-libredwg-3d7053eb,A4,Negation / Filtering,"category,cwe,id,languages,message,metadata,owasp,pattern,pattern-not,severity,source-url,technology",False,True,True,False,False,False,False,"$DAT,$DWG,$FUNC,$OBJ,$TYPE,$VAR","$DAT,$DWG,$FUNC,$OBJ,$VAR","[{""$DAT"": 2, ""$DWG"": 4, ""$FUNC"": 2, ""$OBJ"": 5, ""$TYPE"": 1, ""$VAR"": 2}]",2,False,True,False,False,False,False,C2,plain_metavar
/home/moscovin/Documents/eboss/semgrep-rules-aggregate/scrap/lambdasec-autogrep/generated_rules__c__vuln-libredwg-66a3484b.yaml,lambdasec-autogrep,0,0,vuln-libredwg-66a3484b,A4,Negation / Filtering,"category,cwe,id,languages,message,metadata,owasp,pattern,pattern-not,severity,source-url,technology",False,True,True,False,False,False,False,"$OBJ,$OLD_BYTE,$OLD_SIZE,$STR","$OBJ,$STR","[{""$OBJ"": 5, ""$OLD_BYTE"": 1, ""$OLD_SIZE"": 1, ""$STR"": 2}]",2,True,True,False,False,False,False,"C1,C2","no_metavar,plain_metavar"
/home/moscovin/Documents/eboss/semgrep-rules-aggregate/scrap/lambdasec-autogrep/generated_rules__c__vuln-libredwg-757b87f2.yaml,lambdasec-autogrep,0,0,vuln-libredwg-757b87f2,A4,Negation / Filtering,"category,cwe,id,languages,message,metadata,owasp,pattern,pattern-not,references,severity,source-url,technology",False,True,True,False,False,False,False,"$ERROR,$HDR",$HDR,"[{""$ERROR"": 1, ""$HDR"": 2}]",2,False,True,True,False,False,False,"C2,C3","plain_metavar,unnamed_ellipsis"
/home/moscovin/Documents/eboss/semgrep-rules-aggregate/scrap/lambdasec-autogrep/generated_rules__c__vuln-libreswan-d64ec242.yaml,lambdasec-autogrep,0,0,vuln-libreswan-d64ec242,A4,Negation / Filtering,"category,cwe,id,languages,message,metadata,owasp,pattern,pattern-not,severity,source-url,technology",False,True,True,False,False,False,False,"$LEMPTY,$NAT_T_WITH_RFC_VALUES,$ST","$LEMPTY,$NAT_T_WITH_RFC_VALUES,$ST","[{""$LEMPTY"": 2, ""$NAT_T_WITH_RFC_VALUES"": 2, ""$ST"": 3}]",2,False,True,True,False,False,False,"C2,C3","plain_metavar,unnamed_ellipsis"
/home/moscovin/Documents/eboss/semgrep-rules-aggregate/scrap/lambdasec-autogrep/generated_rules__c__vuln-libreswan-dcd6050a.yaml,lambdasec-autogrep,0,0,vuln-libreswan-dcd6050a,A4,Negation / Filtering,"category,cwe,id,languages,message,metadata,owasp,pattern,pattern-not,references,severity,source-url,technology",False,True,True,False,False,False,False,"$LOCAL_TRANSFORMS,$LOCAL_TRANSFORM_TYPE_PRESENT,$MATCHING_LOCAL_PROPOSAL,$REMOTE_TRANSFORM_TYPE_MATCHED,$REMOTE_TRANSFORM_TYPE_PRESENT,$TRANSFORM_TYPES_FOUND,$TYPE,$TYPE_MATCHED,$TYPE_PROPOSED","$LOCAL_TRANSFORM_TYPE_PRESENT,$MATCHING_LOCAL_PROPOSAL,$REMOTE_TRANSFORM_TYPE_MATCHED,$REMOTE_TRANSFORM_TYPE_PRESENT,$TRANSFORM_TYPES_FOUND,$TYPE,$TYPE_MATCHED,$TYPE_PROPOSED","[{""$LOCAL_TRANSFORMS"": 1, ""$LOCAL_TRANSFORM_TYPE_PRESENT"": 3, ""$MATCHING_LOCAL_PROPOSAL"": 2, ""$REMOTE_TRANSFORM_TYPE_MATCHED"": 2, ""$REMOTE_TRANSFORM_TYPE_PRESENT"": 2, ""$TRANSFORM_TYPES_FOUND"": 2, ""$TYPE"": 4, ""$TYPE_MATCHED"": 2, ""$TYPE_PROPOSED"": 2}]",2,False,True,True,False,False,False,"C2,C3","plain_metavar,unnamed_ellipsis"
/home/moscovin/Documents/eboss/semgrep-rules-aggregate/scrap/lambdasec-autogrep/generated_rules__c__vuln-libreswan-f32feb1d.yaml,lambdasec-autogrep,0,0,vuln-libreswan-f32feb1d,A4,Negation / Filtering,"category,cwe,id,languages,message,metadata,owasp,pattern,pattern-not,references,severity,source-url,technology",False,True,True,False,False,False,False,$IKE,$IKE,"[{""$IKE"": 2}]",2,False,True,False,False,False,False,C2,plain_metavar
/home/moscovin/Documents/eboss/semgrep-rules-aggregate/scrap/lambdasec-autogrep/generated_rules__c__vuln-librsvg-34c95743.yaml,lambdasec-autogrep,0,0,vuln-librsvg-34c95743,A4,Negation / Filtering,"category,cwe,id,languages,message,metadata,owasp,pattern,pattern-not,severity,source-url,technology",False,True,True,False,False,False,False,"$TYPE,$VAR",$VAR,"[{""$TYPE"": 1, ""$VAR"": 2}]",2,False,True,False,False,False,False,C2,plain_metavar
/home/moscovin/Documents/eboss/semgrep-rules-aggregate/scrap/lambdasec-autogrep/generated_rules__c__vuln-librsvg-40af93e6.yaml,lambdasec-autogrep,0,0,vuln-librsvg-40af93e6,A4,Negation / Filtering,"category,cwe,id,languages,message,metadata,owasp,pattern,pattern-not,severity,source-url,technology",False,True,True,False,False,False,False,"$BUF,$D,$I,$P","$BUF,$D,$I,$P","[{""$BUF"": 4, ""$D"": 2, ""$I"": 4, ""$P"": 3}]",2,False,True,False,False,False,False,C2,plain_metavar
/home/moscovin/Documents/eboss/semgrep-rules-aggregate/scrap/lambdasec-autogrep/generated_rules__c__vuln-librsvg-c6ddf2ed.yaml,lambdasec-autogrep,0,0,vuln-librsvg-c6ddf2ed,A4,Negation / Filtering,"category,cwe,id,languages,message,metadata,owasp,pattern,pattern-not,severity,source-url,technology",False,True,True,False,False,False,False,"$BASE_URI,$DEFS,$FILENAME,$HANDLE,$NAME,$URI","$BASE_URI,$DEFS,$FILENAME,$HANDLE,$NAME,$URI","[{""$BASE_URI"": 4, ""$DEFS"": 5, ""$FILENAME"": 4, ""$HANDLE"": 5, ""$NAME"": 3, ""$URI"": 3}]",2,False,True,True,False,False,False,"C2,C3","plain_metavar,unnamed_ellipsis"
/home/moscovin/Documents/eboss/semgrep-rules-aggregate/scrap/lambdasec-autogrep/generated_rules__c__vuln-librsvg-f01aded7.yaml,lambdasec-autogrep,0,0,vuln-librsvg-f01aded7,A4,Negation / Filtering,"category,cwe,id,languages,message,metadata,owasp,pattern,pattern-not,references,severity,source-url,technology",False,True,True,False,False,False,False,"$FILE,$HANDLE,$URI","$FILE,$HANDLE,$URI","[{""$FILE"": 3, ""$HANDLE"": 4, ""$URI"": 5}]",2,False,True,False,False,False,False,C2,plain_metavar
/home/moscovin/Documents/eboss/semgrep-rules-aggregate/scrap/lambdasec-autogrep/generated_rules__c__vuln-libsixel-1377517a.yaml,lambdasec-autogrep,0,0,vuln-libsixel-1377517a,A4,Negation / Filtering,"category,cwe,id,languages,message,metadata,owasp,pattern,pattern-not,references,severity,source-url,technology",False,True,True,False,False,False,False,"$CONTEXT,$END,$P,$STATUS","$CONTEXT,$P,$STATUS","[{""$CONTEXT"": 3, ""$END"": 1, ""$P"": 2, ""$STATUS"": 2}]",2,False,True,False,False,False,False,C2,plain_metavar
/home/moscovin/Documents/eboss/semgrep-rules-aggregate/scrap/lambdasec-autogrep/generated_rules__c__vuln-libsixel-598c8c88.yaml,lambdasec-autogrep,0,0,vuln-libsixel-598c8c88,A4,Negation / Filtering,"category,cwe,id,languages,message,metadata,owasp,pattern,pattern-not,severity,source-url,technology",False,True,True,False,False,False,False,"$CODE,$G","$CODE,$G","[{""$CODE"": 2, ""$G"": 10}]",2,False,True,False,False,False,False,C2,plain_metavar
/home/moscovin/Documents/eboss/semgrep-rules-aggregate/scrap/lambdasec-autogrep/generated_rules__c__vuln-libsixel-9d0a7ff4.yaml,lambdasec-autogrep,0,0,vuln-libsixel-9d0a7ff4,A4,Negation / Filtering,"category,cwe,id,languages,message,metadata,owasp,pattern,pattern-not,references,severity,source-url,technology",False,True,True,False,False,False,False,"$DIRTY,$HEIGHT,$MOD_Y,$Y","$DIRTY,$MOD_Y","[{""$DIRTY"": 2, ""$HEIGHT"": 1, ""$MOD_Y"": 2, ""$Y"": 1}]",2,False,True,True,False,False,False,"C2,C3","plain_metavar,unnamed_ellipsis"
/home/moscovin/Documents/eboss/semgrep-rules-aggregate/scrap/lambdasec-autogrep/generated_rules__c__vuln-libsixel-fb329124.yaml,lambdasec-autogrep,0,0,vuln-libsixel-fb329124,A4,Negation / Filtering,"category,cwe,id,languages,message,metadata,owasp,pattern,pattern-not,severity,source-url,technology",False,True,True,False,False,False,False,"$AREA,$DATA,$DENOMINATOR,$DEPTH,$ERROR,$NUMERATOR,$POS,$WIDTH,$X,$Y","$DATA,$DENOMINATOR,$DEPTH,$ERROR,$NUMERATOR,$POS,$WIDTH,$X,$Y","[{""$AREA"": 1, ""$DATA"": 2, ""$DENOMINATOR"": 2, ""$DEPTH"": 2, ""$ERROR"": 2, ""$NUMERATOR"": 2, ""$POS"": 2, ""$WIDTH"": 2, ""$X"": 2, ""$Y"": 2}]",2,False,True,False,False,False,False,C2,plain_metavar
/home/moscovin/Documents/eboss/semgrep-rules-aggregate/scrap/lambdasec-autogrep/generated_rules__c__vuln-libsndfile-2ccb23fe.yaml,lambdasec-autogrep,0,0,vuln-libsndfile-2ccb23fe,A4,Negation / Filtering,"category,cwe,id,languages,message,metadata,owasp,pattern,pattern-not,references,severity,source-url,technology",False,True,True,False,False,False,False,"$CHANNELS,$INFILE,$NORMALIZE,$OUTFILE","$CHANNELS,$INFILE,$NORMALIZE,$OUTFILE","[{""$CHANNELS"": 2, ""$INFILE"": 2, ""$NORMALIZE"": 2, ""$OUTFILE"": 2}]",2,False,True,True,False,False,False,"C2,C3","plain_metavar,unnamed_ellipsis"
/home/moscovin/Documents/eboss/semgrep-rules-aggregate/scrap/lambdasec-autogrep/generated_rules__c__vuln-libsndfile-60b23430.yaml,lambdasec-autogrep,0,0,vuln-libsndfile-60b23430,A4,Negation / Filtering,"category,cwe,id,languages,message,metadata,owasp,pattern,pattern-not,references,severity,source-url,technology",False,True,True,False,False,False,False,"$FSD,$STATE","$FSD,$STATE","[{""$FSD"": 2, ""$STATE"": 2}]",2,False,True,True,False,False,False,"C2,C3","plain_metavar,unnamed_ellipsis"
/home/moscovin/Documents/eboss/semgrep-rules-aggregate/scrap/lambdasec-autogrep/generated_rules__c__vuln-libsndfile-6d7ce94c.yaml,lambdasec-autogrep,0,0,vuln-libsndfile-6d7ce94c,A4,Negation / Filtering,"category,cwe,id,languages,message,metadata,owasp,pattern,pattern-not,severity,source-url,technology",False,True,True,False,False,False,False,"$MASK,$VAR",$VAR,"[{""$MASK"": 1, ""$VAR"": 5}]",2,False,True,False,False,False,False,C2,plain_metavar
/home/moscovin/Documents/eboss/semgrep-rules-aggregate/scrap/lambdasec-autogrep/generated_rules__c__vuln-libsndfile-708e996c.yaml,lambdasec-autogrep,0,0,vuln-libsndfile-708e996c,A4,Negation / Filtering,"category,cwe,id,languages,message,metadata,owasp,pattern,pattern-not,references,severity,source-url,technology",False,True,True,False,False,False,False,"$PSF,$RESULT,$SIZE,$X","$PSF,$SIZE,$X","[{""$PSF"": 9, ""$RESULT"": 1, ""$SIZE"": 3, ""$X"": 2}]",2,False,True,True,False,False,False,"C2,C3","plain_metavar,unnamed_ellipsis"
/home/moscovin/Documents/eboss/semgrep-rules-aggregate/scrap/lambdasec-autogrep/generated_rules__c__vuln-libsndfile-71565532.yaml,lambdasec-autogrep,0,0,vuln-libsndfile-71565532,A4,Negation / Filtering,"category,cwe,id,languages,message,metadata,pattern,pattern-not,severity,source-url,technology",False,True,True,False,False,False,False,"$EXPR1,$EXPR2,$VAR","$EXPR1,$EXPR2,$VAR","[{""$EXPR1"": 2, ""$EXPR2"": 2, ""$VAR"": 4}]",2,False,True,True,False,False,False,"C2,C3","plain_metavar,unnamed_ellipsis"
/home/moscovin/Documents/eboss/semgrep-rules-aggregate/scrap/lambdasec-autogrep/generated_rules__c__vuln-libtiff-6a984bf7.yaml,lambdasec-autogrep,0,0,vuln-libtiff-6a984bf7,A4,Negation / Filtering,"category,cwe,id,languages,message,metadata,owasp,pattern,pattern-not,severity,source-url,technology",False,True,True,False,False,False,False,"$SIZE,$VAR","$SIZE,$VAR","[{""$SIZE"": 2, ""$VAR"": 3}]",2,False,True,False,False,False,False,C2,plain_metavar
/home/moscovin/Documents/eboss/semgrep-rules-aggregate/scrap/lambdasec-autogrep/generated_rules__c__vuln-libtiff-d6d2c174.yaml,lambdasec-autogrep,0,0,vuln-libtiff-d6d2c174,A4,Negation / Filtering,"category,cwe,id,languages,message,metadata,owasp,pattern,pattern-not,severity,source-url,technology",False,True,True,False,False,False,False,"$ALPHA,$BUF,$BUFSIZE,$SIZE","$ALPHA,$BUF,$BUFSIZE,$SIZE","[{""$ALPHA"": 4, ""$BUF"": 4, ""$BUFSIZE"": 3, ""$SIZE"": 4}]",2,False,True,True,False,False,False,"C2,C3","plain_metavar,unnamed_ellipsis"
/home/moscovin/Documents/eboss/semgrep-rules-aggregate/scrap/lambdasec-autogrep/generated_rules__c__vuln-libuv-e0327e1d.yaml,lambdasec-autogrep,0,0,vuln-libuv-e0327e1d,A4,Negation / Filtering,"category,cwe,id,languages,message,metadata,owasp,pattern,pattern-not,references,severity,source-url,technology",True,False,False,False,False,False,False,,,[],2,True,False,False,False,False,False,C1,no_metavar
/home/moscovin/Documents/eboss/semgrep-rules-aggregate/scrap/lambdasec-autogrep/generated_rules__c__vuln-libvirt-29fe5d74.yaml,lambdasec-autogrep,0,0,vuln-libvirt-29fe5d74,A4,Negation / Filtering,"category,cwe,id,languages,message,metadata,owasp,pattern,pattern-not,severity,source-url,technology",False,True,True,False,False,False,False,"$DEF,$GROUP,$GROUPS,$NGROUPS,$PRIV,$USER","$DEF,$GROUP,$PRIV,$USER","[{""$DEF"": 2, ""$GROUP"": 2, ""$GROUPS"": 1, ""$NGROUPS"": 1, ""$PRIV"": 2, ""$USER"": 2}]",2,False,True,False,False,False,False,C2,plain_metavar
/home/moscovin/Documents/eboss/semgrep-rules-aggregate/scrap/lambdasec-autogrep/generated_rules__c__vuln-libvirt-47b9127e.yaml,lambdasec-autogrep,0,0,vuln-libvirt-47b9127e,A4,Negation / Filtering,"category,cwe,id,languages,message,metadata,owasp,pattern,pattern-not,severity,source-url,technology",False,True,True,False,False,False,False,"$BIT,$BITMAP,$RET","$BIT,$BITMAP","[{""$BIT"": 3, ""$BITMAP"": 3, ""$RET"": 1}]",2,False,True,False,False,False,False,C2,plain_metavar
/home/moscovin/Documents/eboss/semgrep-rules-aggregate/scrap/lambdasec-autogrep/generated_rules__c__vuln-libvirt-484cc321.yaml,lambdasec-autogrep,0,0,vuln-libvirt-484cc321,A4,Negation / Filtering,"category,cwe,id,languages,message,metadata,owasp,pattern,pattern-not,severity,source-url,technology",False,True,True,False,False,False,False,"$DRIVER,$JOB,$VM","$DRIVER,$VM","[{""$DRIVER"": 2, ""$JOB"": 1, ""$VM"": 2}]",2,False,True,False,False,False,False,C2,plain_metavar
/home/moscovin/Documents/eboss/semgrep-rules-aggregate/scrap/lambdasec-autogrep/generated_rules__c__vuln-libvirt-4c4d0e2d.yaml,lambdasec-autogrep,0,0,vuln-libvirt-4c4d0e2d,A4,Negation / Filtering,"category,cwe,id,languages,message,metadata,pattern,pattern-not,severity,source-url,technology",False,True,True,False,False,False,False,$VAR,$VAR,"[{""$VAR"": 3}]",2,False,True,False,False,False,False,C2,plain_metavar
/home/moscovin/Documents/eboss/semgrep-rules-aggregate/scrap/lambdasec-autogrep/generated_rules__c__vuln-libvirt-9d73efdb.yaml,lambdasec-autogrep,0,0,vuln-libvirt-9d73efdb,A4,Negation / Filtering,"category,cwe,id,languages,message,metadata,owasp,pattern,pattern-not,severity,source-url,technology",False,True,True,False,False,False,False,"$AUTH,$DEFAULT_PASSWD,$DRIVER,$PASSWD,$PRIV,$RET,$TYPE,$VM","$DEFAULT_PASSWD,$DRIVER,$PASSWD,$VM","[{""$AUTH"": 1, ""$DEFAULT_PASSWD"": 2, ""$DRIVER"": 3, ""$PASSWD"": 2, ""$PRIV"": 1, ""$RET"": 1, ""$TYPE"": 1, ""$VM"": 3}]",2,False,True,False,False,False,False,C2,plain_metavar
/home/moscovin/Documents/eboss/semgrep-rules-aggregate/scrap/lambdasec-autogrep/generated_rules__c__vuln-libvirt-a4947e8f.yaml,lambdasec-autogrep,0,0,vuln-libvirt-a4947e8f,A4,Negation / Filtering,"category,cwe,id,languages,message,metadata,owasp,pattern,pattern-not,severity,source-url,technology",False,True,True,False,False,False,False,"$ACL,$CONN,$DRIVER,$RET","$ACL,$CONN,$DRIVER,$RET","[{""$ACL"": 2, ""$CONN"": 2, ""$DRIVER"": 2, ""$RET"": 2}]",2,False,True,False,False,False,False,C2,plain_metavar
/home/moscovin/Documents/eboss/semgrep-rules-aggregate/scrap/lambdasec-autogrep/generated_rules__c__vuln-libvirt-aed6a032.yaml,lambdasec-autogrep,0,0,vuln-libvirt-aed6a032,A4,Negation / Filtering,"category,cwe,id,languages,message,metadata,owasp,pattern,pattern-not,severity,source-url,technology",False,True,True,False,False,False,False,"$CONN,$FLAGS",$CONN,"[{""$CONN"": 2, ""$FLAGS"": 1}]",2,False,True,False,False,False,False,C2,plain_metavar
/home/moscovin/Documents/eboss/semgrep-rules-aggregate/scrap/lambdasec-autogrep/generated_rules__c__vuln-libvirt-f32441c6.yaml,lambdasec-autogrep,0,0,vuln-libvirt-f32441c6,A4,Negation / Filtering,"category,cwe,id,languages,message,metadata,owasp,pattern,pattern-not,references,severity,source-url,technology",False,True,True,False,False,False,False,"$AUTH,$CONNECTED,$DEFAULTPASSWD,$MON,$PASSWORD,$TYPE","$AUTH,$CONNECTED,$DEFAULTPASSWD,$MON,$PASSWORD,$TYPE","[{""$AUTH"": 4, ""$CONNECTED"": 2, ""$DEFAULTPASSWD"": 2, ""$MON"": 2, ""$PASSWORD"": 2, ""$TYPE"": 2}]",2,False,True,False,False,False,False,C2,plain_metavar
/home/moscovin/Documents/eboss/semgrep-rules-aggregate/scrap/lambdasec-autogrep/generated_rules__c__vuln-libxml2-1b41ec4e.yaml,lambdasec-autogrep,0,0,vuln-libxml2-1b41ec4e,A4,Negation / Filtering,"category,cwe,id,languages,message,metadata,owasp,pattern,pattern-not,severity,source-url,technology",False,True,True,False,False,False,False,"$DICT,$ENTITY,$FIELD","$DICT,$ENTITY,$FIELD","[{""$DICT"": 4, ""$ENTITY"": 8, ""$FIELD"": 8}]",2,False,True,True,False,False,False,"C2,C3","plain_metavar,unnamed_ellipsis"
/home/moscovin/Documents/eboss/semgrep-rules-aggregate/scrap/lambdasec-autogrep/generated_rules__c__vuln-libxml2-7ffcd44d.yaml,lambdasec-autogrep,0,0,vuln-libxml2-7ffcd44d,A4,Negation / Filtering,"category,cwe,id,languages,message,metadata,owasp,pattern,pattern-not,references,severity,source-url,technology",False,True,True,False,False,False,False,$CTXT,$CTXT,"[{""$CTXT"": 2}]",2,False,True,False,False,False,False,C2,plain_metavar
/home/moscovin/Documents/eboss/semgrep-rules-aggregate/scrap/lambdasec-autogrep/generated_rules__c__vuln-libxml2-bf227135.yaml,lambdasec-autogrep,0,0,vuln-libxml2-bf227135,A4,Negation / Filtering,"category,cwe,id,languages,message,metadata,owasp,pattern,pattern-not,references,severity,source-url,technology",False,True,False,False,False,False,False,$VAR,,"[{""$VAR"": 1}]",2,True,True,True,False,False,False,"C1,C2,C3","no_metavar,plain_metavar,unnamed_ellipsis"
/home/moscovin/Documents/eboss/semgrep-rules-aggregate/scrap/lambdasec-autogrep/generated_rules__c__vuln-libxml2-c1ba6f54.yaml,lambdasec-autogrep,0,0,vuln-libxml2-c1ba6f54,A4,Negation / Filtering,"category,cwe,id,languages,message,metadata,owasp,pattern,pattern-not,severity,source-url,technology",False,True,True,False,False,False,False,"$BUF,$ESC",$BUF,"[{""$BUF"": 3, ""$ESC"": 1}]",2,False,True,True,False,False,False,"C2,C3","plain_metavar,unnamed_ellipsis"
/home/moscovin/Documents/eboss/semgrep-rules-aggregate/scrap/lambdasec-autogrep/generated_rules__c__vuln-libyang-298b30ea.yaml,lambdasec-autogrep,0,0,vuln-libyang-298b30ea,A4,Negation / Filtering,"category,cwe,id,languages,message,metadata,owasp,pattern,pattern-not,severity,source-url,technology",False,True,True,False,False,False,False,"$BT_COUNT,$CTX,$DATA,$LEN,$OPTIONS,$PARENT","$CTX,$DATA,$LEN,$OPTIONS,$PARENT","[{""$BT_COUNT"": 1, ""$CTX"": 2, ""$DATA"": 2, ""$LEN"": 2, ""$OPTIONS"": 2, ""$PARENT"": 2}]",2,False,True,False,False,False,False,C2,plain_metavar
/home/moscovin/Documents/eboss/semgrep-rules-aggregate/scrap/lambdasec-autogrep/generated_rules__c__vuln-libyang-32fb4993.yaml,lambdasec-autogrep,0,0,vuln-libyang-32fb4993,A4,Negation / Filtering,"category,cwe,id,languages,message,metadata,owasp,pattern,pattern-not,severity,source-url,technology",False,True,True,False,False,False,False,"$LEN,$MODULE,$NAME,$OPTS,$PARENT,$RET,$TYPE","$LEN,$MODULE,$NAME,$PARENT,$RET,$TYPE","[{""$LEN"": 2, ""$MODULE"": 2, ""$NAME"": 2, ""$OPTS"": 1, ""$PARENT"": 2, ""$RET"": 2, ""$TYPE"": 2}]",2,False,True,False,False,False,False,C2,plain_metavar
/home/moscovin/Documents/eboss/semgrep-rules-aggregate/scrap/lambdasec-autogrep/generated_rules__c__vuln-libyang-5ce30801.yaml,lambdasec-autogrep,0,0,vuln-libyang-5ce30801,A4,Negation / Filtering,"category,cwe,id,languages,message,metadata,owasp,pattern,pattern-not,severity,source-url,technology",False,True,True,False,False,False,False,"$CTX,$NODE,$PRIVATE_DESTRUCTOR,$SHALLOW","$NODE,$PRIVATE_DESTRUCTOR,$SHALLOW","[{""$CTX"": 1, ""$NODE"": 2, ""$PRIVATE_DESTRUCTOR"": 2, ""$SHALLOW"": 2}]",2,False,True,False,False,False,False,C2,plain_metavar
/home/moscovin/Documents/eboss/semgrep-rules-aggregate/scrap/lambdasec-autogrep/generated_rules__c__vuln-libyang-bdb596dd.yaml,lambdasec-autogrep,0,0,vuln-libyang-bdb596dd,A4,Negation / Filtering,"category,cwe,id,languages,message,metadata,owasp,pattern,pattern-not,severity,source-url,technology",False,True,True,False,False,False,False,$EXPR,$EXPR,"[{""$EXPR"": 3}]",2,False,True,True,False,False,False,"C2,C3","plain_metavar,unnamed_ellipsis"
/home/moscovin/Documents/eboss/semgrep-rules-aggregate/scrap/lambdasec-autogrep/generated_rules__c__vuln-libyang-dc668d29.yaml,lambdasec-autogrep,0,0,vuln-libyang-dc668d29,A4,Negation / Filtering,"category,cwe,id,languages,message,metadata,owasp,pattern,pattern-not,references,severity,source-url,technology",False,True,True,False,False,False,False,"$LY_EDENIED,$M,$MOD","$LY_EDENIED,$M,$MOD","[{""$LY_EDENIED"": 4, ""$M"": 7, ""$MOD"": 13}]",2,False,True,False,False,False,False,C2,plain_metavar
/home/moscovin/Documents/eboss/semgrep-rules-aggregate/scrap/lambdasec-autogrep/generated_rules__c__vuln-linux-6afc57ea.yaml,lambdasec-autogrep,0,0,vuln-linux-6afc57ea,A4,Negation / Filtering,"category,cwe,id,languages,message,metadata,owasp,pattern,pattern-not,references,severity,source-url,technology",False,True,True,False,False,False,False,"$AB,$AR,$PDEV_ID","$AB,$AR,$PDEV_ID","[{""$AB"": 2, ""$AR"": 2, ""$PDEV_ID"": 2}]",2,False,True,True,False,False,False,"C2,C3","plain_metavar,unnamed_ellipsis"
/home/moscovin/Documents/eboss/semgrep-rules-aggregate/scrap/lambdasec-autogrep/generated_rules__c__vuln-lldpd-a8d3c90f.yaml,lambdasec-autogrep,0,0,vuln-lldpd-a8d3c90f,A4,Negation / Filtering,"category,cwe,id,languages,message,metadata,owasp,pattern,pattern-not,severity,source-url,technology",False,True,True,False,False,False,False,"$B,$CHASSIS,$C_DESCR,$C_NAME,$LLDP_TLV_PORT_DESCR,$LLDP_TLV_SYSTEM_NAME,$PORT,$P_DESCR,$TLV_TYPE","$B,$CHASSIS,$C_DESCR,$LLDP_TLV_PORT_DESCR,$LLDP_TLV_SYSTEM_NAME,$TLV_TYPE","[{""$B"": 2, ""$CHASSIS"": 4, ""$C_DESCR"": 3, ""$C_NAME"": 1, ""$LLDP_TLV_PORT_DESCR"": 2, ""$LLDP_TLV_SYSTEM_NAME"": 2, ""$PORT"": 1, ""$P_DESCR"": 1, ""$TLV_TYPE"": 4}]",2,False,True,True,False,False,False,"C2,C3","plain_metavar,unnamed_ellipsis"
/home/moscovin/Documents/eboss/semgrep-rules-aggregate/scrap/lambdasec-autogrep/generated_rules__c__vuln-lldpd-dd4f16e7.yaml,lambdasec-autogrep,0,0,vuln-lldpd-dd4f16e7,A4,Negation / Filtering,"category,cwe,id,languages,message,metadata,owasp,pattern,pattern-not,severity,source-url,technology",False,True,False,False,False,False,False,$ORGID,,"[{""$ORGID"": 1}]",2,True,True,False,False,False,False,"C1,C2","no_metavar,plain_metavar"
/home/moscovin/Documents/eboss/semgrep-rules-aggregate/scrap/lambdasec-autogrep/generated_rules__c__vuln-lua-127e7a6c.yaml,lambdasec-autogrep,0,0,vuln-lua-127e7a6c,A4,Negation / Filtering,"category,cwe,id,languages,message,metadata,owasp,pattern,pattern-not,references,severity,source-url,technology",False,True,True,False,False,False,False,$G,$G,"[{""$G"": 6}]",2,False,True,False,False,False,False,C2,plain_metavar
/home/moscovin/Documents/eboss/semgrep-rules-aggregate/scrap/lambdasec-autogrep/generated_rules__c__vuln-lua-34affe7a.yaml,lambdasec-autogrep,0,0,vuln-lua-34affe7a,A4,Negation / Filtering,"category,cwe,id,languages,message,metadata,owasp,pattern,pattern-not,references,severity,source-url,technology",False,True,True,False,False,False,False,$L,$L,"[{""$L"": 5}]",2,False,True,False,False,False,False,C2,plain_metavar
/home/moscovin/Documents/eboss/semgrep-rules-aggregate/scrap/lambdasec-autogrep/generated_rules__c__vuln-lua-597a53bb.yaml,lambdasec-autogrep,0,0,vuln-lua-597a53bb,A4,Negation / Filtering,"category,cwe,id,languages,message,metadata,owasp,pattern,pattern-not,severity,source-url,technology",False,True,True,False,False,False,False,$G,$G,"[{""$G"": 2}]",2,False,True,False,False,False,False,C2,plain_metavar
/home/moscovin/Documents/eboss/semgrep-rules-aggregate/scrap/lambdasec-autogrep/generated_rules__c__vuln-lua-89aee84c.yaml,lambdasec-autogrep,0,0,vuln-lua-89aee84c,A4,Negation / Filtering,"category,cwe,id,languages,message,metadata,owasp,pattern,pattern-not,references,severity,source-url,technology",False,True,True,False,False,False,False,"$VAR1,$VAR2,$VAR3,$_","$VAR1,$VAR3,$_","[{""$VAR1"": 2, ""$VAR2"": 1, ""$VAR3"": 2, ""$_"": 12}]",2,False,True,False,False,False,False,C2,plain_metavar
/home/moscovin/Documents/eboss/semgrep-rules-aggregate/scrap/lambdasec-autogrep/generated_rules__c__vuln-lua-eb419994.yaml,lambdasec-autogrep,0,0,vuln-lua-eb419994,A4,Negation / Filtering,"category,cwe,id,languages,message,metadata,owasp,pattern,pattern-not,severity,source-url,technology",False,True,True,False,False,False,False,"$FUNC,$L,$SIZE","$FUNC,$L,$SIZE","[{""$FUNC"": 2, ""$L"": 2, ""$SIZE"": 2}]",2,False,True,False,False,False,False,C2,plain_metavar
/home/moscovin/Documents/eboss/semgrep-rules-aggregate/scrap/lambdasec-autogrep/generated_rules__c__vuln-lxc-5c3fcae7.yaml,lambdasec-autogrep,0,0,vuln-lxc-5c3fcae7,A4,Negation / Filtering,"category,cwe,id,languages,message,metadata,owasp,pattern,pattern-not,references,severity,source-url,technology",False,True,True,False,False,False,False,"$CLONE_NEWNS,$INIT_CTX,$LXC_ATTACH_LSM,$ON_EXEC,$OPTIONS,$PROCFD,$RET","$CLONE_NEWNS,$INIT_CTX,$LXC_ATTACH_LSM,$ON_EXEC,$OPTIONS","[{""$CLONE_NEWNS"": 2, ""$INIT_CTX"": 4, ""$LXC_ATTACH_LSM"": 2, ""$ON_EXEC"": 2, ""$OPTIONS"": 4, ""$PROCFD"": 1, ""$RET"": 1}]",2,False,True,True,False,False,False,"C2,C3","plain_metavar,unnamed_ellipsis"
/home/moscovin/Documents/eboss/semgrep-rules-aggregate/scrap/lambdasec-autogrep/generated_rules__c__vuln-mbedtls-89f040a5.yaml,lambdasec-autogrep,0,0,vuln-mbedtls-89f040a5,A4,Negation / Filtering,"category,cwe,id,languages,message,metadata,owasp,pattern,pattern-not,references,severity,source-url,technology",True,False,False,False,False,False,False,,,[],2,True,False,True,False,False,False,"C1,C3","no_metavar,unnamed_ellipsis"
/home/moscovin/Documents/eboss/semgrep-rules-aggregate/scrap/lambdasec-autogrep/generated_rules__c__vuln-moddable-6c88625e.yaml,lambdasec-autogrep,0,0,vuln-moddable-6c88625e,A4,Negation / Filtering,"category,cwe,id,languages,message,metadata,owasp,pattern,pattern-not,severity,source-url,technology",False,True,True,False,False,False,False,$L,$L,"[{""$L"": 2}]",2,False,True,False,False,False,False,C2,plain_metavar
/home/moscovin/Documents/eboss/semgrep-rules-aggregate/scrap/lambdasec-autogrep/generated_rules__c__vuln-moddable-723816ab.yaml,lambdasec-autogrep,0,0,vuln-moddable-723816ab,A4,Negation / Filtering,"category,cwe,id,languages,message,metadata,owasp,pattern,pattern-not,severity,source-url,technology",False,True,True,False,False,False,False,"$ERROR_MSG,$EXPRESSION_FUNC,$PARSER,$REPORT_ERROR,$TOKEN,$TOKEN_BEGIN_EXPRESSION,$TOKEN_FLAGS","$EXPRESSION_FUNC,$PARSER","[{""$ERROR_MSG"": 1, ""$EXPRESSION_FUNC"": 2, ""$PARSER"": 3, ""$REPORT_ERROR"": 1, ""$TOKEN"": 1, ""$TOKEN_BEGIN_EXPRESSION"": 1, ""$TOKEN_FLAGS"": 1}]",2,False,True,False,False,False,False,C2,plain_metavar
/home/moscovin/Documents/eboss/semgrep-rules-aggregate/scrap/lambdasec-autogrep/generated_rules__c__vuln-moddable-736e508e.yaml,lambdasec-autogrep,0,0,vuln-moddable-736e508e,A4,Negation / Filtering,"category,cwe,id,languages,message,metadata,owasp,pattern,pattern-not,severity,source-url,technology",False,True,True,False,False,False,False,"$STACK,$THE,$VAR","$STACK,$THE,$VAR","[{""$STACK"": 2, ""$THE"": 2, ""$VAR"": 2}]",2,False,True,False,False,False,False,C2,plain_metavar
/home/moscovin/Documents/eboss/semgrep-rules-aggregate/scrap/lambdasec-autogrep/generated_rules__c__vuln-moddable-83dadd3d.yaml,lambdasec-autogrep,0,0,vuln-moddable-83dadd3d,A4,Negation / Filtering,"category,cwe,id,languages,message,metadata,owasp,pattern,pattern-not,references,severity,source-url,technology",False,True,True,False,False,False,False,$VAR,$VAR,"[{""$VAR"": 2}]",2,False,True,False,False,False,False,C2,plain_metavar
/home/moscovin/Documents/eboss/semgrep-rules-aggregate/scrap/lambdasec-autogrep/generated_rules__c__vuln-moddable-ce937b4e.yaml,lambdasec-autogrep,0,0,vuln-moddable-ce937b4e,A4,Negation / Filtering,"category,cwe,id,languages,message,metadata,owasp,pattern,pattern-not,severity,source-url,technology",False,True,True,False,False,False,False,"$BASE,$NAME,$PARSER,$VAR","$BASE,$NAME,$PARSER,$VAR","[{""$BASE"": 2, ""$NAME"": 2, ""$PARSER"": 3, ""$VAR"": 2}]",2,False,True,False,False,False,False,C2,plain_metavar
/home/moscovin/Documents/eboss/semgrep-rules-aggregate/scrap/lambdasec-autogrep/generated_rules__c__vuln-moddable-dbd3a5f4.yaml,lambdasec-autogrep,0,0,vuln-moddable-dbd3a5f4,A4,Negation / Filtering,"category,cwe,id,languages,message,metadata,owasp,pattern,pattern-not,severity,source-url,technology",False,True,True,False,False,False,False,"$CODER,$FUNC,$PARSER","$CODER,$FUNC,$PARSER","[{""$CODER"": 2, ""$FUNC"": 2, ""$PARSER"": 6}]",2,False,True,False,False,False,False,C2,plain_metavar
/home/moscovin/Documents/eboss/semgrep-rules-aggregate/scrap/lambdasec-autogrep/generated_rules__c__vuln-moddable-ebb1acf2.yaml,lambdasec-autogrep,0,0,vuln-moddable-ebb1acf2,A4,Negation / Filtering,"category,cwe,id,languages,message,metadata,owasp,pattern,pattern-not,severity,source-url,technology",False,True,True,False,False,False,False,"$ARGUMENTS,$FUNCTION,$PROXY,$TARGET,$THE,$_ID,$_THIS","$ARGUMENTS,$PROXY,$TARGET,$THE,$_ID,$_THIS","[{""$ARGUMENTS"": 2, ""$FUNCTION"": 1, ""$PROXY"": 4, ""$TARGET"": 2, ""$THE"": 3, ""$_ID"": 2, ""$_THIS"": 2}]",2,False,True,True,False,False,False,"C2,C3","plain_metavar,unnamed_ellipsis"
/home/moscovin/Documents/eboss/semgrep-rules-aggregate/scrap/lambdasec-autogrep/generated_rules__c__vuln-mongoose-4663090a.yaml,lambdasec-autogrep,0,0,vuln-mongoose-4663090a,A4,Negation / Filtering,"category,cwe,id,languages,message,metadata,owasp,pattern,pattern-not,references,severity,source-url,technology",False,True,True,False,False,False,False,"$CL,$VAR,$VAR2","$CL,$VAR","[{""$CL"": 2, ""$VAR"": 4, ""$VAR2"": 1}]",2,False,True,False,False,False,False,C2,plain_metavar
/home/moscovin/Documents/eboss/semgrep-rules-aggregate/scrap/lambdasec-autogrep/generated_rules__c__vuln-mono-035c8587.yaml,lambdasec-autogrep,0,0,vuln-mono-035c8587,A4,Negation / Filtering,"category,cwe,id,languages,message,metadata,owasp,pattern,pattern-not,references,severity,source-url,technology",False,True,True,False,False,False,False,$TYPE,$TYPE,"[{""$TYPE"": 6}]",2,False,True,True,False,False,False,"C2,C3","plain_metavar,unnamed_ellipsis"
/home/moscovin/Documents/eboss/semgrep-rules-aggregate/scrap/lambdasec-autogrep/generated_rules__c__vuln-mpop-31623567.yaml,lambdasec-autogrep,0,0,vuln-mpop-31623567,A4,Negation / Filtering,"category,cwe,id,languages,message,metadata,owasp,pattern,pattern-not,severity,source-url,technology",False,True,True,False,False,False,False,"$ACC,$ERRSTR","$ACC,$ERRSTR","[{""$ACC"": 10, ""$ERRSTR"": 3}]",2,True,True,False,False,False,False,"C1,C2","no_metavar,plain_metavar"
/home/moscovin/Documents/eboss/semgrep-rules-aggregate/scrap/lambdasec-autogrep/generated_rules__c__vuln-mruby-2742ded3.yaml,lambdasec-autogrep,0,0,vuln-mruby-2742ded3,A4,Negation / Filtering,"category,cwe,id,languages,message,metadata,owasp,pattern,pattern-not,references,severity,source-url,technology",False,True,True,False,False,False,False,"$COND,$VAR","$COND,$VAR","[{""$COND"": 2, ""$VAR"": 2}]",2,False,True,False,False,False,False,C2,plain_metavar
/home/moscovin/Documents/eboss/semgrep-rules-aggregate/scrap/lambdasec-autogrep/generated_rules__c__vuln-mruby-38b164ac.yaml,lambdasec-autogrep,0,0,vuln-mruby-38b164ac,A4,Negation / Filtering,"category,cwe,id,languages,message,metadata,owasp,pattern,pattern-not,severity,source-url,technology",False,True,True,False,False,False,False,"$CURSP,$IS_SPLAT,$LIMIT,$N,$OP_ARRAY,$S,$SLIMIT","$CURSP,$IS_SPLAT,$LIMIT,$N,$SLIMIT","[{""$CURSP"": 3, ""$IS_SPLAT"": 2, ""$LIMIT"": 2, ""$N"": 4, ""$OP_ARRAY"": 1, ""$S"": 1, ""$SLIMIT"": 2}]",2,False,True,True,False,False,False,"C2,C3","plain_metavar,unnamed_ellipsis"
/home/moscovin/Documents/eboss/semgrep-rules-aggregate/scrap/lambdasec-autogrep/generated_rules__c__vuln-mruby-55edae02.yaml,lambdasec-autogrep,0,0,vuln-mruby-55edae02,A4,Negation / Filtering,"category,cwe,id,languages,message,metadata,owasp,pattern,pattern-not,severity,source-url,technology",False,True,True,False,False,False,False,"$EXPR,$VAR","$EXPR,$VAR","[{""$EXPR"": 2, ""$VAR"": 2}]",2,False,True,False,False,False,False,C2,plain_metavar
/home/moscovin/Documents/eboss/semgrep-rules-aggregate/scrap/lambdasec-autogrep/generated_rules__c__vuln-mruby-5c114c91.yaml,lambdasec-autogrep,0,0,vuln-mruby-5c114c91,A4,Negation / Filtering,"category,cwe,id,languages,message,metadata,owasp,pattern,pattern-not,references,severity,source-url,technology",False,True,True,False,False,False,False,"$ARRAY,$C,$E,$I,$INDEX,$MRB,$NIL,$VAR","$C,$E,$I,$MRB,$NIL,$VAR","[{""$ARRAY"": 1, ""$C"": 3, ""$E"": 2, ""$I"": 3, ""$INDEX"": 1, ""$MRB"": 2, ""$NIL"": 2, ""$VAR"": 3}]",2,False,True,False,False,False,False,C2,plain_metavar
/home/moscovin/Documents/eboss/semgrep-rules-aggregate/scrap/lambdasec-autogrep/generated_rules__c__vuln-mruby-adb1eae9.yaml,lambdasec-autogrep,0,0,vuln-mruby-adb1eae9,A4,Negation / Filtering,"category,cwe,id,languages,message,metadata,owasp,pattern,pattern-not,references,severity,source-url,technology",False,True,True,False,False,False,False,"$ERROR,$MRB","$ERROR,$MRB","[{""$ERROR"": 2, ""$MRB"": 2}]",2,False,True,False,False,False,False,C2,plain_metavar
/home/moscovin/Documents/eboss/semgrep-rules-aggregate/scrap/lambdasec-autogrep/generated_rules__c__vuln-mruby-b1d0296a.yaml,lambdasec-autogrep,0,0,vuln-mruby-b1d0296a,A4,Negation / Filtering,"category,cwe,id,languages,message,metadata,owasp,pattern,pattern-not,severity,source-url,technology",False,True,True,False,False,False,False,"$C,$H,$MID,$MRB","$H,$MID,$MRB","[{""$C"": 1, ""$H"": 4, ""$MID"": 2, ""$MRB"": 3}]",2,False,True,False,False,False,False,C2,plain_metavar
/home/moscovin/Documents/eboss/semgrep-rules-aggregate/scrap/lambdasec-autogrep/generated_rules__c__vuln-mruby-fc8fb414.yaml,lambdasec-autogrep,0,0,vuln-mruby-fc8fb414,A4,Negation / Filtering,"category,cwe,id,languages,message,metadata,owasp,pattern,pattern-not,severity,source-url,technology",True,False,False,False,False,False,False,,,[],2,True,False,False,False,False,False,C1,no_metavar
/home/moscovin/Documents/eboss/semgrep-rules-aggregate/scrap/lambdasec-autogrep/generated_rules__c__vuln-mujs-160ae295.yaml,lambdasec-autogrep,0,0,vuln-mujs-160ae295,A4,Negation / Filtering,"category,cwe,id,languages,message,metadata,owasp,pattern,pattern-not,severity,source-url,technology",False,True,True,False,False,False,False,"$DEPTH,$G,$NODE","$G,$NODE","[{""$DEPTH"": 1, ""$G"": 2, ""$NODE"": 2}]",2,False,True,False,False,False,False,C2,plain_metavar
/home/moscovin/Documents/eboss/semgrep-rules-aggregate/scrap/lambdasec-autogrep/generated_rules__c__vuln-mujs-db110ea8.yaml,lambdasec-autogrep,0,0,vuln-mujs-db110ea8,A4,Negation / Filtering,"category,cwe,id,languages,message,metadata,owasp,pattern,pattern-not,severity,source-url,technology",False,True,True,False,False,False,False,$J,$J,"[{""$J"": 5}]",2,True,True,False,False,False,False,"C1,C2","no_metavar,plain_metavar"
/home/moscovin/Documents/eboss/semgrep-rules-aggregate/scrap/lambdasec-autogrep/generated_rules__c__vuln-mujs-df8559e7.yaml,lambdasec-autogrep,0,0,vuln-mujs-df8559e7,A4,Negation / Filtering,"category,cwe,id,languages,message,metadata,owasp,pattern,pattern-not,severity,source-url,technology",False,True,True,False,False,False,False,"$CONT,$F,$HERE,$J,$STMT","$CONT,$F,$HERE,$J,$STMT","[{""$CONT"": 2, ""$F"": 2, ""$HERE"": 2, ""$J"": 2, ""$STMT"": 2}]",2,False,True,False,False,False,False,C2,plain_metavar
/home/moscovin/Documents/eboss/semgrep-rules-aggregate/scrap/lambdasec-autogrep/generated_rules__c__vuln-mupdf-093fc3b0.yaml,lambdasec-autogrep,0,0,vuln-mupdf-093fc3b0,A4,Negation / Filtering,"category,cwe,id,languages,message,metadata,pattern,pattern-not,severity,source-url,technology",False,True,True,False,False,False,False,"$EMPTY,$NODE,$NUM,$TREE","$EMPTY,$NODE,$NUM,$TREE","[{""$EMPTY"": 4, ""$NODE"": 17, ""$NUM"": 4, ""$TREE"": 6}]",2,False,True,False,False,False,False,C2,plain_metavar
/home/moscovin/Documents/eboss/semgrep-rules-aggregate/scrap/lambdasec-autogrep/generated_rules__c__vuln-mupdf-164ddc22.yaml,lambdasec-autogrep,0,0,vuln-mupdf-164ddc22,A4,Negation / Filtering,"category,cwe,id,languages,message,metadata,owasp,pattern,pattern-not,references,severity,source-url,technology",False,True,True,False,False,False,False,"$CTX,$FNT,$FONT,$GID,$IDENTITY,$NULL,$OUT,$PATH,$RECT,$SDEV,$SHIFT","$CTX,$FNT,$FONT,$GID,$IDENTITY,$NULL,$OUT,$PATH,$RECT,$SDEV,$SHIFT","[{""$CTX"": 19, ""$FNT"": 2, ""$FONT"": 3, ""$GID"": 4, ""$IDENTITY"": 4, ""$NULL"": 2, ""$OUT"": 8, ""$PATH"": 12, ""$RECT"": 6, ""$SDEV"": 4, ""$SHIFT"": 6}]",2,False,True,False,False,False,False,C2,plain_metavar
/home/moscovin/Documents/eboss/semgrep-rules-aggregate/scrap/lambdasec-autogrep/generated_rules__c__vuln-mupdf-2b16dbd8.yaml,lambdasec-autogrep,0,0,vuln-mupdf-2b16dbd8,A4,Negation / Filtering,"category,cwe,id,languages,message,metadata,owasp,pattern,pattern-not,severity,source-url,technology",False,True,True,False,False,False,False,"$ARG,$FUNC,$TAG","$ARG,$TAG","[{""$ARG"": 2, ""$FUNC"": 1, ""$TAG"": 2}]",2,False,True,False,False,False,False,C2,plain_metavar
/home/moscovin/Documents/eboss/semgrep-rules-aggregate/scrap/lambdasec-autogrep/generated_rules__c__vuln-mupdf-4dcc6aff.yaml,lambdasec-autogrep,0,0,vuln-mupdf-4dcc6aff,A4,Negation / Filtering,"category,cwe,id,languages,message,metadata,owasp,pattern,pattern-not,severity,source-url,technology",False,True,True,False,False,False,False,"$CTX,$MASK_COLORSPACE","$CTX,$MASK_COLORSPACE","[{""$CTX"": 3, ""$MASK_COLORSPACE"": 2}]",2,False,True,False,False,False,False,C2,plain_metavar
/home/moscovin/Documents/eboss/semgrep-rules-aggregate/scrap/lambdasec-autogrep/generated_rules__c__vuln-mupdf-8a3257b0.yaml,lambdasec-autogrep,0,0,vuln-mupdf-8a3257b0,A4,Negation / Filtering,"category,cwe,id,languages,message,metadata,owasp,pattern,pattern-not,references,severity,source-url,technology",False,True,True,False,False,False,False,"$CTX,$DICT,$GROUP,$OBJ",$CTX,"[{""$CTX"": 4, ""$DICT"": 1, ""$GROUP"": 1, ""$OBJ"": 1}]",2,False,True,False,False,False,False,C2,plain_metavar
/home/moscovin/Documents/eboss/semgrep-rules-aggregate/scrap/lambdasec-autogrep/generated_rules__c__vuln-mupdf-b2e7d38e.yaml,lambdasec-autogrep,0,0,vuln-mupdf-b2e7d38e,A4,Negation / Filtering,"category,cwe,id,languages,message,metadata,owasp,pattern,pattern-not,severity,source-url,technology",False,True,True,False,False,False,False,"$BBOX,$CTX,$DEV,$GSTATE,$IMAGE,$IMAGE_CTM,$PR,$SOFTMASK","$BBOX,$CTX,$DEV,$GSTATE,$IMAGE,$IMAGE_CTM,$PR","[{""$BBOX"": 10, ""$CTX"": 30, ""$DEV"": 9, ""$GSTATE"": 6, ""$IMAGE"": 9, ""$IMAGE_CTM"": 6, ""$PR"": 6, ""$SOFTMASK"": 1}]",2,False,True,False,False,False,False,C2,plain_metavar
/home/moscovin/Documents/eboss/semgrep-rules-aggregate/scrap/lambdasec-autogrep/generated_rules__c__vuln-mupdf-de39f005.yaml,lambdasec-autogrep,0,0,vuln-mupdf-de39f005,A4,Negation / Filtering,"category,cwe,id,languages,message,metadata,owasp,pattern,pattern-not,severity,source-url,technology",False,True,True,False,False,False,False,"$CTX,$DOC,$FORM,$FORMOBJ,$FZBUF","$CTX,$DOC,$FORM,$FORMOBJ,$FZBUF","[{""$CTX"": 4, ""$DOC"": 4, ""$FORM"": 4, ""$FORMOBJ"": 3, ""$FZBUF"": 2}]",2,False,True,True,False,False,False,"C2,C3","plain_metavar,unnamed_ellipsis"
/home/moscovin/Documents/eboss/semgrep-rules-aggregate/scrap/lambdasec-autogrep/generated_rules__c__vuln-mutt-e0131852.yaml,lambdasec-autogrep,0,0,vuln-mutt-e0131852,A4,Negation / Filtering,"category,cwe,id,languages,message,metadata,owasp,pattern,pattern-not,severity,source-url,technology",False,True,True,False,False,False,False,$DLEN,$DLEN,"[{""$DLEN"": 2}]",2,False,True,False,False,False,False,C2,plain_metavar
/home/moscovin/Documents/eboss/semgrep-rules-aggregate/scrap/lambdasec-autogrep/generated_rules__c__vuln-mysql-server-044e3b1d.yaml,lambdasec-autogrep,0,0,vuln-mysql-server-044e3b1d,A4,Negation / Filtering,"category,cwe,id,languages,message,metadata,owasp,pattern,pattern-not,severity,source-url,technology",False,True,True,False,False,False,False,"$ARG1,$ARG2,$ARG3","$ARG1,$ARG2,$ARG3","[{""$ARG1"": 2, ""$ARG2"": 2, ""$ARG3"": 2}]",2,False,True,True,False,False,False,"C2,C3","plain_metavar,unnamed_ellipsis"
/home/moscovin/Documents/eboss/semgrep-rules-aggregate/scrap/lambdasec-autogrep/generated_rules__c__vuln-mysql-server-3d8134d2.yaml,lambdasec-autogrep,0,0,vuln-mysql-server-3d8134d2,A4,Negation / Filtering,"category,cwe,id,languages,message,metadata,owasp,pattern,pattern-not,severity,source-url,technology",False,True,True,False,False,False,False,"$BUFF,$COM_STMT_CLOSE,$MYSQL,$RC,$SIZE,$STMT","$BUFF,$COM_STMT_CLOSE,$MYSQL,$RC,$SIZE,$STMT","[{""$BUFF"": 2, ""$COM_STMT_CLOSE"": 2, ""$MYSQL"": 3, ""$RC"": 2, ""$SIZE"": 2, ""$STMT"": 3}]",2,False,True,False,False,False,False,C2,plain_metavar
/home/moscovin/Documents/eboss/semgrep-rules-aggregate/scrap/lambdasec-autogrep/generated_rules__c__vuln-mysql-server-4797ea0b.yaml,lambdasec-autogrep,0,0,vuln-mysql-server-4797ea0b,A4,Negation / Filtering,"category,cwe,id,languages,message,metadata,owasp,pattern,pattern-not,references,severity,source-url,technology",False,True,True,False,False,False,False,"$INIT,$MYSQL",$MYSQL,"[{""$INIT"": 1, ""$MYSQL"": 4}]",2,False,True,True,False,False,False,"C2,C3","plain_metavar,unnamed_ellipsis"
/home/moscovin/Documents/eboss/semgrep-rules-aggregate/scrap/lambdasec-autogrep/generated_rules__c__vuln-mysql-server-d982e717.yaml,lambdasec-autogrep,0,0,vuln-mysql-server-d982e717,A4,Negation / Filtering,"category,cwe,id,languages,message,metadata,owasp,pattern,pattern-not,severity,source-url,technology",False,True,True,False,False,False,False,"$FREEMEM,$VAR",$VAR,"[{""$FREEMEM"": 1, ""$VAR"": 2}]",2,False,True,False,False,False,False,C2,plain_metavar
/home/moscovin/Documents/eboss/semgrep-rules-aggregate/scrap/lambdasec-autogrep/generated_rules__c__vuln-nagioscore-b1a92a3b.yaml,lambdasec-autogrep,0,0,vuln-nagioscore-b1a92a3b,A4,Negation / Filtering,"category,cwe,id,languages,message,metadata,owasp,pattern,pattern-not,references,severity,source-url,technology",False,True,True,False,False,False,False,$BUF,$BUF,"[{""$BUF"": 3}]",2,False,True,True,False,False,False,"C2,C3","plain_metavar,unnamed_ellipsis"
/home/moscovin/Documents/eboss/semgrep-rules-aggregate/scrap/lambdasec-autogrep/generated_rules__c__vuln-nasm-3079f796.yaml,lambdasec-autogrep,0,0,vuln-nasm-3079f796,A4,Negation / Filtering,"category,cwe,id,languages,message,metadata,owasp,pattern,pattern-not,severity,source-url,technology",False,True,True,False,False,False,False,"$ERR,$TEXT,$VAR","$ERR,$TEXT,$VAR","[{""$ERR"": 2, ""$TEXT"": 3, ""$VAR"": 2}]",2,False,True,False,False,False,False,C2,plain_metavar
/home/moscovin/Documents/eboss/semgrep-rules-aggregate/scrap/lambdasec-autogrep/generated_rules__c__vuln-nasm-3144e84a.yaml,lambdasec-autogrep,0,0,vuln-nasm-3144e84a,A4,Negation / Filtering,"category,cwe,id,languages,message,metadata,owasp,pattern,pattern-not,severity,source-url,technology",False,True,True,False,False,False,False,$P,$P,"[{""$P"": 6}]",2,False,True,False,False,False,False,C2,plain_metavar
/home/moscovin/Documents/eboss/semgrep-rules-aggregate/scrap/lambdasec-autogrep/generated_rules__c__vuln-nasm-6299a311.yaml,lambdasec-autogrep,0,0,vuln-nasm-6299a311,A4,Negation / Filtering,"category,cwe,id,languages,message,metadata,pattern,pattern-not,severity,source-url,technology",False,True,True,False,False,False,False,"$ARG,$X,$Y,$Z","$ARG,$X,$Y,$Z","[{""$ARG"": 4, ""$X"": 2, ""$Y"": 2, ""$Z"": 2}]",2,False,True,True,False,False,False,"C2,C3","plain_metavar,unnamed_ellipsis"
/home/moscovin/Documents/eboss/semgrep-rules-aggregate/scrap/lambdasec-autogrep/generated_rules__c__vuln-nasm-6ac6ac57.yaml,lambdasec-autogrep,0,0,vuln-nasm-6ac6ac57,A4,Negation / Filtering,"category,cwe,id,languages,message,metadata,pattern,pattern-not,severity,source-url,technology",False,True,True,False,False,False,False,"$EOP,$SUBEXPR","$EOP,$SUBEXPR","[{""$EOP"": 7, ""$SUBEXPR"": 8}]",2,False,True,False,False,False,False,C2,plain_metavar
/home/moscovin/Documents/eboss/semgrep-rules-aggregate/scrap/lambdasec-autogrep/generated_rules__c__vuln-nasm-7c88289e.yaml,lambdasec-autogrep,0,0,vuln-nasm-7c88289e,A4,Negation / Filtering,"category,cwe,id,languages,message,metadata,owasp,pattern,pattern-not,severity,source-url,technology",False,True,True,False,False,False,False,"$FROM,$LEN,$P,$T","$FROM,$LEN,$P,$T","[{""$FROM"": 3, ""$LEN"": 4, ""$P"": 5, ""$T"": 2}]",2,False,True,True,False,False,False,"C2,C3","plain_metavar,unnamed_ellipsis"
/home/moscovin/Documents/eboss/semgrep-rules-aggregate/scrap/lambdasec-autogrep/generated_rules__c__vuln-nasm-98578071.yaml,lambdasec-autogrep,0,0,vuln-nasm-98578071,A4,Negation / Filtering,"category,cwe,id,languages,message,metadata,pattern,pattern-not,severity,source-url,technology",False,True,True,False,False,False,False,"$LABEL,$OFFSET,$SEGMENT,$SPECIAL","$LABEL,$OFFSET,$SEGMENT","[{""$LABEL"": 2, ""$OFFSET"": 2, ""$SEGMENT"": 2, ""$SPECIAL"": 1}]",2,False,True,False,False,False,False,C2,plain_metavar
/home/moscovin/Documents/eboss/semgrep-rules-aggregate/scrap/lambdasec-autogrep/generated_rules__c__vuln-nasm-ceec0d81.yaml,lambdasec-autogrep,0,0,vuln-nasm-ceec0d81,A4,Negation / Filtering,"category,cwe,id,languages,message,metadata,owasp,pattern,pattern-not,severity,source-url,technology",False,True,True,False,False,False,False,"$F,$J","$F,$J","[{""$F"": 4, ""$J"": 2}]",2,False,True,True,False,False,False,"C2,C3","plain_metavar,unnamed_ellipsis"
/home/moscovin/Documents/eboss/semgrep-rules-aggregate/scrap/lambdasec-autogrep/generated_rules__c__vuln-ndpi-23594f03.yaml,lambdasec-autogrep,0,0,vuln-ndpi-23594f03,A4,Negation / Filtering,"category,cwe,id,languages,message,metadata,owasp,pattern,pattern-not,references,severity,source-url,technology",False,True,True,False,False,False,False,"$BUFFER,$RDNBUF","$BUFFER,$RDNBUF","[{""$BUFFER"": 2, ""$RDNBUF"": 2}]",2,False,True,False,False,False,False,C2,plain_metavar
/home/moscovin/Documents/eboss/semgrep-rules-aggregate/scrap/lambdasec-autogrep/generated_rules__c__vuln-ndpi-61066fb1.yaml,lambdasec-autogrep,0,0,vuln-ndpi-61066fb1,A4,Negation / Filtering,"category,cwe,id,languages,message,metadata,owasp,pattern,pattern-not,references,severity,source-url,technology",False,True,True,False,False,False,False,"$A1,$DIFF,$FLOW,$PACKET","$A1,$DIFF,$FLOW,$PACKET","[{""$A1"": 2, ""$DIFF"": 2, ""$FLOW"": 2, ""$PACKET"": 2}]",2,False,True,False,False,False,False,C2,plain_metavar
/home/moscovin/Documents/eboss/semgrep-rules-aggregate/scrap/lambdasec-autogrep/generated_rules__c__vuln-ndpi-b69177be.yaml,lambdasec-autogrep,0,0,vuln-ndpi-b69177be,A4,Negation / Filtering,"category,cwe,id,languages,message,metadata,owasp,pattern,pattern-not,severity,source-url,technology",False,True,True,False,False,False,False,$PACKET,$PACKET,"[{""$PACKET"": 7}]",2,False,True,False,False,False,False,C2,plain_metavar
/home/moscovin/Documents/eboss/semgrep-rules-aggregate/scrap/lambdasec-autogrep/generated_rules__c__vuln-neomutt-9c36717a.yaml,lambdasec-autogrep,0,0,vuln-neomutt-9c36717a,A4,Negation / Filtering,"category,cwe,id,languages,message,metadata,owasp,pattern,pattern-not,references,severity,source-url,technology",True,False,False,False,False,False,False,,,[],2,True,False,False,False,False,False,C1,no_metavar
/home/moscovin/Documents/eboss/semgrep-rules-aggregate/scrap/lambdasec-autogrep/generated_rules__c__vuln-neomutt-e5239374.yaml,lambdasec-autogrep,0,0,vuln-neomutt-e5239374,A4,Negation / Filtering,"category,cwe,id,languages,message,metadata,owasp,pattern,pattern-not,severity,source-url,technology",False,True,True,False,False,False,False,"$DEST,$DLEN,$QUOTE_BACKTICK,$SRC","$DEST,$DLEN,$SRC","[{""$DEST"": 2, ""$DLEN"": 2, ""$QUOTE_BACKTICK"": 1, ""$SRC"": 2}]",2,False,True,False,False,False,False,C2,plain_metavar
/home/moscovin/Documents/eboss/semgrep-rules-aggregate/scrap/lambdasec-autogrep/generated_rules__c__vuln-nfdump-9f0fe956.yaml,lambdasec-autogrep,0,0,vuln-nfdump-9f0fe956,A4,Negation / Filtering,"category,cwe,id,languages,message,metadata,owasp,pattern,pattern-not,references,severity,source-url,technology",False,True,True,False,False,False,False,"$BUFFER,$ERROR_HANDLING,$RECORD","$BUFFER,$RECORD","[{""$BUFFER"": 2, ""$ERROR_HANDLING"": 1, ""$RECORD"": 2}]",2,False,True,False,False,False,False,C2,plain_metavar
/home/moscovin/Documents/eboss/semgrep-rules-aggregate/scrap/lambdasec-autogrep/generated_rules__c__vuln-nfdump-fd3d3dbb.yaml,lambdasec-autogrep,0,0,vuln-nfdump-fd3d3dbb,A4,Negation / Filtering,"category,cwe,id,languages,message,metadata,owasp,pattern,pattern-not,references,severity,source-url,technology",False,True,True,False,False,False,False,"$DATA,$DST,$IDENT,$IP_OFF,$LENGTH,$SRC,$WHEN","$DATA,$DST,$IDENT,$IP_OFF,$LENGTH,$SRC","[{""$DATA"": 2, ""$DST"": 2, ""$IDENT"": 2, ""$IP_OFF"": 2, ""$LENGTH"": 2, ""$SRC"": 2, ""$WHEN"": 1}]",2,False,True,False,False,False,False,C2,plain_metavar
/home/moscovin/Documents/eboss/semgrep-rules-aggregate/scrap/lambdasec-autogrep/generated_rules__c__vuln-ngiflib-84a75033.yaml,lambdasec-autogrep,0,0,vuln-ngiflib-84a75033,A4,Negation / Filtering,"category,cwe,id,languages,message,metadata,owasp,pattern,pattern-not,severity,source-url,technology",False,True,True,False,False,False,False,"$CURRENT_PALETTE,$FTGA,$I,$IMG","$CURRENT_PALETTE,$FTGA,$I,$IMG","[{""$CURRENT_PALETTE"": 3, ""$FTGA"": 6, ""$I"": 6, ""$IMG"": 3}]",2,False,True,False,False,False,False,C2,plain_metavar
/home/moscovin/Documents/eboss/semgrep-rules-aggregate/scrap/lambdasec-autogrep/generated_rules__c__vuln-ntp-8a0c765f.yaml,lambdasec-autogrep,0,0,vuln-ntp-8a0c765f,A4,Negation / Filtering,"category,cwe,id,languages,message,metadata,owasp,pattern,pattern-not,severity,source-url,technology",True,False,False,False,False,False,False,,,[],2,True,False,True,False,False,False,"C1,C3","no_metavar,unnamed_ellipsis"
/home/moscovin/Documents/eboss/semgrep-rules-aggregate/scrap/lambdasec-autogrep/generated_rules__c__vuln-ntp-99e5c6cd.yaml,lambdasec-autogrep,0,0,vuln-ntp-99e5c6cd,A4,Negation / Filtering,"category,cwe,id,languages,message,metadata,owasp,pattern,pattern-not,references,severity,source-url,technology",False,True,True,False,False,False,False,"$FORMAT,$SIZE,$STATSTR","$FORMAT,$STATSTR","[{""$FORMAT"": 2, ""$SIZE"": 1, ""$STATSTR"": 2}]",2,False,True,True,False,False,False,"C2,C3","plain_metavar,unnamed_ellipsis"
/home/moscovin/Documents/eboss/semgrep-rules-aggregate/scrap/lambdasec-autogrep/generated_rules__c__vuln-ok-file-formats-a9cc1711.yaml,lambdasec-autogrep,0,0,vuln-ok-file-formats-a9cc1711,A4,Negation / Filtering,"category,cwe,id,languages,message,metadata,owasp,pattern,pattern-not,severity,source-url,technology",False,True,True,False,False,False,False,"$BITS,$HUFF,$I,$J,$K,$LEN","$BITS,$HUFF,$I,$J,$K,$LEN","[{""$BITS"": 4, ""$HUFF"": 5, ""$I"": 4, ""$J"": 3, ""$K"": 4, ""$LEN"": 5}]",2,False,True,True,False,False,False,"C2,C3","plain_metavar,unnamed_ellipsis"
/home/moscovin/Documents/eboss/semgrep-rules-aggregate/scrap/lambdasec-autogrep/generated_rules__c__vuln-open-vm-tools-76dccec4.yaml,lambdasec-autogrep,0,0,vuln-open-vm-tools-76dccec4,A4,Negation / Filtering,"category,cwe,id,languages,message,metadata,owasp,pattern,pattern-not,references,severity,source-url,technology",True,False,False,False,False,False,False,,,[],2,True,False,False,False,False,False,C1,no_metavar
/home/moscovin/Documents/eboss/semgrep-rules-aggregate/scrap/lambdasec-autogrep/generated_rules__c__vuln-open5gs-9b762158.yaml,lambdasec-autogrep,0,0,vuln-open5gs-9b762158,A4,Negation / Filtering,"category,cwe,id,languages,message,metadata,owasp,pattern,pattern-not,severity,source-url,technology",False,True,True,False,False,False,False,"$DISCOVERY_OPTION,$FIELD,$MESSAGE","$DISCOVERY_OPTION,$FIELD,$MESSAGE","[{""$DISCOVERY_OPTION"": 2, ""$FIELD"": 2, ""$MESSAGE"": 2}]",2,False,True,False,False,False,False,C2,plain_metavar
/home/moscovin/Documents/eboss/semgrep-rules-aggregate/scrap/lambdasec-autogrep/generated_rules__c__vuln-open5gs-a5010a61.yaml,lambdasec-autogrep,0,0,vuln-open5gs-a5010a61,A4,Negation / Filtering,"category,cwe,id,languages,message,metadata,owasp,pattern,pattern-not,references,severity,source-url,technology",True,False,False,False,False,False,False,,,[],2,True,False,False,False,False,False,C1,no_metavar
/home/moscovin/Documents/eboss/semgrep-rules-aggregate/scrap/lambdasec-autogrep/generated_rules__c__vuln-open5gs-c2f6a020.yaml,lambdasec-autogrep,0,0,vuln-open5gs-c2f6a020,A4,Negation / Filtering,"category,cwe,id,languages,message,metadata,owasp,pattern,pattern-not,severity,source-url,technology",False,True,True,False,False,False,False,"$BLK,$LENGTH,$POS","$BLK,$LENGTH,$POS","[{""$BLK"": 2, ""$LENGTH"": 2, ""$POS"": 2}]",2,False,True,True,False,False,False,"C2,C3","plain_metavar,unnamed_ellipsis"
/home/moscovin/Documents/eboss/semgrep-rules-aggregate/scrap/lambdasec-autogrep/generated_rules__c__vuln-openjpeg-05be3084.yaml,lambdasec-autogrep,0,0,vuln-openjpeg-05be3084,A4,Negation / Filtering,"category,cwe,id,languages,message,metadata,owasp,pattern,pattern-not,severity,source-url,technology",False,True,True,False,False,False,False,$VAR,$VAR,"[{""$VAR"": 2}]",2,False,True,False,False,False,False,C2,plain_metavar
/home/moscovin/Documents/eboss/semgrep-rules-aggregate/scrap/lambdasec-autogrep/generated_rules__c__vuln-openjpeg-0bc90e40.yaml,lambdasec-autogrep,0,0,vuln-openjpeg-0bc90e40,A4,Negation / Filtering,"category,cwe,id,languages,message,metadata,owasp,pattern,pattern-not,references,severity,source-url,technology",False,True,True,False,False,False,False,$F,$F,"[{""$F"": 2}]",2,False,True,True,False,False,False,"C2,C3","plain_metavar,unnamed_ellipsis"
/home/moscovin/Documents/eboss/semgrep-rules-aggregate/scrap/lambdasec-autogrep/generated_rules__c__vuln-openjpeg-15cf3d95.yaml,lambdasec-autogrep,0,0,vuln-openjpeg-15cf3d95,A4,Negation / Filtering,"category,cwe,id,languages,message,metadata,owasp,pattern,pattern-not,references,severity,source-url,technology",False,True,True,False,False,False,False,"$L_DATA_SIZE,$X0,$X1","$L_DATA_SIZE,$X0,$X1","[{""$L_DATA_SIZE"": 2, ""$X0"": 2, ""$X1"": 2}]",2,False,True,True,False,False,False,"C2,C3","plain_metavar,unnamed_ellipsis"
/home/moscovin/Documents/eboss/semgrep-rules-aggregate/scrap/lambdasec-autogrep/generated_rules__c__vuln-openjpeg-162f6199.yaml,lambdasec-autogrep,0,0,vuln-openjpeg-162f6199,A4,Negation / Filtering,"category,cwe,id,languages,message,metadata,owasp,pattern,pattern-not,references,severity,source-url,technology",False,True,True,False,False,False,False,$IMAGE,$IMAGE,"[{""$IMAGE"": 14}]",2,False,True,False,False,False,False,C2,plain_metavar
/home/moscovin/Documents/eboss/semgrep-rules-aggregate/scrap/lambdasec-autogrep/generated_rules__c__vuln-openjpeg-18b1138f.yaml,lambdasec-autogrep,0,0,vuln-openjpeg-18b1138f,A4,Negation / Filtering,"category,cwe,id,languages,message,metadata,owasp,pattern,pattern-not,references,severity,source-url,technology",False,True,True,False,False,False,False,"$IMAGE,$NUM_POCS_TILE,$PARAMETERS,$TCP_POC","$NUM_POCS_TILE,$PARAMETERS,$TCP_POC","[{""$IMAGE"": 1, ""$NUM_POCS_TILE"": 2, ""$PARAMETERS"": 2, ""$TCP_POC"": 2}]",2,False,True,False,False,False,False,C2,plain_metavar
/home/moscovin/Documents/eboss/semgrep-rules-aggregate/scrap/lambdasec-autogrep/generated_rules__c__vuln-openjpeg-2cd30c2b.yaml,lambdasec-autogrep,0,0,vuln-openjpeg-2cd30c2b,A4,Negation / Filtering,"category,cwe,id,languages,message,metadata,owasp,pattern,pattern-not,severity,source-url,technology",True,False,False,False,False,False,False,,,[],2,True,False,False,False,False,False,C1,no_metavar
/home/moscovin/Documents/eboss/semgrep-rules-aggregate/scrap/lambdasec-autogrep/generated_rules__c__vuln-openjpeg-2fa0fc61.yaml,lambdasec-autogrep,0,0,vuln-openjpeg-2fa0fc61,A4,Negation / Filtering,"category,cwe,id,languages,message,metadata,owasp,pattern,pattern-not,references,severity,source-url,technology",False,True,True,False,False,False,False,"$COMP1,$COMP2,$COMP3,$EXPR,$IMAGE","$COMP1,$COMP2,$COMP3","[{""$COMP1"": 3, ""$COMP2"": 6, ""$COMP3"": 3, ""$EXPR"": 1, ""$IMAGE"": 1}]",2,False,True,False,False,False,False,C2,plain_metavar
/home/moscovin/Documents/eboss/semgrep-rules-aggregate/scrap/lambdasec-autogrep/generated_rules__c__vuln-openjpeg-397f62c0.yaml,lambdasec-autogrep,0,0,vuln-openjpeg-397f62c0,A4,Negation / Filtering,"category,cwe,id,languages,message,metadata,owasp,pattern,pattern-not,references,severity,source-url,technology",False,True,True,False,False,False,False,"$SIZE,$X0,$X1,$Y0,$Y1","$SIZE,$X0,$X1,$Y0,$Y1","[{""$SIZE"": 2, ""$X0"": 2, ""$X1"": 2, ""$Y0"": 2, ""$Y1"": 2}]",2,False,True,False,False,False,False,C2,plain_metavar
/home/moscovin/Documents/eboss/semgrep-rules-aggregate/scrap/lambdasec-autogrep/generated_rules__c__vuln-openjpeg-6daf5f3e.yaml,lambdasec-autogrep,0,0,vuln-openjpeg-6daf5f3e,A4,Negation / Filtering,"category,cwe,id,languages,message,metadata,owasp,pattern,pattern-not,references,severity,source-url,technology",False,True,True,False,False,False,False,"$LEVEL,$ORIENT,$VAR","$LEVEL,$ORIENT,$VAR","[{""$LEVEL"": 2, ""$ORIENT"": 2, ""$VAR"": 2}]",2,False,True,False,False,False,False,C2,plain_metavar
/home/moscovin/Documents/eboss/semgrep-rules-aggregate/scrap/lambdasec-autogrep/generated_rules__c__vuln-openjpeg-a1d32a59.yaml,lambdasec-autogrep,0,0,vuln-openjpeg-a1d32a59,A4,Negation / Filtering,"category,cwe,id,languages,message,metadata,owasp,pattern,pattern-not,references,severity,source-url,technology",False,True,True,False,False,False,False,"$INDEX,$SHIFT,$VAR","$INDEX,$SHIFT,$VAR","[{""$INDEX"": 2, ""$SHIFT"": 2, ""$VAR"": 2}]",2,False,True,False,False,False,False,C2,plain_metavar
/home/moscovin/Documents/eboss/semgrep-rules-aggregate/scrap/lambdasec-autogrep/generated_rules__c__vuln-openjpeg-ad593c9e.yaml,lambdasec-autogrep,0,0,vuln-openjpeg-ad593c9e,A4,Negation / Filtering,"category,cwe,id,languages,message,metadata,owasp,pattern,pattern-not,references,severity,source-url,technology",False,True,True,False,False,False,False,$IMAGE,$IMAGE,"[{""$IMAGE"": 10}]",2,False,True,False,False,False,False,C2,plain_metavar
/home/moscovin/Documents/eboss/semgrep-rules-aggregate/scrap/lambdasec-autogrep/generated_rules__c__vuln-openjpeg-afb308b9.yaml,lambdasec-autogrep,0,0,vuln-openjpeg-afb308b9,A4,Negation / Filtering,"category,cwe,id,languages,message,metadata,owasp,pattern,pattern-not,references,severity,source-url,technology",False,True,True,False,False,False,False,"$LHS,$X0,$X1","$LHS,$X0,$X1","[{""$LHS"": 2, ""$X0"": 2, ""$X1"": 2}]",2,False,True,True,False,False,False,"C2,C3","plain_metavar,unnamed_ellipsis"
/home/moscovin/Documents/eboss/semgrep-rules-aggregate/scrap/lambdasec-autogrep/generated_rules__c__vuln-openjpeg-b2072402.yaml,lambdasec-autogrep,0,0,vuln-openjpeg-b2072402,A4,Negation / Filtering,"category,cwe,id,languages,message,metadata,owasp,pattern,pattern-not,references,severity,source-url,technology",False,True,True,False,False,False,False,"$EXPR1,$EXPR2,$EXPR3,$EXPR4","$EXPR1,$EXPR2,$EXPR3","[{""$EXPR1"": 2, ""$EXPR2"": 2, ""$EXPR3"": 2, ""$EXPR4"": 1}]",2,False,True,False,False,False,False,C2,plain_metavar
/home/moscovin/Documents/eboss/semgrep-rules-aggregate/scrap/lambdasec-autogrep/generated_rules__c__vuln-openjpeg-dcac91b8.yaml,lambdasec-autogrep,0,0,vuln-openjpeg-dcac91b8,A4,Negation / Filtering,"category,cwe,id,languages,message,metadata,owasp,pattern,pattern-not,references,severity,source-url,technology",False,True,True,False,False,False,False,"$DATA,$J2K,$MANAGER,$NB_BYTES_WRITTEN,$STREAM,$TOTAL_DATA_SIZE","$DATA,$J2K,$MANAGER,$NB_BYTES_WRITTEN,$STREAM","[{""$DATA"": 2, ""$J2K"": 2, ""$MANAGER"": 2, ""$NB_BYTES_WRITTEN"": 2, ""$STREAM"": 2, ""$TOTAL_DATA_SIZE"": 1}]",2,False,True,False,False,False,False,C2,plain_metavar
/home/moscovin/Documents/eboss/semgrep-rules-aggregate/scrap/lambdasec-autogrep/generated_rules__c__vuln-openjpeg-e1740e7c.yaml,lambdasec-autogrep,0,0,vuln-openjpeg-e1740e7c,A4,Negation / Filtering,"category,cwe,id,languages,message,metadata,owasp,pattern,pattern-not,severity,source-url,technology",False,True,True,False,False,False,False,"$INDEX,$PI","$INDEX,$PI","[{""$INDEX"": 2, ""$PI"": 3}]",2,False,True,False,False,False,False,C2,plain_metavar
/home/moscovin/Documents/eboss/semgrep-rules-aggregate/scrap/lambdasec-autogrep/generated_rules__c__vuln-openldap-2f1a2dd3.yaml,lambdasec-autogrep,0,0,vuln-openldap-2f1a2dd3,A4,Negation / Filtering,"category,cwe,id,languages,message,metadata,owasp,pattern,pattern-not,severity,source-url,technology",False,True,True,False,False,False,False,"$NEXT,$P,$VRF","$NEXT,$P,$VRF","[{""$NEXT"": 6, ""$P"": 7, ""$VRF"": 6}]",2,False,True,True,False,False,False,"C2,C3","plain_metavar,unnamed_ellipsis"
/home/moscovin/Documents/eboss/semgrep-rules-aggregate/scrap/lambdasec-autogrep/generated_rules__c__vuln-openldap-463c1fa2.yaml,lambdasec-autogrep,0,0,vuln-openldap-463c1fa2,A4,Negation / Filtering,"category,cwe,id,languages,message,metadata,owasp,pattern,pattern-not,references,severity,source-url,technology",False,True,True,False,False,False,False,"$A,$I,$J,$TMP","$A,$I,$J,$TMP","[{""$A"": 4, ""$I"": 5, ""$J"": 16, ""$TMP"": 4}]",2,False,True,True,False,False,False,"C2,C3","plain_metavar,unnamed_ellipsis"
/home/moscovin/Documents/eboss/semgrep-rules-aggregate/scrap/lambdasec-autogrep/generated_rules__c__vuln-openldap-fbe5611e.yaml,lambdasec-autogrep,0,0,vuln-openldap-fbe5611e,A4,Negation / Filtering,"category,cwe,id,languages,message,metadata,owasp,pattern,pattern-not,severity,source-url,technology",False,True,True,False,False,False,False,"$AUTHC_DN,$AUTHZ_DN,$OP,$RC,$ZBE","$AUTHC_DN,$OP,$RC,$ZBE","[{""$AUTHC_DN"": 2, ""$AUTHZ_DN"": 1, ""$OP"": 3, ""$RC"": 2, ""$ZBE"": 3}]",2,False,True,False,False,False,False,C2,plain_metavar
/home/moscovin/Documents/eboss/semgrep-rules-aggregate/scrap/lambdasec-autogrep/generated_rules__c__vuln-opensc-03628449.yaml,lambdasec-autogrep,0,0,vuln-opensc-03628449,A4,Negation / Filtering,"category,cwe,id,languages,message,metadata,owasp,pattern,pattern-not,severity,source-url,technology",False,True,True,False,False,False,False,"$LPATH,$PATH",$LPATH,"[{""$LPATH"": 14, ""$PATH"": 1}]",2,False,True,False,False,False,False,C2,plain_metavar
/home/moscovin/Documents/eboss/semgrep-rules-aggregate/scrap/lambdasec-autogrep/generated_rules__c__vuln-opensc-1db88374.yaml,lambdasec-autogrep,0,0,vuln-opensc-1db88374,A4,Negation / Filtering,"category,cwe,id,languages,message,metadata,owasp,pattern,pattern-not,severity,source-url,technology",False,True,True,False,False,False,False,"$II,$NOBJS,$OBJS,$P15CARD,$RV,$SIZE,$TYPE","$II,$NOBJS,$OBJS,$P15CARD,$RV,$SIZE,$TYPE","[{""$II"": 6, ""$NOBJS"": 3, ""$OBJS"": 2, ""$P15CARD"": 2, ""$RV"": 3, ""$SIZE"": 2, ""$TYPE"": 2}]",2,False,True,True,False,False,False,"C2,C3","plain_metavar,unnamed_ellipsis"
/home/moscovin/Documents/eboss/semgrep-rules-aggregate/scrap/lambdasec-autogrep/generated_rules__c__vuln-opensc-6ce61522.yaml,lambdasec-autogrep,0,0,vuln-opensc-6ce61522,A4,Negation / Filtering,"category,cwe,id,languages,message,metadata,owasp,pattern,pattern-not,references,severity,source-url,technology",False,True,True,False,False,False,False,$VAR1,$VAR1,"[{""$VAR1"": 3}]",2,True,True,False,False,False,False,"C1,C2","no_metavar,plain_metavar"
/home/moscovin/Documents/eboss/semgrep-rules-aggregate/scrap/lambdasec-autogrep/generated_rules__c__vuln-opensc-868f76fb.yaml,lambdasec-autogrep,0,0,vuln-opensc-868f76fb,A4,Negation / Filtering,"category,cwe,id,languages,message,metadata,owasp,pattern,pattern-not,severity,source-url,technology",False,True,True,False,False,False,False,"$AUTH_INFO,$CTX,$P15CARD,$PINLEN,$PIN_OBJ,$R","$PINLEN,$R","[{""$AUTH_INFO"": 1, ""$CTX"": 1, ""$P15CARD"": 1, ""$PINLEN"": 2, ""$PIN_OBJ"": 1, ""$R"": 3}]",2,False,True,True,False,False,False,"C2,C3","plain_metavar,unnamed_ellipsis"
/home/moscovin/Documents/eboss/semgrep-rules-aggregate/scrap/lambdasec-autogrep/generated_rules__c__vuln-opensips-7cab422e.yaml,lambdasec-autogrep,0,0,vuln-opensips-7cab422e,A4,Negation / Filtering,"category,cwe,id,languages,message,metadata,owasp,pattern,pattern-not,severity,source-url,technology",False,True,True,False,False,False,False,"$EXPR,$NUMBER","$EXPR,$NUMBER","[{""$EXPR"": 2, ""$NUMBER"": 6}]",2,False,True,True,False,False,False,"C2,C3","plain_metavar,unnamed_ellipsis"
/home/moscovin/Documents/eboss/semgrep-rules-aggregate/scrap/lambdasec-autogrep/generated_rules__c__vuln-opensips-8f87c7c0.yaml,lambdasec-autogrep,0,0,vuln-opensips-8f87c7c0,A4,Negation / Filtering,"category,cwe,id,languages,message,metadata,owasp,pattern,pattern-not,severity,source-url,technology",False,True,True,False,False,False,False,"$MSG,$S,$STREAM","$MSG,$S","[{""$MSG"": 2, ""$S"": 2, ""$STREAM"": 1}]",2,False,True,False,False,False,False,C2,plain_metavar
/home/moscovin/Documents/eboss/semgrep-rules-aggregate/scrap/lambdasec-autogrep/generated_rules__c__vuln-opensips-b2dffe4b.yaml,lambdasec-autogrep,0,0,vuln-opensips-b2dffe4b,A4,Negation / Filtering,"category,cwe,id,languages,message,metadata,owasp,pattern,pattern-not,severity,source-url,technology",True,False,False,False,False,False,False,,,[],2,True,False,False,False,False,False,C1,no_metavar
/home/moscovin/Documents/eboss/semgrep-rules-aggregate/scrap/lambdasec-autogrep/generated_rules__c__vuln-opensips-dd051f8e.yaml,lambdasec-autogrep,0,0,vuln-opensips-dd051f8e,A4,Negation / Filtering,"category,cwe,id,languages,message,metadata,owasp,pattern,pattern-not,references,severity,source-url,technology",False,True,True,False,False,False,False,"$LMP,$TMP",$TMP,"[{""$LMP"": 1, ""$TMP"": 3}]",2,False,True,True,False,False,False,"C2,C3","plain_metavar,unnamed_ellipsis"
/home/moscovin/Documents/eboss/semgrep-rules-aggregate/scrap/lambdasec-autogrep/generated_rules__c__vuln-opensips-e2f13d37.yaml,lambdasec-autogrep,0,0,vuln-opensips-e2f13d37,A4,Negation / Filtering,"category,cwe,id,languages,message,metadata,owasp,pattern,pattern-not,severity,source-url,technology",False,True,True,False,False,False,False,"$VAL,$_IP","$VAL,$_IP","[{""$VAL"": 2, ""$_IP"": 2}]",2,False,True,False,False,False,False,C2,plain_metavar
/home/moscovin/Documents/eboss/semgrep-rules-aggregate/scrap/lambdasec-autogrep/generated_rules__c__vuln-openssl-0ed26acc.yaml,lambdasec-autogrep,0,0,vuln-openssl-0ed26acc,A4,Negation / Filtering,"category,cwe,id,languages,message,metadata,owasp,pattern,pattern-not,references,severity,source-url,technology",False,True,True,False,False,False,False,"$BIO,$BUF,$LEN,$OBJ","$BIO,$BUF,$LEN,$OBJ","[{""$BIO"": 3, ""$BUF"": 6, ""$LEN"": 2, ""$OBJ"": 2}]",2,False,True,False,False,False,False,C2,plain_metavar
/home/moscovin/Documents/eboss/semgrep-rules-aggregate/scrap/lambdasec-autogrep/generated_rules__c__vuln-openssl-a801bf26.yaml,lambdasec-autogrep,0,0,vuln-openssl-a801bf26,A4,Negation / Filtering,"category,cwe,id,languages,message,metadata,owasp,pattern,pattern-not,severity,source-url,technology",False,True,True,False,False,False,False,"$CALL,$FUNC","$CALL,$FUNC","[{""$CALL"": 2, ""$FUNC"": 2}]",2,False,True,True,False,False,False,"C2,C3","plain_metavar,unnamed_ellipsis"
/home/moscovin/Documents/eboss/semgrep-rules-aggregate/scrap/lambdasec-autogrep/generated_rules__c__vuln-openssl-b013765a.yaml,lambdasec-autogrep,0,0,vuln-openssl-b013765a,A4,Negation / Filtering,"category,cwe,id,languages,message,metadata,owasp,pattern,pattern-not,severity,source-url,technology",False,True,True,False,False,False,False,"$CBCALLED,$CTX,$FUNC,$I","$CBCALLED,$CTX,$FUNC,$I","[{""$CBCALLED"": 3, ""$CTX"": 2, ""$FUNC"": 2, ""$I"": 8}]",2,False,True,True,False,False,False,"C2,C3","plain_metavar,unnamed_ellipsis"
/home/moscovin/Documents/eboss/semgrep-rules-aggregate/scrap/lambdasec-autogrep/generated_rules__c__vuln-openswan-9eaa6c2a.yaml,lambdasec-autogrep,0,0,vuln-openswan-9eaa6c2a,A4,Negation / Filtering,"category,cwe,id,languages,message,metadata,owasp,pattern,pattern-not,severity,source-url,technology",False,True,True,False,False,False,False,"$CNT_FFS,$P,$PADLEN,$PSIG,$S","$CNT_FFS,$P,$PADLEN,$PSIG,$S","[{""$CNT_FFS"": 2, ""$P"": 4, ""$PADLEN"": 4, ""$PSIG"": 2, ""$S"": 5}]",2,False,True,True,False,False,False,"C2,C3","plain_metavar,unnamed_ellipsis"
/home/moscovin/Documents/eboss/semgrep-rules-aggregate/scrap/lambdasec-autogrep/generated_rules__c__vuln-openvpn-1cfca659.yaml,lambdasec-autogrep,0,0,vuln-openvpn-1cfca659,A4,Negation / Filtering,"category,cwe,id,languages,message,metadata,owasp,pattern,pattern-not,references,severity,source-url,technology",False,True,True,False,False,False,False,$C,$C,"[{""$C"": 6}]",2,False,True,False,False,False,False,C2,plain_metavar
/home/moscovin/Documents/eboss/semgrep-rules-aggregate/scrap/lambdasec-autogrep/generated_rules__c__vuln-openvpn-42639294.yaml,lambdasec-autogrep,0,0,vuln-openvpn-42639294,A4,Negation / Filtering,"category,cwe,id,languages,message,metadata,owasp,pattern,pattern-not,references,severity,source-url,technology",False,True,False,False,False,False,False,$GC,,"[{""$GC"": 1}]",2,True,True,False,False,False,False,"C1,C2","no_metavar,plain_metavar"
/home/moscovin/Documents/eboss/semgrep-rules-aggregate/scrap/lambdasec-autogrep/generated_rules__c__vuln-openvpn-7718c898.yaml,lambdasec-autogrep,0,0,vuln-openvpn-7718c898,A4,Negation / Filtering,"category,cwe,id,languages,message,metadata,owasp,pattern,pattern-not,references,severity,source-url,technology",False,True,True,False,False,False,False,"$BUF,$INDEX,$LEN,$NULL,$POS,$PTR","$BUF,$INDEX,$POS,$PTR","[{""$BUF"": 7, ""$INDEX"": 2, ""$LEN"": 1, ""$NULL"": 1, ""$POS"": 3, ""$PTR"": 2}]",2,False,True,True,False,False,False,"C2,C3","plain_metavar,unnamed_ellipsis"
/home/moscovin/Documents/eboss/semgrep-rules-aggregate/scrap/lambdasec-autogrep/generated_rules__c__vuln-openvpn-c3f47077.yaml,lambdasec-autogrep,0,0,vuln-openvpn-c3f47077,A4,Negation / Filtering,"category,cwe,id,languages,message,metadata,owasp,pattern,pattern-not,references,severity,source-url,technology",False,True,True,False,False,False,False,$BUF,$BUF,"[{""$BUF"": 3}]",2,False,True,True,False,False,False,"C2,C3","plain_metavar,unnamed_ellipsis"
/home/moscovin/Documents/eboss/semgrep-rules-aggregate/scrap/lambdasec-autogrep/generated_rules__c__vuln-pgbouncer-7ca3e527.yaml,lambdasec-autogrep,0,0,vuln-pgbouncer-7ca3e527,A4,Negation / Filtering,"category,cwe,id,languages,message,metadata,owasp,pattern,pattern-not,references,severity,source-url,technology",False,True,True,False,False,False,False,"$CLIENT,$DB","$CLIENT,$DB","[{""$CLIENT"": 2, ""$DB"": 2}]",2,False,True,False,False,False,False,C2,plain_metavar
/home/moscovin/Documents/eboss/semgrep-rules-aggregate/scrap/lambdasec-autogrep/generated_rules__c__vuln-php-src-07c7df68.yaml,lambdasec-autogrep,0,0,vuln-php-src-07c7df68,A4,Negation / Filtering,"category,cwe,id,languages,message,metadata,owasp,pattern,pattern-not,severity,source-url,technology",False,True,True,False,False,False,False,"$LINKNAME,$MANIFEST,$MAXLEN","$LINKNAME,$MANIFEST","[{""$LINKNAME"": 4, ""$MANIFEST"": 2, ""$MAXLEN"": 1}]",2,False,True,False,False,False,False,C2,plain_metavar
/home/moscovin/Documents/eboss/semgrep-rules-aggregate/scrap/lambdasec-autogrep/generated_rules__c__vuln-php-src-093c08af.yaml,lambdasec-autogrep,0,0,vuln-php-src-093c08af,A4,Negation / Filtering,"category,cwe,id,languages,message,metadata,owasp,pattern,pattern-not,severity,source-url,technology",False,True,True,False,False,False,False,"$VAR,$VAR_LEN,$VAR_NAME","$VAR,$VAR_NAME","[{""$VAR"": 3, ""$VAR_LEN"": 1, ""$VAR_NAME"": 3}]",2,False,True,True,False,False,False,"C2,C3","plain_metavar,unnamed_ellipsis"
/home/moscovin/Documents/eboss/semgrep-rules-aggregate/scrap/lambdasec-autogrep/generated_rules__c__vuln-php-src-0bfb970f.yaml,lambdasec-autogrep,0,0,vuln-php-src-0bfb970f,A4,Negation / Filtering,"category,cwe,id,languages,message,metadata,owasp,pattern,pattern-not,references,severity,source-url,technology",True,False,False,False,False,False,False,,,[],2,True,False,True,False,False,False,"C1,C3","no_metavar,unnamed_ellipsis"
/home/moscovin/Documents/eboss/semgrep-rules-aggregate/scrap/lambdasec-autogrep/generated_rules__c__vuln-php-src-0e6c0654.yaml,lambdasec-autogrep,0,0,vuln-php-src-0e6c0654,A4,Negation / Filtering,"category,cwe,id,languages,message,metadata,owasp,pattern,pattern-not,references,severity,source-url,technology",False,True,True,False,False,False,False,"$FROM,$FROM_LEN,$TO,$TO_LEN","$FROM,$FROM_LEN,$TO,$TO_LEN","[{""$FROM"": 2, ""$FROM_LEN"": 2, ""$TO"": 2, ""$TO_LEN"": 2}]",2,False,True,False,False,False,False,C2,plain_metavar
/home/moscovin/Documents/eboss/semgrep-rules-aggregate/scrap/lambdasec-autogrep/generated_rules__c__vuln-php-src-16b3003f.yaml,lambdasec-autogrep,0,0,vuln-php-src-16b3003f,A4,Negation / Filtering,"category,cwe,id,languages,message,metadata,owasp,pattern,pattern-not,references,severity,source-url,technology",False,True,True,False,False,False,False,$ELEMENTS,$ELEMENTS,"[{""$ELEMENTS"": 3}]",2,True,True,False,False,False,False,"C1,C2","no_metavar,plain_metavar"
/home/moscovin/Documents/eboss/semgrep-rules-aggregate/scrap/lambdasec-autogrep/generated_rules__c__vuln-php-src-1a23ebc1.yaml,lambdasec-autogrep,0,0,vuln-php-src-1a23ebc1,A4,Negation / Filtering,"category,cwe,id,languages,message,metadata,owasp,pattern,pattern-not,references,severity,source-url,technology",True,False,False,False,False,False,False,,,[],2,True,False,False,False,False,False,C1,no_metavar
/home/moscovin/Documents/eboss/semgrep-rules-aggregate/scrap/lambdasec-autogrep/generated_rules__c__vuln-php-src-20ce2fe8.yaml,lambdasec-autogrep,0,0,vuln-php-src-20ce2fe8,A4,Negation / Filtering,"category,cwe,id,languages,message,metadata,owasp,pattern,pattern-not,severity,source-url,technology",False,True,True,False,False,False,False,"$LABEL,$VAR","$LABEL,$VAR","[{""$LABEL"": 3, ""$VAR"": 3}]",2,False,True,False,False,False,False,C2,plain_metavar
/home/moscovin/Documents/eboss/semgrep-rules-aggregate/scrap/lambdasec-autogrep/generated_rules__c__vuln-php-src-2baeb167.yaml,lambdasec-autogrep,0,0,vuln-php-src-2baeb167,A4,Negation / Filtering,"category,cwe,id,languages,message,metadata,owasp,pattern,pattern-not,references,severity,source-url,technology",False,True,True,False,False,False,False,"$BGCOLOR,$SRC",$BGCOLOR,"[{""$BGCOLOR"": 4, ""$SRC"": 1}]",2,False,True,True,False,False,False,"C2,C3","plain_metavar,unnamed_ellipsis"
/home/moscovin/Documents/eboss/semgrep-rules-aggregate/scrap/lambdasec-autogrep/generated_rules__c__vuln-php-src-2bcbc95f.yaml,lambdasec-autogrep,0,0,vuln-php-src-2bcbc95f,A4,Negation / Filtering,"category,cwe,id,languages,message,metadata,owasp,pattern,pattern-not,severity,source-url,technology",False,True,True,False,False,False,False,"$C,$C1,$W","$C,$C1,$W","[{""$C"": 7, ""$C1"": 10, ""$W"": 2}]",2,False,True,True,False,False,False,"C2,C3","plain_metavar,unnamed_ellipsis"
/home/moscovin/Documents/eboss/semgrep-rules-aggregate/scrap/lambdasec-autogrep/generated_rules__c__vuln-php-src-32c7c433.yaml,lambdasec-autogrep,0,0,vuln-php-src-32c7c433,A4,Negation / Filtering,"category,cwe,id,languages,message,metadata,owasp,pattern,pattern-not,references,severity,source-url,technology",False,True,True,False,False,False,False,$VAR,$VAR,"[{""$VAR"": 6}]",2,False,True,False,False,False,False,C2,plain_metavar
/home/moscovin/Documents/eboss/semgrep-rules-aggregate/scrap/lambdasec-autogrep/generated_rules__c__vuln-php-src-3b8d4de3.yaml,lambdasec-autogrep,0,0,vuln-php-src-3b8d4de3,A4,Negation / Filtering,"category,cwe,id,languages,message,metadata,owasp,pattern,pattern-not,severity,source-url,technology",False,True,True,False,False,False,False,"$BUFFER,$LEN","$BUFFER,$LEN","[{""$BUFFER"": 2, ""$LEN"": 2}]",2,False,True,False,False,False,False,C2,plain_metavar
/home/moscovin/Documents/eboss/semgrep-rules-aggregate/scrap/lambdasec-autogrep/generated_rules__c__vuln-php-src-426aeb28.yaml,lambdasec-autogrep,0,0,vuln-php-src-426aeb28,A4,Negation / Filtering,"category,cwe,id,languages,message,metadata,owasp,pattern,pattern-not,references,severity,source-url,technology",False,True,True,False,False,False,False,"$LEN,$S,$STR_LEN,$STR_VAL,$TMP","$LEN,$S,$STR_LEN,$TMP","[{""$LEN"": 4, ""$S"": 2, ""$STR_LEN"": 3, ""$STR_VAL"": 1, ""$TMP"": 7}]",2,False,True,True,False,False,False,"C2,C3","plain_metavar,unnamed_ellipsis"
/home/moscovin/Documents/eboss/semgrep-rules-aggregate/scrap/lambdasec-autogrep/generated_rules__c__vuln-php-src-523f230c.yaml,lambdasec-autogrep,0,0,vuln-php-src-523f230c,A4,Negation / Filtering,"category,cwe,id,languages,message,metadata,owasp,pattern,pattern-not,severity,source-url,technology",False,True,True,False,False,False,False,"$CHAR,$VAR,$VAR_LEN","$CHAR,$VAR,$VAR_LEN","[{""$CHAR"": 2, ""$VAR"": 2, ""$VAR_LEN"": 3}]",2,False,True,True,False,False,False,"C2,C3","plain_metavar,unnamed_ellipsis"
/home/moscovin/Documents/eboss/semgrep-rules-aggregate/scrap/lambdasec-autogrep/generated_rules__c__vuln-php-src-5c0455bf.yaml,lambdasec-autogrep,0,0,vuln-php-src-5c0455bf,A4,Negation / Filtering,"category,cwe,id,languages,message,metadata,owasp,pattern,pattern-not,references,rules,severity,source-url,technology",True,False,False,False,False,False,False,,,[],2,True,False,False,False,False,False,C1,no_metavar
/home/moscovin/Documents/eboss/semgrep-rules-aggregate/scrap/lambdasec-autogrep/generated_rules__c__vuln-php-src-80316123.yaml,lambdasec-autogrep,0,0,vuln-php-src-80316123,A4,Negation / Filtering,"category,cwe,id,languages,message,metadata,owasp,pattern,pattern-not,severity,source-url,technology",False,True,True,False,False,False,False,"$BUF,$DIRENT,$LEN,$TO_READ,$VAL","$BUF,$DIRENT,$TO_READ,$VAL","[{""$BUF"": 2, ""$DIRENT"": 2, ""$LEN"": 1, ""$TO_READ"": 2, ""$VAL"": 2}]",2,False,True,False,False,False,False,C2,plain_metavar
/home/moscovin/Documents/eboss/semgrep-rules-aggregate/scrap/lambdasec-autogrep/generated_rules__c__vuln-php-src-8f4a5373.yaml,lambdasec-autogrep,0,0,vuln-php-src-8f4a5373,A4,Negation / Filtering,"category,cwe,id,languages,message,metadata,owasp,pattern,pattern-not,severity,source-url,technology",False,True,True,False,False,False,False,"$CROP,$SRC","$CROP,$SRC","[{""$CROP"": 8, ""$SRC"": 4}]",2,False,True,False,False,False,False,C2,plain_metavar
/home/moscovin/Documents/eboss/semgrep-rules-aggregate/scrap/lambdasec-autogrep/generated_rules__c__vuln-php-src-907dae8b.yaml,lambdasec-autogrep,0,0,vuln-php-src-907dae8b,A4,Negation / Filtering,"category,cwe,id,languages,message,metadata,owasp,pattern,pattern-not,severity,source-url,technology",False,True,True,False,False,False,False,"$FUNC,$NAME,$RESPONSE,$RETVAL,$VAR","$FUNC,$NAME,$RESPONSE,$VAR","[{""$FUNC"": 2, ""$NAME"": 3, ""$RESPONSE"": 2, ""$RETVAL"": 1, ""$VAR"": 10}]",2,False,True,False,False,False,False,C2,plain_metavar
/home/moscovin/Documents/eboss/semgrep-rules-aggregate/scrap/lambdasec-autogrep/generated_rules__c__vuln-php-src-9649ca16.yaml,lambdasec-autogrep,0,0,vuln-php-src-9649ca16,A4,Negation / Filtering,"category,cwe,id,languages,message,metadata,owasp,pattern,pattern-not,references,severity,source-url,technology",False,True,True,False,False,False,False,$VAR,$VAR,"[{""$VAR"": 3}]",2,False,True,True,False,False,False,"C2,C3","plain_metavar,unnamed_ellipsis"
/home/moscovin/Documents/eboss/semgrep-rules-aggregate/scrap/lambdasec-autogrep/generated_rules__c__vuln-php-src-a6fdc5bb.yaml,lambdasec-autogrep,0,0,vuln-php-src-a6fdc5bb,A4,Negation / Filtering,"category,cwe,id,languages,message,metadata,owasp,pattern,pattern-not,references,severity,source-url,technology",False,True,True,False,False,False,False,"$BUF,$LOCATOR,$P,$SIZE",$P,"[{""$BUF"": 1, ""$LOCATOR"": 1, ""$P"": 3, ""$SIZE"": 1}]",2,False,True,True,False,False,False,"C2,C3","plain_metavar,unnamed_ellipsis"
/home/moscovin/Documents/eboss/semgrep-rules-aggregate/scrap/lambdasec-autogrep/generated_rules__c__vuln-php-src-aa8d3a8c.yaml,lambdasec-autogrep,0,0,vuln-php-src-aa8d3a8c,A4,Negation / Filtering,"category,cwe,id,languages,message,metadata,owasp,pattern,pattern-not,references,severity,source-url,technology",False,True,True,False,False,False,False,"$BGCOLOR,$SRC",$BGCOLOR,"[{""$BGCOLOR"": 3, ""$SRC"": 1}]",2,False,True,True,False,False,False,"C2,C3","plain_metavar,unnamed_ellipsis"
/home/moscovin/Documents/eboss/semgrep-rules-aggregate/scrap/lambdasec-autogrep/generated_rules__c__vuln-php-src-b158091e.yaml,lambdasec-autogrep,0,0,vuln-php-src-b158091e,A4,Negation / Filtering,"category,cwe,id,languages,message,metadata,owasp,pattern,pattern-not,references,severity,source-url,technology",False,True,True,False,False,False,False,"$EXPANDED,$INITIAL,$KEY,$SIGN_EXTENSION_BUG","$EXPANDED,$INITIAL,$KEY","[{""$EXPANDED"": 2, ""$INITIAL"": 2, ""$KEY"": 2, ""$SIGN_EXTENSION_BUG"": 1}]",2,False,True,False,False,False,False,C2,plain_metavar
/home/moscovin/Documents/eboss/semgrep-rules-aggregate/scrap/lambdasec-autogrep/generated_rules__c__vuln-php-src-b88393f0.yaml,lambdasec-autogrep,0,0,vuln-php-src-b88393f0,A4,Negation / Filtering,"category,cwe,id,languages,message,metadata,owasp,pattern,pattern-not,severity,source-url,technology",False,True,True,False,False,False,False,"$I,$STACK","$I,$STACK","[{""$I"": 3, ""$STACK"": 3}]",2,False,True,True,False,False,False,"C2,C3","plain_metavar,unnamed_ellipsis"
/home/moscovin/Documents/eboss/semgrep-rules-aggregate/scrap/lambdasec-autogrep/generated_rules__c__vuln-php-src-c50cef1d.yaml,lambdasec-autogrep,0,0,vuln-php-src-c50cef1d,A4,Negation / Filtering,"category,cwe,id,languages,message,metadata,owasp,pattern,pattern-not,severity,source-url,technology",False,True,False,False,False,False,False,$MAX,,"[{""$MAX"": 1}]",2,True,True,False,False,False,False,"C1,C2","no_metavar,plain_metavar"
/home/moscovin/Documents/eboss/semgrep-rules-aggregate/scrap/lambdasec-autogrep/generated_rules__c__vuln-php-src-d74907b8.yaml,lambdasec-autogrep,0,0,vuln-php-src-d74907b8,A4,Negation / Filtering,"category,cwe,id,languages,message,metadata,owasp,pattern,pattern-not,references,severity,source-url,technology",False,True,True,False,False,False,False,"$FLAGS,$LEN,$PATH","$FLAGS,$LEN,$PATH","[{""$FLAGS"": 2, ""$LEN"": 2, ""$PATH"": 2}]",2,False,True,False,False,False,False,C2,plain_metavar
/home/moscovin/Documents/eboss/semgrep-rules-aggregate/scrap/lambdasec-autogrep/generated_rules__c__vuln-php-src-da3886de.yaml,lambdasec-autogrep,0,0,vuln-php-src-da3886de,A4,Negation / Filtering,"category,cwe,id,languages,message,metadata,owasp,pattern,pattern-not,severity,source-url,technology",True,False,False,False,False,False,False,,,[],2,True,False,False,False,False,False,C1,no_metavar
/home/moscovin/Documents/eboss/semgrep-rules-aggregate/scrap/lambdasec-autogrep/generated_rules__c__vuln-php-src-e3c784f2.yaml,lambdasec-autogrep,0,0,vuln-php-src-e3c784f2,A4,Negation / Filtering,"category,cwe,id,languages,message,metadata,owasp,pattern,pattern-not,references,severity,source-url,technology",False,True,True,False,False,False,False,"$ARG,$IS_CMD_ARG,$STR","$ARG,$STR","[{""$ARG"": 2, ""$IS_CMD_ARG"": 1, ""$STR"": 2}]",2,False,True,False,False,False,False,C2,plain_metavar
/home/moscovin/Documents/eboss/semgrep-rules-aggregate/scrap/lambdasec-autogrep/generated_rules__c__vuln-php-src-e6c48213.yaml,lambdasec-autogrep,0,0,vuln-php-src-e6c48213,A4,Negation / Filtering,"category,cwe,id,languages,message,metadata,owasp,pattern,pattern-not,severity,source-url,technology",False,True,True,False,False,False,False,"$ADD_LEN,$INCR,$NEWSIZE,$SOURCE,$TARGET","$ADD_LEN,$INCR,$NEWSIZE,$SOURCE,$TARGET","[{""$ADD_LEN"": 7, ""$INCR"": 8, ""$NEWSIZE"": 10, ""$SOURCE"": 2, ""$TARGET"": 10}]",2,False,True,True,False,False,False,"C2,C3","plain_metavar,unnamed_ellipsis"
/home/moscovin/Documents/eboss/semgrep-rules-aggregate/scrap/lambdasec-autogrep/generated_rules__c__vuln-php-src-ed52bcb3.yaml,lambdasec-autogrep,0,0,vuln-php-src-ed52bcb3,A4,Negation / Filtering,"category,cwe,id,languages,message,metadata,owasp,pattern,pattern-not,severity,source-url,technology",False,True,True,False,False,False,False,"$SCALE,$VAR","$SCALE,$VAR","[{""$SCALE"": 4, ""$VAR"": 6}]",2,False,True,False,False,False,False,C2,plain_metavar
/home/moscovin/Documents/eboss/semgrep-rules-aggregate/scrap/lambdasec-autogrep/generated_rules__c__vuln-php-src-ede59c8f.yaml,lambdasec-autogrep,0,0,vuln-php-src-ede59c8f,A4,Negation / Filtering,"category,cwe,id,languages,message,metadata,owasp,pattern,pattern-not,references,severity,source-url,technology",False,True,True,False,False,False,False,"$SZ,$VAR","$SZ,$VAR","[{""$SZ"": 3, ""$VAR"": 3}]",2,False,True,False,False,False,False,C2,plain_metavar
/home/moscovin/Documents/eboss/semgrep-rules-aggregate/scrap/lambdasec-autogrep/generated_rules__c__vuln-php-src-fadb1f8c.yaml,lambdasec-autogrep,0,0,vuln-php-src-fadb1f8c,A4,Negation / Filtering,"category,cwe,id,languages,message,metadata,owasp,pattern,pattern-not,severity,source-url,technology",False,True,True,False,False,False,False,$CHILD,$CHILD,"[{""$CHILD"": 3}]",2,False,True,False,False,False,False,C2,plain_metavar
/home/moscovin/Documents/eboss/semgrep-rules-aggregate/scrap/lambdasec-autogrep/generated_rules__c__vuln-php-src-fe13566c.yaml,lambdasec-autogrep,0,0,vuln-php-src-fe13566c,A4,Negation / Filtering,"category,cwe,id,languages,message,metadata,owasp,pattern,pattern-not,severity,source-url,technology",False,True,False,False,False,False,False,$LEVEL,,"[{""$LEVEL"": 1}]",2,True,True,False,False,False,False,"C1,C2","no_metavar,plain_metavar"
/home/moscovin/Documents/eboss/semgrep-rules-aggregate/scrap/lambdasec-autogrep/generated_rules__c__vuln-pillow-6a83e432.yaml,lambdasec-autogrep,0,0,vuln-pillow-6a83e432,A4,Negation / Filtering,"category,cwe,id,languages,message,metadata,owasp,pattern,pattern-not,severity,source-url,technology",False,True,True,False,False,False,False,"$IM,$STATE","$IM,$STATE","[{""$IM"": 2, ""$STATE"": 7}]",2,False,True,True,False,False,False,"C2,C3","plain_metavar,unnamed_ellipsis"
/home/moscovin/Documents/eboss/semgrep-rules-aggregate/scrap/lambdasec-autogrep/generated_rules__c__vuln-pillow-9a2c9f72.yaml,lambdasec-autogrep,0,0,vuln-pillow-9a2c9f72,A4,Negation / Filtering,"category,cwe,id,languages,message,metadata,owasp,pattern,pattern-not,references,severity,source-url,technology",True,False,False,False,False,False,False,,,[],2,True,False,False,False,False,False,C1,no_metavar
/home/moscovin/Documents/eboss/semgrep-rules-aggregate/scrap/lambdasec-autogrep/generated_rules__c__vuln-pillow-f6926a04.yaml,lambdasec-autogrep,0,0,vuln-pillow-f6926a04,A4,Negation / Filtering,"category,cwe,id,languages,message,metadata,owasp,pattern,pattern-not,severity,source-url,technology",False,True,True,False,False,False,False,"$BYTES,$DATA,$OFFSET,$PTR",$OFFSET,"[{""$BYTES"": 1, ""$DATA"": 1, ""$OFFSET"": 2, ""$PTR"": 1}]",2,False,True,True,False,False,False,"C2,C3","plain_metavar,unnamed_ellipsis"
/home/moscovin/Documents/eboss/semgrep-rules-aggregate/scrap/lambdasec-autogrep/generated_rules__c__vuln-pjproject-077b465c.yaml,lambdasec-autogrep,0,0,vuln-pjproject-077b465c,A4,Negation / Filtering,"category,cwe,id,languages,message,metadata,owasp,pattern,pattern-not,references,severity,source-url,technology",False,True,True,False,False,False,False,"$CHR,$S,$SCANNER","$CHR,$S,$SCANNER","[{""$CHR"": 4, ""$S"": 8, ""$SCANNER"": 8}]",2,False,True,True,False,False,False,"C2,C3","plain_metavar,unnamed_ellipsis"
/home/moscovin/Documents/eboss/semgrep-rules-aggregate/scrap/lambdasec-autogrep/generated_rules__c__vuln-pjproject-db323595.yaml,lambdasec-autogrep,0,0,vuln-pjproject-db323595,A4,Negation / Filtering,"category,cwe,id,languages,message,metadata,owasp,pattern,pattern-not,references,severity,source-url,technology",False,True,True,False,False,False,False,"$DLG,$DLG_SET,$NULL,$TABLE","$DLG,$DLG_SET,$NULL,$TABLE","[{""$DLG"": 2, ""$DLG_SET"": 2, ""$NULL"": 2, ""$TABLE"": 2}]",2,False,True,True,False,False,False,"C2,C3","plain_metavar,unnamed_ellipsis"
/home/moscovin/Documents/eboss/semgrep-rules-aggregate/scrap/lambdasec-autogrep/generated_rules__c__vuln-qemu-0a794529.yaml,lambdasec-autogrep,0,0,vuln-qemu-0a794529,A4,Negation / Filtering,"category,cwe,id,languages,message,metadata,owasp,pattern,pattern-not,references,severity,source-url,technology",False,True,True,False,False,False,False,"$BUF,$COND,$FDT,$FUNC,$OFFSET,$PROP,$VAR","$BUF,$FDT,$FUNC,$OFFSET,$PROP,$VAR","[{""$BUF"": 6, ""$COND"": 1, ""$FDT"": 4, ""$FUNC"": 2, ""$OFFSET"": 4, ""$PROP"": 4, ""$VAR"": 6}]",2,False,True,False,False,False,False,C2,plain_metavar
/home/moscovin/Documents/eboss/semgrep-rules-aggregate/scrap/lambdasec-autogrep/generated_rules__c__vuln-qemu-0db89536.yaml,lambdasec-autogrep,0,0,vuln-qemu-0db89536,A4,Negation / Filtering,"category,cwe,id,languages,message,metadata,owasp,pattern,pattern-not,severity,source-url,technology",False,True,True,False,False,False,False,$S,$S,"[{""$S"": 7}]",2,False,True,True,False,False,False,"C2,C3","plain_metavar,unnamed_ellipsis"
/home/moscovin/Documents/eboss/semgrep-rules-aggregate/scrap/lambdasec-autogrep/generated_rules__c__vuln-qemu-1328fe0c.yaml,lambdasec-autogrep,0,0,vuln-qemu-1328fe0c,A4,Negation / Filtering,"category,cwe,id,languages,message,metadata,pattern,pattern-not,severity,source-url,technology",False,True,True,False,False,False,False,"$END_ADDR,$FRAME_COUNT,$ISO_TD,$NEXT,$RELATIVE_FRAME_NUMBER","$END_ADDR,$ISO_TD,$NEXT,$RELATIVE_FRAME_NUMBER","[{""$END_ADDR"": 2, ""$FRAME_COUNT"": 1, ""$ISO_TD"": 4, ""$NEXT"": 4, ""$RELATIVE_FRAME_NUMBER"": 3}]",2,False,True,True,False,False,False,"C2,C3","plain_metavar,unnamed_ellipsis"
/home/moscovin/Documents/eboss/semgrep-rules-aggregate/scrap/lambdasec-autogrep/generated_rules__c__vuln-qemu-1ab95af0.yaml,lambdasec-autogrep,0,0,vuln-qemu-1ab95af0,A4,Negation / Filtering,"category,cwe,id,languages,message,metadata,owasp,pattern,pattern-not,severity,source-url,technology",False,True,True,False,False,False,False,"$CUR_DRV,$FDCTRL","$CUR_DRV,$FDCTRL","[{""$CUR_DRV"": 4, ""$FDCTRL"": 4}]",2,False,True,False,False,False,False,C2,plain_metavar
/home/moscovin/Documents/eboss/semgrep-rules-aggregate/scrap/lambdasec-autogrep/generated_rules__c__vuln-qemu-2067d39e.yaml,lambdasec-autogrep,0,0,vuln-qemu-2067d39e,A4,Negation / Filtering,"category,cwe,id,languages,message,metadata,owasp,pattern,pattern-not,references,severity,source-url,technology",False,True,True,False,False,False,False,"$ADDR,$N,$RETURN,$SIZE","$ADDR,$N,$SIZE","[{""$ADDR"": 2, ""$N"": 2, ""$RETURN"": 1, ""$SIZE"": 2}]",2,False,True,False,False,False,False,C2,plain_metavar
/home/moscovin/Documents/eboss/semgrep-rules-aggregate/scrap/lambdasec-autogrep/generated_rules__c__vuln-qemu-26194a58.yaml,lambdasec-autogrep,0,0,vuln-qemu-26194a58,A4,Negation / Filtering,"category,cwe,id,languages,message,metadata,owasp,pattern,pattern-not,severity,source-url,technology",False,True,True,False,False,False,False,"$BUF,$NC,$SIZE","$BUF,$NC,$SIZE","[{""$BUF"": 2, ""$NC"": 3, ""$SIZE"": 2}]",2,False,True,False,False,False,False,C2,plain_metavar
/home/moscovin/Documents/eboss/semgrep-rules-aggregate/scrap/lambdasec-autogrep/generated_rules__c__vuln-qemu-27461d69.yaml,lambdasec-autogrep,0,0,vuln-qemu-27461d69,A4,Negation / Filtering,"category,cwe,id,languages,message,metadata,owasp,pattern,pattern-not,references,severity,source-url,technology",False,True,True,False,False,False,False,"$FDT,$SPAPR,$VAR","$FDT,$SPAPR,$VAR","[{""$FDT"": 6, ""$SPAPR"": 8, ""$VAR"": 12}]",2,False,True,False,False,False,False,C2,plain_metavar
/home/moscovin/Documents/eboss/semgrep-rules-aggregate/scrap/lambdasec-autogrep/generated_rules__c__vuln-qemu-2f5732e9.yaml,lambdasec-autogrep,0,0,vuln-qemu-2f5732e9,A4,Negation / Filtering,"category,cwe,id,languages,message,metadata,owasp,pattern,pattern-not,severity,source-url,technology",False,True,True,False,False,False,False,"$CONFIG_LEN,$ERROR_REPORT,$F,$VDEV","$CONFIG_LEN,$F,$VDEV","[{""$CONFIG_LEN"": 4, ""$ERROR_REPORT"": 1, ""$F"": 3, ""$VDEV"": 6}]",2,False,True,True,False,False,False,"C2,C3","plain_metavar,unnamed_ellipsis"
/home/moscovin/Documents/eboss/semgrep-rules-aggregate/scrap/lambdasec-autogrep/generated_rules__c__vuln-qemu-2fdb42d8.yaml,lambdasec-autogrep,0,0,vuln-qemu-2fdb42d8,A4,Negation / Filtering,"category,cwe,id,languages,message,metadata,owasp,pattern,pattern-not,references,severity,source-url,technology",False,True,True,False,False,False,False,"$PACKET,$SGL","$PACKET,$SGL","[{""$PACKET"": 2, ""$SGL"": 3}]",2,False,True,False,False,False,False,C2,plain_metavar
/home/moscovin/Documents/eboss/semgrep-rules-aggregate/scrap/lambdasec-autogrep/generated_rules__c__vuln-qemu-2fe76055.yaml,lambdasec-autogrep,0,0,vuln-qemu-2fe76055,A4,Negation / Filtering,"category,cwe,id,languages,message,metadata,owasp,pattern,pattern-not,severity,source-url,technology",False,True,True,False,False,False,False,"$G,$I",$I,"[{""$G"": 1, ""$I"": 6}]",2,False,True,True,False,False,False,"C2,C3","plain_metavar,unnamed_ellipsis"
/home/moscovin/Documents/eboss/semgrep-rules-aggregate/scrap/lambdasec-autogrep/generated_rules__c__vuln-qemu-36a894ae.yaml,lambdasec-autogrep,0,0,vuln-qemu-36a894ae,A4,Negation / Filtering,"category,cwe,id,languages,message,metadata,owasp,pattern,pattern-not,severity,source-url,technology",False,True,True,False,False,False,False,$ATTRS,$ATTRS,"[{""$ATTRS"": 2}]",2,False,True,False,False,False,False,C2,plain_metavar
/home/moscovin/Documents/eboss/semgrep-rules-aggregate/scrap/lambdasec-autogrep/generated_rules__c__vuln-qemu-37cee017.yaml,lambdasec-autogrep,0,0,vuln-qemu-37cee017,A4,Negation / Filtering,"category,cwe,id,languages,message,metadata,owasp,pattern,pattern-not,severity,source-url,technology",False,True,True,False,False,False,False,"$DATA,$LEN,$NIC","$DATA,$LEN,$NIC","[{""$DATA"": 2, ""$LEN"": 2, ""$NIC"": 2}]",2,False,True,False,False,False,False,C2,plain_metavar
/home/moscovin/Documents/eboss/semgrep-rules-aggregate/scrap/lambdasec-autogrep/generated_rules__c__vuln-qemu-4154c7e0.yaml,lambdasec-autogrep,0,0,vuln-qemu-4154c7e0,A4,Negation / Filtering,"category,cwe,id,languages,message,metadata,owasp,pattern,pattern-not,severity,source-url,technology",False,True,True,False,False,False,False,"$CORE,$E1000_RING_DESC_LEN,$R","$CORE,$R","[{""$CORE"": 6, ""$E1000_RING_DESC_LEN"": 1, ""$R"": 6}]",2,False,True,False,False,False,False,C2,plain_metavar
/home/moscovin/Documents/eboss/semgrep-rules-aggregate/scrap/lambdasec-autogrep/generated_rules__c__vuln-qemu-4299b90e.yaml,lambdasec-autogrep,0,0,vuln-qemu-4299b90e,A4,Negation / Filtering,"category,cwe,id,languages,message,metadata,owasp,pattern,pattern-not,severity,source-url,technology",False,True,True,False,False,False,False,"$DST,$H,$SRC,$TYPE,$VAR,$W","$DST,$H,$SRC,$TYPE,$VAR,$W","[{""$DST"": 2, ""$H"": 2, ""$SRC"": 2, ""$TYPE"": 2, ""$VAR"": 2, ""$W"": 2}]",2,False,True,True,False,False,False,"C2,C3","plain_metavar,unnamed_ellipsis"
/home/moscovin/Documents/eboss/semgrep-rules-aggregate/scrap/lambdasec-autogrep/generated_rules__c__vuln-qemu-505597e4.yaml,lambdasec-autogrep,0,0,vuln-qemu-505597e4,A4,Negation / Filtering,"category,cwe,id,languages,message,metadata,owasp,pattern,pattern-not,severity,source-url,technology",False,True,True,False,False,False,False,"$DEV,$INFO,$QDEV,$SLOT","$DEV,$INFO,$SLOT","[{""$DEV"": 2, ""$INFO"": 2, ""$QDEV"": 1, ""$SLOT"": 2}]",2,False,True,True,False,False,False,"C2,C3","plain_metavar,unnamed_ellipsis"
/home/moscovin/Documents/eboss/semgrep-rules-aggregate/scrap/lambdasec-autogrep/generated_rules__c__vuln-qemu-50628d34.yaml,lambdasec-autogrep,0,0,vuln-qemu-50628d34,A4,Negation / Filtering,"category,cwe,id,languages,message,metadata,pattern,pattern-not,severity,source-url,technology",False,True,True,False,False,False,False,"$CON,$COPY_FUNC,$DST_X,$DST_Y,$FUNC,$H,$SRC_X,$SRC_Y,$W","$CON,$DST_X,$DST_Y,$FUNC,$H,$SRC_X,$SRC_Y,$W","[{""$CON"": 4, ""$COPY_FUNC"": 1, ""$DST_X"": 4, ""$DST_Y"": 4, ""$FUNC"": 2, ""$H"": 4, ""$SRC_X"": 3, ""$SRC_Y"": 3, ""$W"": 4}]",2,False,True,True,False,False,False,"C2,C3","plain_metavar,unnamed_ellipsis"
/home/moscovin/Documents/eboss/semgrep-rules-aggregate/scrap/lambdasec-autogrep/generated_rules__c__vuln-qemu-509f57c9.yaml,lambdasec-autogrep,0,0,vuln-qemu-509f57c9,A4,Negation / Filtering,"category,cwe,id,languages,message,metadata,owasp,pattern,pattern-not,severity,source-url,technology",False,True,True,False,False,False,False,"$DEV,$RING",$RING,"[{""$DEV"": 1, ""$RING"": 7}]",2,False,True,False,False,False,False,C2,plain_metavar
/home/moscovin/Documents/eboss/semgrep-rules-aggregate/scrap/lambdasec-autogrep/generated_rules__c__vuln-qemu-5311fb80.yaml,lambdasec-autogrep,0,0,vuln-qemu-5311fb80,A4,Negation / Filtering,"category,cwe,id,languages,message,metadata,owasp,pattern,pattern-not,severity,source-url,technology",False,True,True,False,False,False,False,"$BUF,$DO_INTERRUPT,$NIC,$SIZE","$BUF,$NIC,$SIZE","[{""$BUF"": 2, ""$DO_INTERRUPT"": 1, ""$NIC"": 2, ""$SIZE"": 2}]",2,False,True,False,False,False,False,C2,plain_metavar
/home/moscovin/Documents/eboss/semgrep-rules-aggregate/scrap/lambdasec-autogrep/generated_rules__c__vuln-qemu-56f101ec.yaml,lambdasec-autogrep,0,0,vuln-qemu-56f101ec,A4,Negation / Filtering,"category,cwe,id,languages,message,metadata,owasp,pattern,pattern-not,references,severity,source-url,technology",True,False,False,False,False,False,False,,,[],2,True,False,False,False,False,False,C1,no_metavar
/home/moscovin/Documents/eboss/semgrep-rules-aggregate/scrap/lambdasec-autogrep/generated_rules__c__vuln-qemu-584acf34.yaml,lambdasec-autogrep,0,0,vuln-qemu-584acf34,A4,Negation / Filtering,"category,cwe,id,languages,message,metadata,owasp,pattern,pattern-not,references,severity,source-url,technology",False,True,True,False,False,False,False,"$DST_BITS,$DST_STRIDE,$DST_X,$DST_Y,$END,$S","$DST_BITS,$DST_STRIDE,$END,$S","[{""$DST_BITS"": 4, ""$DST_STRIDE"": 2, ""$DST_X"": 1, ""$DST_Y"": 1, ""$END"": 4, ""$S"": 4}]",2,False,True,True,False,False,False,"C2,C3","plain_metavar,unnamed_ellipsis"
/home/moscovin/Documents/eboss/semgrep-rules-aggregate/scrap/lambdasec-autogrep/generated_rules__c__vuln-qemu-5b66d7ae.yaml,lambdasec-autogrep,0,0,vuln-qemu-5b66d7ae,A4,Negation / Filtering,"category,cwe,id,languages,message,metadata,owasp,pattern,pattern-not,severity,source-url,technology",False,True,True,False,False,False,False,"$ADDR,$BLT_HEIGHT,$BLT_WIDTH,$PITCH,$VRAM_SIZE","$ADDR,$BLT_HEIGHT,$BLT_WIDTH,$PITCH,$VRAM_SIZE","[{""$ADDR"": 4, ""$BLT_HEIGHT"": 2, ""$BLT_WIDTH"": 2, ""$PITCH"": 2, ""$VRAM_SIZE"": 2}]",2,False,True,True,False,False,False,"C2,C3","plain_metavar,unnamed_ellipsis"
/home/moscovin/Documents/eboss/semgrep-rules-aggregate/scrap/lambdasec-autogrep/generated_rules__c__vuln-qemu-5d971f9e.yaml,lambdasec-autogrep,0,0,vuln-qemu-5d971f9e,A4,Negation / Filtering,"category,cwe,id,languages,message,metadata,owasp,pattern,pattern-not,references,severity,source-url,technology",False,True,True,False,False,False,False,"$ACCESS_SIZE,$ACCESS_SIZE_MAX,$ACCESS_SIZE_MIN,$I","$ACCESS_SIZE,$ACCESS_SIZE_MAX,$ACCESS_SIZE_MIN,$I","[{""$ACCESS_SIZE"": 3, ""$ACCESS_SIZE_MAX"": 3, ""$ACCESS_SIZE_MIN"": 3, ""$I"": 4}]",2,True,True,True,False,False,False,"C1,C2,C3","no_metavar,plain_metavar,unnamed_ellipsis"
/home/moscovin/Documents/eboss/semgrep-rules-aggregate/scrap/lambdasec-autogrep/generated_rules__c__vuln-qemu-5f5a1318.yaml,lambdasec-autogrep,0,0,vuln-qemu-5f5a1318,A4,Negation / Filtering,"category,cwe,id,languages,message,metadata,owasp,pattern,pattern-not,references,severity,source-url,technology",False,True,True,False,False,False,False,"$ADDR,$CONFIG_LEN,$VAL","$ADDR,$CONFIG_LEN,$VAL","[{""$ADDR"": 3, ""$CONFIG_LEN"": 2, ""$VAL"": 2}]",2,False,True,True,False,False,False,"C2,C3","plain_metavar,unnamed_ellipsis"
/home/moscovin/Documents/eboss/semgrep-rules-aggregate/scrap/lambdasec-autogrep/generated_rules__c__vuln-qemu-5fd7fc8d.yaml,lambdasec-autogrep,0,0,vuln-qemu-5fd7fc8d,A4,Negation / Filtering,"category,cwe,id,languages,message,metadata,owasp,pattern,pattern-not,severity,source-url,technology",False,True,True,False,False,False,False,"$BUF,$BUFSIZE,$DS,$SIZE,$SURFACE_SIZE","$BUF,$BUFSIZE,$DS,$SURFACE_SIZE","[{""$BUF"": 3, ""$BUFSIZE"": 5, ""$DS"": 2, ""$SIZE"": 1, ""$SURFACE_SIZE"": 5}]",2,False,True,False,False,False,False,C2,plain_metavar
/home/moscovin/Documents/eboss/semgrep-rules-aggregate/scrap/lambdasec-autogrep/generated_rules__c__vuln-qemu-6e86d903.yaml,lambdasec-autogrep,0,0,vuln-qemu-6e86d903,A4,Negation / Filtering,"category,cwe,id,languages,message,metadata,pattern,pattern-not,severity,source-url,technology",False,True,True,False,False,False,False,"$BLK_CNT_EN,$MASK,$VAR","$BLK_CNT_EN,$VAR","[{""$BLK_CNT_EN"": 2, ""$MASK"": 1, ""$VAR"": 5}]",2,False,True,True,False,False,False,"C2,C3","plain_metavar,unnamed_ellipsis"
/home/moscovin/Documents/eboss/semgrep-rules-aggregate/scrap/lambdasec-autogrep/generated_rules__c__vuln-qemu-73d963c0.yaml,lambdasec-autogrep,0,0,vuln-qemu-73d963c0,A4,Negation / Filtering,"category,cwe,id,languages,message,metadata,owasp,pattern,pattern-not,severity,source-url,technology",False,True,True,False,False,False,False,"$ERRP,$F,$MAX_CPU,$NB_CPUS,$OPP,$QERR_PROPERTY_VALUE_OUT_OF_RANGE,$TYPE_OPENPIC","$F,$MAX_CPU,$NB_CPUS,$OPP","[{""$ERRP"": 1, ""$F"": 2, ""$MAX_CPU"": 3, ""$NB_CPUS"": 4, ""$OPP"": 4, ""$QERR_PROPERTY_VALUE_OUT_OF_RANGE"": 1, ""$TYPE_OPENPIC"": 1}]",2,False,True,True,False,False,False,"C2,C3","plain_metavar,unnamed_ellipsis"
/home/moscovin/Documents/eboss/semgrep-rules-aggregate/scrap/lambdasec-autogrep/generated_rules__c__vuln-qemu-7564bf77.yaml,lambdasec-autogrep,0,0,vuln-qemu-7564bf77,A4,Negation / Filtering,"category,cwe,id,languages,message,metadata,owasp,pattern,pattern-not,severity,source-url,technology",False,True,False,False,False,False,False,"$FUNC,$L3_PROTO,$MSG",,"[{""$FUNC"": 1, ""$L3_PROTO"": 1, ""$MSG"": 1}]",2,True,True,False,False,False,False,"C1,C2","no_metavar,plain_metavar"
/home/moscovin/Documents/eboss/semgrep-rules-aggregate/scrap/lambdasec-autogrep/generated_rules__c__vuln-qemu-77668e4b.yaml,lambdasec-autogrep,0,0,vuln-qemu-77668e4b,A4,Negation / Filtering,"category,cwe,id,languages,message,metadata,pattern,pattern-not,severity,source-url,technology",False,True,True,False,False,False,False,"$ESP_FIFO_SZ,$S","$ESP_FIFO_SZ,$S","[{""$ESP_FIFO_SZ"": 2, ""$S"": 3}]",2,False,True,False,False,False,False,C2,plain_metavar
/home/moscovin/Documents/eboss/semgrep-rules-aggregate/scrap/lambdasec-autogrep/generated_rules__c__vuln-qemu-7a95434e.yaml,lambdasec-autogrep,0,0,vuln-qemu-7a95434e,A4,Negation / Filtering,"category,cwe,id,languages,message,metadata,owasp,pattern,pattern-not,references,severity,source-url,technology",False,True,True,False,False,False,False,"$CTX,$NAME",$NAME,"[{""$CTX"": 1, ""$NAME"": 2}]",2,False,True,True,False,False,False,"C2,C3","plain_metavar,unnamed_ellipsis"
/home/moscovin/Documents/eboss/semgrep-rules-aggregate/scrap/lambdasec-autogrep/generated_rules__c__vuln-qemu-7cfcc79b.yaml,lambdasec-autogrep,0,0,vuln-qemu-7cfcc79b,A4,Negation / Filtering,"category,cwe,id,languages,message,metadata,owasp,pattern,pattern-not,severity,source-url,technology",False,True,True,False,False,False,False,"$BS,$S","$BS,$S","[{""$BS"": 6, ""$S"": 2}]",2,False,True,True,False,False,False,"C2,C3","plain_metavar,unnamed_ellipsis"
/home/moscovin/Documents/eboss/semgrep-rules-aggregate/scrap/lambdasec-autogrep/generated_rules__c__vuln-qemu-844505b1.yaml,lambdasec-autogrep,0,0,vuln-qemu-844505b1,A4,Negation / Filtering,"category,cwe,id,languages,message,metadata,owasp,pattern,pattern-not,references,severity,source-url,technology",False,True,False,False,False,False,False,"$DRIVE_KIND,$S,$VAL",,"[{""$DRIVE_KIND"": 1, ""$S"": 1, ""$VAL"": 1}]",2,False,True,False,False,False,False,C2,plain_metavar
/home/moscovin/Documents/eboss/semgrep-rules-aggregate/scrap/lambdasec-autogrep/generated_rules__c__vuln-qemu-8c552542.yaml,lambdasec-autogrep,0,0,vuln-qemu-8c552542,A4,Negation / Filtering,"category,cwe,id,languages,message,metadata,owasp,pattern,pattern-not,references,severity,source-url,technology",False,True,True,False,False,False,False,"$IOV,$IOV_CNT,$NC","$IOV,$IOV_CNT,$NC","[{""$IOV"": 2, ""$IOV_CNT"": 2, ""$NC"": 3}]",2,False,True,False,False,False,False,C2,plain_metavar
/home/moscovin/Documents/eboss/semgrep-rules-aggregate/scrap/lambdasec-autogrep/generated_rules__c__vuln-qemu-926cde5f.yaml,lambdasec-autogrep,0,0,vuln-qemu-926cde5f,A4,Negation / Filtering,"category,cwe,id,languages,message,metadata,owasp,pattern,pattern-not,references,severity,source-url,technology",False,True,True,False,False,False,False,$DMALEN,$DMALEN,"[{""$DMALEN"": 4}]",2,False,True,False,False,False,False,C2,plain_metavar
/home/moscovin/Documents/eboss/semgrep-rules-aggregate/scrap/lambdasec-autogrep/generated_rules__c__vuln-qemu-9569f5cb.yaml,lambdasec-autogrep,0,0,vuln-qemu-9569f5cb,A4,Negation / Filtering,"category,cwe,id,languages,message,metadata,owasp,pattern,pattern-not,severity,source-url,technology",False,True,True,False,False,False,False,"$C,$CURSOR","$C,$CURSOR","[{""$C"": 2, ""$CURSOR"": 2}]",2,False,True,False,False,False,False,C2,plain_metavar
/home/moscovin/Documents/eboss/semgrep-rules-aggregate/scrap/lambdasec-autogrep/generated_rules__c__vuln-qemu-965eb2fc.yaml,lambdasec-autogrep,0,0,vuln-qemu-965eb2fc,A4,Negation / Filtering,"category,cwe,id,languages,message,metadata,owasp,pattern,pattern-not,severity,source-url,technology",False,True,True,False,False,False,False,"$ADDR,$MR,$SECTION","$ADDR,$MR,$SECTION","[{""$ADDR"": 2, ""$MR"": 3, ""$SECTION"": 2}]",2,False,True,False,False,False,False,C2,plain_metavar
/home/moscovin/Documents/eboss/semgrep-rules-aggregate/scrap/lambdasec-autogrep/generated_rules__c__vuln-qemu-a7b20a8e.yaml,lambdasec-autogrep,0,0,vuln-qemu-a7b20a8e,A4,Negation / Filtering,"category,cwe,id,languages,message,metadata,owasp,pattern,pattern-not,severity,source-url,technology",False,True,True,False,False,False,False,"$MAX_BUFFER,$WS","$MAX_BUFFER,$WS","[{""$MAX_BUFFER"": 2, ""$WS"": 2}]",2,False,True,True,False,False,False,"C2,C3","plain_metavar,unnamed_ellipsis"
/home/moscovin/Documents/eboss/semgrep-rules-aggregate/scrap/lambdasec-autogrep/generated_rules__c__vuln-qemu-a968a380.yaml,lambdasec-autogrep,0,0,vuln-qemu-a968a380,A4,Negation / Filtering,"category,cwe,id,languages,message,metadata,owasp,pattern,pattern-not,severity,source-url,technology",False,True,True,False,False,False,False,"$FIDP,$HEAD_FID,$S","$FIDP,$HEAD_FID","[{""$FIDP"": 3, ""$HEAD_FID"": 3, ""$S"": 1}]",2,False,True,True,False,False,False,"C2,C3","plain_metavar,unnamed_ellipsis"
/home/moscovin/Documents/eboss/semgrep-rules-aggregate/scrap/lambdasec-autogrep/generated_rules__c__vuln-qemu-ac2071c3.yaml,lambdasec-autogrep,0,0,vuln-qemu-ac2071c3,A4,Negation / Filtering,"category,cwe,id,languages,message,metadata,owasp,pattern,pattern-not,severity,source-url,technology",False,True,True,False,False,False,False,"$DST_X,$DST_X_LEFT_TO_RIGHT,$DST_Y,$DST_Y_TOP_TO_BOTTOM,$REG_DP_CNTL,$REG_DST_HEIGHT,$REG_DST_WIDTH,$REG_DST_X,$REG_DST_Y","$DST_X,$DST_X_LEFT_TO_RIGHT,$DST_Y,$DST_Y_TOP_TO_BOTTOM,$REG_DP_CNTL,$REG_DST_HEIGHT,$REG_DST_WIDTH,$REG_DST_X,$REG_DST_Y","[{""$DST_X"": 2, ""$DST_X_LEFT_TO_RIGHT"": 2, ""$DST_Y"": 2, ""$DST_Y_TOP_TO_BOTTOM"": 2, ""$REG_DP_CNTL"": 4, ""$REG_DST_HEIGHT"": 2, ""$REG_DST_WIDTH"": 2, ""$REG_DST_X"": 4, ""$REG_DST_Y"": 4}]",2,False,True,False,False,False,False,C2,plain_metavar
/home/moscovin/Documents/eboss/semgrep-rules-aggregate/scrap/lambdasec-autogrep/generated_rules__c__vuln-qemu-b05b2678.yaml,lambdasec-autogrep,0,0,vuln-qemu-b05b2678,A4,Negation / Filtering,"category,cwe,id,languages,message,metadata,owasp,pattern,pattern-not,severity,source-url,technology",False,True,True,False,False,False,False,"$STRUCT,$VAR","$STRUCT,$VAR","[{""$STRUCT"": 5, ""$VAR"": 2}]",2,False,True,False,False,False,False,C2,plain_metavar
/home/moscovin/Documents/eboss/semgrep-rules-aggregate/scrap/lambdasec-autogrep/generated_rules__c__vuln-qemu-b15a22bb.yaml,lambdasec-autogrep,0,0,vuln-qemu-b15a22bb,A4,Negation / Filtering,"category,cwe,id,languages,message,metadata,owasp,pattern,pattern-not,severity,source-url,technology",False,True,True,False,False,False,False,"$DST_X,$DST_Y,$EXPR1,$EXPR2,$EXPR3,$EXPR4,$HEIGHT,$WIDTH","$DST_X,$DST_Y,$EXPR1,$EXPR2,$EXPR3,$EXPR4,$HEIGHT,$WIDTH","[{""$DST_X"": 2, ""$DST_Y"": 2, ""$EXPR1"": 2, ""$EXPR2"": 2, ""$EXPR3"": 2, ""$EXPR4"": 2, ""$HEIGHT"": 2, ""$WIDTH"": 2}]",2,False,True,False,False,False,False,C2,plain_metavar
/home/moscovin/Documents/eboss/semgrep-rules-aggregate/scrap/lambdasec-autogrep/generated_rules__c__vuln-qemu-b263d8f9.yaml,lambdasec-autogrep,0,0,vuln-qemu-b263d8f9,A4,Negation / Filtering,"category,cwe,id,languages,message,metadata,owasp,pattern,pattern-not,severity,source-url,technology",False,True,True,False,False,False,False,"$S,$SDHC_CMD_DATA_PRESENT,$TIMEOUT","$S,$SDHC_CMD_DATA_PRESENT","[{""$S"": 4, ""$SDHC_CMD_DATA_PRESENT"": 2, ""$TIMEOUT"": 1}]",2,False,True,True,False,False,False,"C2,C3","plain_metavar,unnamed_ellipsis"
/home/moscovin/Documents/eboss/semgrep-rules-aggregate/scrap/lambdasec-autogrep/generated_rules__c__vuln-qemu-b53dd449.yaml,lambdasec-autogrep,0,0,vuln-qemu-b53dd449,A4,Negation / Filtering,"category,cwe,id,languages,message,metadata,owasp,pattern,pattern-not,references,severity,source-url,technology",False,True,True,False,False,False,False,"$DEV,$MEM","$DEV,$MEM","[{""$DEV"": 3, ""$MEM"": 4}]",2,False,True,False,False,False,False,C2,plain_metavar
/home/moscovin/Documents/eboss/semgrep-rules-aggregate/scrap/lambdasec-autogrep/generated_rules__c__vuln-qemu-b5eff355.yaml,lambdasec-autogrep,0,0,vuln-qemu-b5eff355,A4,Negation / Filtering,"category,cwe,id,languages,message,metadata,owasp,pattern,pattern-not,references,severity,source-url,technology",False,True,True,False,False,False,False,"$FILENAME,$FLAGS,$VAR","$FILENAME,$FLAGS,$VAR","[{""$FILENAME"": 2, ""$FLAGS"": 2, ""$VAR"": 2}]",2,False,True,False,False,False,False,C2,plain_metavar
/home/moscovin/Documents/eboss/semgrep-rules-aggregate/scrap/lambdasec-autogrep/generated_rules__c__vuln-qemu-c689b4f1.yaml,lambdasec-autogrep,0,0,vuln-qemu-c689b4f1,A4,Negation / Filtering,"category,cwe,id,languages,message,metadata,owasp,pattern,pattern-not,references,severity,source-url,technology",False,True,True,False,False,False,False,"$ERR,$MODE,$PATH","$MODE,$PATH","[{""$ERR"": 1, ""$MODE"": 2, ""$PATH"": 2}]",2,False,True,False,False,False,False,C2,plain_metavar
/home/moscovin/Documents/eboss/semgrep-rules-aggregate/scrap/lambdasec-autogrep/generated_rules__c__vuln-qemu-d251157a.yaml,lambdasec-autogrep,0,0,vuln-qemu-d251157a,A4,Negation / Filtering,"category,cwe,id,languages,message,metadata,owasp,pattern,pattern-not,severity,source-url,technology",False,True,True,False,False,False,False,"$MGR,$READY_PTR,$RING_SIZE","$MGR,$READY_PTR","[{""$MGR"": 3, ""$READY_PTR"": 3, ""$RING_SIZE"": 1}]",2,False,True,True,False,False,False,"C2,C3","plain_metavar,unnamed_ellipsis"
/home/moscovin/Documents/eboss/semgrep-rules-aggregate/scrap/lambdasec-autogrep/generated_rules__c__vuln-qemu-e4a511f8.yaml,lambdasec-autogrep,0,0,vuln-qemu-e4a511f8,A4,Negation / Filtering,"category,cwe,id,languages,message,metadata,owasp,pattern,pattern-not,references,severity,source-url,technology",False,True,True,False,False,False,False,$ADDR,$ADDR,"[{""$ADDR"": 2}]",2,False,True,False,False,False,False,C2,plain_metavar
/home/moscovin/Documents/eboss/semgrep-rules-aggregate/scrap/lambdasec-autogrep/generated_rules__c__vuln-qemu-e9077462.yaml,lambdasec-autogrep,0,0,vuln-qemu-e9077462,A4,Negation / Filtering,"category,cwe,id,languages,message,metadata,owasp,pattern,pattern-not,references,severity,source-url,technology",False,True,True,False,False,False,False,"$ARRAY,$INDEX,$LEN,$POS,$STRUCT","$ARRAY,$INDEX,$POS,$STRUCT","[{""$ARRAY"": 2, ""$INDEX"": 2, ""$LEN"": 1, ""$POS"": 3, ""$STRUCT"": 4}]",2,False,True,False,False,False,False,C2,plain_metavar
/home/moscovin/Documents/eboss/semgrep-rules-aggregate/scrap/lambdasec-autogrep/generated_rules__c__vuln-qemu-edfe2eb4.yaml,lambdasec-autogrep,0,0,vuln-qemu-edfe2eb4,A4,Negation / Filtering,"category,cwe,id,languages,message,metadata,owasp,pattern,pattern-not,severity,source-url,technology",False,True,True,False,False,False,False,"$VALUE,$VAR","$VALUE,$VAR","[{""$VALUE"": 2, ""$VAR"": 2}]",2,False,True,False,False,False,False,C2,plain_metavar
/home/moscovin/Documents/eboss/semgrep-rules-aggregate/scrap/lambdasec-autogrep/generated_rules__c__vuln-qemu-f5aa69bd.yaml,lambdasec-autogrep,0,0,vuln-qemu-f5aa69bd,A4,Negation / Filtering,"category,cwe,id,languages,message,metadata,pattern,pattern-not,severity,source-url,technology",False,True,True,False,False,False,False,"$ADDR,$LEN,$LOCK,$MR","$ADDR,$LEN,$MR","[{""$ADDR"": 2, ""$LEN"": 2, ""$LOCK"": 1, ""$MR"": 2}]",2,False,True,False,False,False,False,C2,plain_metavar
/home/moscovin/Documents/eboss/semgrep-rules-aggregate/scrap/lambdasec-autogrep/generated_rules__c__vuln-qemu-fa7505c1.yaml,lambdasec-autogrep,0,0,vuln-qemu-fa7505c1,A4,Negation / Filtering,"category,cwe,id,languages,message,metadata,owasp,pattern,pattern-not,references,severity,source-url,technology",False,True,True,False,False,False,False,$S,$S,"[{""$S"": 5}]",2,False,True,False,False,False,False,C2,plain_metavar
/home/moscovin/Documents/eboss/semgrep-rules-aggregate/scrap/lambdasec-autogrep/generated_rules__c__vuln-qemu-fa892e9a.yaml,lambdasec-autogrep,0,0,vuln-qemu-fa892e9a,A4,Negation / Filtering,"category,cwe,id,languages,message,metadata,owasp,pattern,pattern-not,references,severity,source-url,technology",False,True,True,False,False,False,False,"$DATASIZE,$HEIGHT,$WIDTH","$DATASIZE,$HEIGHT,$WIDTH","[{""$DATASIZE"": 2, ""$HEIGHT"": 2, ""$WIDTH"": 2}]",2,False,True,False,False,False,False,C2,plain_metavar
/home/moscovin/Documents/eboss/semgrep-rules-aggregate/scrap/lambdasec-autogrep/generated_rules__c__vuln-qemu-fc3d8e11.yaml,lambdasec-autogrep,0,0,vuln-qemu-fc3d8e11,A4,Negation / Filtering,"category,cwe,id,languages,message,metadata,owasp,pattern,pattern-not,severity,source-url,technology",False,True,True,False,False,False,False,"$PR,$VAL","$PR,$VAL","[{""$PR"": 3, ""$VAL"": 2}]",2,False,True,False,False,False,False,C2,plain_metavar
/home/moscovin/Documents/eboss/semgrep-rules-aggregate/scrap/lambdasec-autogrep/generated_rules__c__vuln-qemu-fe3c546c.yaml,lambdasec-autogrep,0,0,vuln-qemu-fe3c546c,A4,Negation / Filtering,"category,cwe,id,languages,message,metadata,owasp,pattern,pattern-not,references,severity,source-url,technology",False,True,True,False,False,False,False,"$EXPR1,$EXPR2,$LENGTH","$EXPR1,$EXPR2,$LENGTH","[{""$EXPR1"": 3, ""$EXPR2"": 3, ""$LENGTH"": 4}]",2,False,True,True,False,False,False,"C2,C3","plain_metavar,unnamed_ellipsis"
/home/moscovin/Documents/eboss/semgrep-rules-aggregate/scrap/lambdasec-autogrep/generated_rules__c__vuln-qemu-ff589551.yaml,lambdasec-autogrep,0,0,vuln-qemu-ff589551,A4,Negation / Filtering,"category,cwe,id,languages,message,metadata,owasp,pattern,pattern-not,references,severity,source-url,technology",False,True,True,False,False,False,False,"$FIFO,$MASK,$REG,$S","$FIFO,$MASK,$REG,$S","[{""$FIFO"": 4, ""$MASK"": 2, ""$REG"": 2, ""$S"": 13}]",2,False,True,True,False,False,False,"C2,C3","plain_metavar,unnamed_ellipsis"
/home/moscovin/Documents/eboss/semgrep-rules-aggregate/scrap/lambdasec-autogrep/generated_rules__c__vuln-qemu-ff82911c.yaml,lambdasec-autogrep,0,0,vuln-qemu-ff82911c,A4,Negation / Filtering,"category,cwe,id,languages,message,metadata,owasp,pattern,pattern-not,severity,source-url,technology",False,True,True,False,False,False,False,"$CONTEXT,$FD","$CONTEXT,$FD","[{""$CONTEXT"": 2, ""$FD"": 2}]",2,False,True,True,False,False,False,"C2,C3","plain_metavar,unnamed_ellipsis"
/home/moscovin/Documents/eboss/semgrep-rules-aggregate/scrap/lambdasec-autogrep/generated_rules__c__vuln-radare2-0a557045.yaml,lambdasec-autogrep,0,0,vuln-radare2-0a557045,A4,Negation / Filtering,"category,cwe,id,languages,message,metadata,owasp,pattern,pattern-not,references,severity,source-url,technology",False,True,True,False,False,False,False,"$OFF,$PTR,$SEGNUM,$TYPE,$VAR","$OFF,$PTR,$SEGNUM,$VAR","[{""$OFF"": 3, ""$PTR"": 4, ""$SEGNUM"": 3, ""$TYPE"": 1, ""$VAR"": 2}]",2,False,True,True,False,False,False,"C2,C3","plain_metavar,unnamed_ellipsis"
/home/moscovin/Documents/eboss/semgrep-rules-aggregate/scrap/lambdasec-autogrep/generated_rules__c__vuln-radare2-153bcdc2.yaml,lambdasec-autogrep,0,0,vuln-radare2-153bcdc2,A4,Negation / Filtering,"category,cwe,id,languages,message,metadata,owasp,pattern,pattern-not,severity,source-url,technology",False,True,True,False,False,False,False,"$BUF,$COND,$FNAME,$FORMAT,$IMP,$INDEX,$NAME,$OFFSET,$ORD","$BUF,$COND,$FNAME,$IMP,$NAME,$OFFSET,$ORD","[{""$BUF"": 2, ""$COND"": 2, ""$FNAME"": 3, ""$FORMAT"": 1, ""$IMP"": 2, ""$INDEX"": 1, ""$NAME"": 9, ""$OFFSET"": 2, ""$ORD"": 2}]",2,False,True,True,False,False,False,"C2,C3","plain_metavar,unnamed_ellipsis"
/home/moscovin/Documents/eboss/semgrep-rules-aggregate/scrap/lambdasec-autogrep/generated_rules__c__vuln-radare2-1f37c04f.yaml,lambdasec-autogrep,0,0,vuln-radare2-1f37c04f,A4,Negation / Filtering,"category,cwe,id,languages,message,metadata,owasp,pattern,pattern-not,references,severity,source-url,technology",False,True,True,False,False,False,False,"$OFFSET,$SIZE,$STEP","$SIZE,$STEP","[{""$OFFSET"": 1, ""$SIZE"": 2, ""$STEP"": 2}]",2,False,True,True,False,False,False,"C2,C3","plain_metavar,unnamed_ellipsis"
/home/moscovin/Documents/eboss/semgrep-rules-aggregate/scrap/lambdasec-autogrep/generated_rules__c__vuln-radare2-204b7317.yaml,lambdasec-autogrep,0,0,vuln-radare2-204b7317,A4,Negation / Filtering,"category,cwe,id,languages,message,metadata,owasp,pattern,pattern-not,references,severity,source-url,technology",False,True,True,False,False,False,False,"$CTR,$TOKENS_SIZE","$CTR,$TOKENS_SIZE","[{""$CTR"": 4, ""$TOKENS_SIZE"": 2}]",2,False,True,True,False,False,False,"C2,C3","plain_metavar,unnamed_ellipsis"
/home/moscovin/Documents/eboss/semgrep-rules-aggregate/scrap/lambdasec-autogrep/generated_rules__c__vuln-radare2-27fe8031.yaml,lambdasec-autogrep,0,0,vuln-radare2-27fe8031,A4,Negation / Filtering,"category,cwe,id,languages,message,metadata,owasp,pattern,pattern-not,severity,source-url,technology",False,True,True,False,False,False,False,"$LIST,$OBJ,$OFFSET",$LIST,"[{""$LIST"": 2, ""$OBJ"": 1, ""$OFFSET"": 1}]",2,False,True,True,False,False,False,"C2,C3","plain_metavar,unnamed_ellipsis"
/home/moscovin/Documents/eboss/semgrep-rules-aggregate/scrap/lambdasec-autogrep/generated_rules__c__vuln-radare2-2d782cda.yaml,lambdasec-autogrep,0,0,vuln-radare2-2d782cda,A4,Negation / Filtering,"category,cwe,id,languages,message,metadata,owasp,pattern,pattern-not,severity,source-url,technology",False,True,True,False,False,False,False,"$BIN,$MODREF","$BIN,$MODREF","[{""$BIN"": 2, ""$MODREF"": 2}]",2,False,True,False,False,False,False,C2,plain_metavar
/home/moscovin/Documents/eboss/semgrep-rules-aggregate/scrap/lambdasec-autogrep/generated_rules__c__vuln-radare2-3fcf41ed.yaml,lambdasec-autogrep,0,0,vuln-radare2-3fcf41ed,A4,Negation / Filtering,"category,cwe,id,languages,message,metadata,owasp,pattern,pattern-not,severity,source-url,technology",False,True,True,False,False,False,False,"$BF_BUF,$BUF,$CONST,$EXPR1,$EXPR2,$FROM,$LEN,$NEEDLE,$RC","$BF_BUF,$BUF,$CONST,$EXPR1,$EXPR2,$FROM,$LEN,$NEEDLE","[{""$BF_BUF"": 2, ""$BUF"": 4, ""$CONST"": 2, ""$EXPR1"": 5, ""$EXPR2"": 3, ""$FROM"": 2, ""$LEN"": 3, ""$NEEDLE"": 2, ""$RC"": 1}]",2,False,True,True,False,False,False,"C2,C3","plain_metavar,unnamed_ellipsis"
/home/moscovin/Documents/eboss/semgrep-rules-aggregate/scrap/lambdasec-autogrep/generated_rules__c__vuln-radare2-4d381168.yaml,lambdasec-autogrep,0,0,vuln-radare2-4d381168,A4,Negation / Filtering,"category,cwe,id,languages,message,metadata,owasp,pattern,pattern-not,severity,source-url,technology",False,True,True,False,False,False,False,"$ANAL,$FUNC,$FUNC_SIZE,$OFFSET","$ANAL,$FUNC,$FUNC_SIZE,$OFFSET","[{""$ANAL"": 2, ""$FUNC"": 4, ""$FUNC_SIZE"": 2, ""$OFFSET"": 2}]",2,False,True,False,False,False,False,C2,plain_metavar
/home/moscovin/Documents/eboss/semgrep-rules-aggregate/scrap/lambdasec-autogrep/generated_rules__c__vuln-radare2-52b15264.yaml,lambdasec-autogrep,0,0,vuln-radare2-52b15264,A4,Negation / Filtering,"category,cwe,id,languages,message,metadata,owasp,pattern,pattern-not,references,severity,source-url,technology",False,True,True,False,False,False,False,"$BUFSIZE,$COUNT,$FORMAT,$I,$OFFSET,$OPTXTLEN,$TABLE,$TXT","$BUFSIZE,$COUNT,$FORMAT,$I,$OPTXTLEN,$TABLE,$TXT","[{""$BUFSIZE"": 4, ""$COUNT"": 2, ""$FORMAT"": 2, ""$I"": 8, ""$OFFSET"": 1, ""$OPTXTLEN"": 3, ""$TABLE"": 2, ""$TXT"": 6}]",2,False,True,False,False,False,False,C2,plain_metavar
/home/moscovin/Documents/eboss/semgrep-rules-aggregate/scrap/lambdasec-autogrep/generated_rules__c__vuln-radare2-59a9dfb6.yaml,lambdasec-autogrep,0,0,vuln-radare2-59a9dfb6,A4,Negation / Filtering,"category,cwe,id,languages,message,metadata,owasp,pattern,pattern-not,severity,source-url,technology",False,True,True,False,False,False,False,"$ARG,$EXPR,$N,$NUM,$REG,$VAR","$N,$REG,$VAR","[{""$ARG"": 1, ""$EXPR"": 1, ""$N"": 2, ""$NUM"": 1, ""$REG"": 2, ""$VAR"": 4}]",2,False,True,True,False,False,False,"C2,C3","plain_metavar,unnamed_ellipsis"
/home/moscovin/Documents/eboss/semgrep-rules-aggregate/scrap/lambdasec-autogrep/generated_rules__c__vuln-radare2-637f4bd1.yaml,lambdasec-autogrep,0,0,vuln-radare2-637f4bd1,A4,Negation / Filtering,"category,cwe,id,languages,message,metadata,owasp,pattern,pattern-not,severity,source-url,technology",False,True,True,False,False,False,False,"$BLOCK,$DUMP,$I,$LOC,$OFFSET","$BLOCK,$DUMP,$I,$LOC,$OFFSET","[{""$BLOCK"": 5, ""$DUMP"": 4, ""$I"": 2, ""$LOC"": 3, ""$OFFSET"": 2}]",2,False,True,False,False,False,False,C2,plain_metavar
/home/moscovin/Documents/eboss/semgrep-rules-aggregate/scrap/lambdasec-autogrep/generated_rules__c__vuln-radare2-66191f78.yaml,lambdasec-autogrep,0,0,vuln-radare2-66191f78,A4,Negation / Filtering,"category,cwe,id,languages,message,metadata,owasp,pattern,pattern-not,references,severity,source-url,technology",False,True,True,False,False,False,False,"$BEGIN,$STR","$BEGIN,$STR","[{""$BEGIN"": 5, ""$STR"": 3}]",2,False,True,True,False,False,False,"C2,C3","plain_metavar,unnamed_ellipsis"
/home/moscovin/Documents/eboss/semgrep-rules-aggregate/scrap/lambdasec-autogrep/generated_rules__c__vuln-radare2-72794dc3.yaml,lambdasec-autogrep,0,0,vuln-radare2-72794dc3,A4,Negation / Filtering,"category,cwe,id,languages,message,metadata,owasp,pattern,pattern-not,severity,source-url,technology",False,True,True,False,False,False,False,"$GOT_TABLE,$N_GOT","$GOT_TABLE,$N_GOT","[{""$GOT_TABLE"": 2, ""$N_GOT"": 2}]",2,False,True,False,False,False,False,C2,plain_metavar
/home/moscovin/Documents/eboss/semgrep-rules-aggregate/scrap/lambdasec-autogrep/generated_rules__c__vuln-radare2-77c47cf8.yaml,lambdasec-autogrep,0,0,vuln-radare2-77c47cf8,A4,Negation / Filtering,"category,cwe,id,languages,message,metadata,owasp,pattern,pattern-not,references,severity,source-url,technology",False,True,True,False,False,False,False,"$DATA,$LEN",$DATA,"[{""$DATA"": 2, ""$LEN"": 1}]",2,False,True,True,False,False,False,"C2,C3","plain_metavar,unnamed_ellipsis"
/home/moscovin/Documents/eboss/semgrep-rules-aggregate/scrap/lambdasec-autogrep/generated_rules__c__vuln-radare2-77cba1df.yaml,lambdasec-autogrep,0,0,vuln-radare2-77cba1df,A4,Negation / Filtering,"category,cwe,id,languages,message,metadata,owasp,pattern,pattern-not,references,severity,source-url,technology",False,True,True,False,False,False,False,"$DS,$ESCCHAR,$ESCSTR,$I,$LEN,$MSG,$NL,$STRING_FOUND","$DS,$ESCCHAR,$ESCSTR,$I,$LEN,$MSG,$NL","[{""$DS"": 7, ""$ESCCHAR"": 4, ""$ESCSTR"": 4, ""$I"": 13, ""$LEN"": 2, ""$MSG"": 12, ""$NL"": 2, ""$STRING_FOUND"": 1}]",2,False,True,False,False,False,False,C2,plain_metavar
/home/moscovin/Documents/eboss/semgrep-rules-aggregate/scrap/lambdasec-autogrep/generated_rules__c__vuln-radare2-7ab66cca.yaml,lambdasec-autogrep,0,0,vuln-radare2-7ab66cca,A4,Negation / Filtering,"category,cwe,id,languages,message,metadata,owasp,pattern,pattern-not,references,severity,source-url,technology",False,True,True,False,False,False,False,$OBJ,$OBJ,"[{""$OBJ"": 10}]",2,False,True,True,False,False,False,"C2,C3","plain_metavar,unnamed_ellipsis"
/home/moscovin/Documents/eboss/semgrep-rules-aggregate/scrap/lambdasec-autogrep/generated_rules__c__vuln-radare2-8525ad0b.yaml,lambdasec-autogrep,0,0,vuln-radare2-8525ad0b,A4,Negation / Filtering,"category,cwe,id,languages,message,metadata,owasp,pattern,pattern-not,severity,source-url,technology",False,True,True,False,False,False,False,$REF,$REF,"[{""$REF"": 2}]",2,False,True,False,False,False,False,C2,plain_metavar
/home/moscovin/Documents/eboss/semgrep-rules-aggregate/scrap/lambdasec-autogrep/generated_rules__c__vuln-radare2-a07dedb8.yaml,lambdasec-autogrep,0,0,vuln-radare2-a07dedb8,A4,Negation / Filtering,"category,cwe,id,languages,message,metadata,owasp,pattern,pattern-not,severity,source-url,technology",False,True,True,False,False,False,False,"$I,$OBJ,$PAGE_SIZE","$I,$OBJ,$PAGE_SIZE","[{""$I"": 2, ""$OBJ"": 2, ""$PAGE_SIZE"": 4}]",2,False,True,False,False,False,False,C2,plain_metavar
/home/moscovin/Documents/eboss/semgrep-rules-aggregate/scrap/lambdasec-autogrep/generated_rules__c__vuln-radare2-a8806994.yaml,lambdasec-autogrep,0,0,vuln-radare2-a8806994,A4,Negation / Filtering,"category,cwe,id,languages,message,metadata,owasp,pattern,pattern-not,references,severity,source-url,technology",False,True,True,False,False,False,False,"$ADDRBYTES,$BUFSIZE,$CPYLEN,$DST,$DSTLEN,$HEXBUF,$LEN,$SRC","$ADDRBYTES,$BUFSIZE,$CPYLEN,$DST,$DSTLEN,$HEXBUF,$LEN,$SRC","[{""$ADDRBYTES"": 2, ""$BUFSIZE"": 2, ""$CPYLEN"": 3, ""$DST"": 2, ""$DSTLEN"": 2, ""$HEXBUF"": 4, ""$LEN"": 5, ""$SRC"": 4}]",2,False,True,True,False,False,False,"C2,C3","plain_metavar,unnamed_ellipsis"
/home/moscovin/Documents/eboss/semgrep-rules-aggregate/scrap/lambdasec-autogrep/generated_rules__c__vuln-radare2-bd276ef2.yaml,lambdasec-autogrep,0,0,vuln-radare2-bd276ef2,A4,Negation / Filtering,"category,cwe,id,languages,message,metadata,owasp,pattern,pattern-not,references,severity,source-url,technology",False,True,True,False,False,False,False,"$BUFSIZE,$COUNT,$FORMAT,$I,$OP,$TABLE,$TXT,$TXTLEFT,$TXTLEN,$VAL","$BUFSIZE,$COUNT,$FORMAT,$I,$OP,$TABLE,$TXT,$TXTLEFT,$TXTLEN,$VAL","[{""$BUFSIZE"": 3, ""$COUNT"": 2, ""$FORMAT"": 2, ""$I"": 8, ""$OP"": 3, ""$TABLE"": 2, ""$TXT"": 3, ""$TXTLEFT"": 2, ""$TXTLEN"": 7, ""$VAL"": 2}]",2,False,True,False,False,False,False,C2,plain_metavar
/home/moscovin/Documents/eboss/semgrep-rules-aggregate/scrap/lambdasec-autogrep/generated_rules__c__vuln-radare2-d45faff8.yaml,lambdasec-autogrep,0,0,vuln-radare2-d45faff8,A4,Negation / Filtering,"category,cwe,id,languages,message,metadata,owasp,pattern,pattern-not,references,severity,source-url,technology",False,True,True,False,False,False,False,"$A,$ADDR,$P,$S","$A,$ADDR,$S","[{""$A"": 2, ""$ADDR"": 2, ""$P"": 1, ""$S"": 2}]",2,False,True,False,False,False,False,C2,plain_metavar
/home/moscovin/Documents/eboss/semgrep-rules-aggregate/scrap/lambdasec-autogrep/generated_rules__c__vuln-radare2-e85dfc16.yaml,lambdasec-autogrep,0,0,vuln-radare2-e85dfc16,A4,Negation / Filtering,"category,cwe,id,languages,message,metadata,owasp,pattern,pattern-not,references,severity,source-url,technology",False,True,True,False,False,False,False,"$ADDR,$ANAL,$CORE,$F,$FCNNAME,$VAR,$VAR_COPY","$ADDR,$ANAL,$F,$FCNNAME,$VAR,$VAR_COPY","[{""$ADDR"": 2, ""$ANAL"": 3, ""$CORE"": 1, ""$F"": 4, ""$FCNNAME"": 5, ""$VAR"": 5, ""$VAR_COPY"": 3}]",2,False,True,True,False,False,False,"C2,C3","plain_metavar,unnamed_ellipsis"
/home/moscovin/Documents/eboss/semgrep-rules-aggregate/scrap/lambdasec-autogrep/generated_rules__c__vuln-redis-12b5ff10.yaml,lambdasec-autogrep,0,0,vuln-redis-12b5ff10,A4,Negation / Filtering,"category,cwe,id,languages,message,metadata,owasp,pattern,pattern-not,severity,source-url,technology",False,True,True,False,False,False,False,$VAR,$VAR,"[{""$VAR"": 2}]",2,False,True,False,False,False,False,C2,plain_metavar
/home/moscovin/Documents/eboss/semgrep-rules-aggregate/scrap/lambdasec-autogrep/generated_rules__c__vuln-redis-15c078df.yaml,lambdasec-autogrep,0,0,vuln-redis-15c078df,A4,Negation / Filtering,"category,cwe,id,languages,message,metadata,owasp,pattern,pattern-not,references,severity,source-url,technology",False,True,True,False,False,False,False,"$ASYNC,$C",$C,"[{""$ASYNC"": 1, ""$C"": 2}]",2,False,True,False,False,False,False,C2,plain_metavar
/home/moscovin/Documents/eboss/semgrep-rules-aggregate/scrap/lambdasec-autogrep/generated_rules__c__vuln-redis-1dc89e2d.yaml,lambdasec-autogrep,0,0,vuln-redis-1dc89e2d,A4,Negation / Filtering,"category,cwe,id,languages,message,metadata,owasp,pattern,pattern-not,references,severity,source-url,technology",False,True,True,False,False,False,False,"$CLIENT,$HDR,$HDR_LEN,$LL","$CLIENT,$HDR,$LL","[{""$CLIENT"": 2, ""$HDR"": 2, ""$HDR_LEN"": 1, ""$LL"": 2}]",2,False,True,False,False,False,False,C2,plain_metavar
/home/moscovin/Documents/eboss/semgrep-rules-aggregate/scrap/lambdasec-autogrep/generated_rules__c__vuln-redis-1ddecf19.yaml,lambdasec-autogrep,0,0,vuln-redis-1ddecf19,A4,Negation / Filtering,"category,cwe,id,languages,message,metadata,owasp,pattern,pattern-not,references,severity,source-url,technology",False,True,True,False,False,False,False,"$ALEN,$BLEN,$C,$LCS,$LCS_ALLOC,$LCS_SIZE","$ALEN,$BLEN,$LCS,$LCS_ALLOC,$LCS_SIZE","[{""$ALEN"": 2, ""$BLEN"": 2, ""$C"": 1, ""$LCS"": 4, ""$LCS_ALLOC"": 4, ""$LCS_SIZE"": 3}]",2,False,True,False,False,False,False,C2,plain_metavar
/home/moscovin/Documents/eboss/semgrep-rules-aggregate/scrap/lambdasec-autogrep/generated_rules__c__vuln-redis-39feee8e.yaml,lambdasec-autogrep,0,0,vuln-redis-39feee8e,A4,Negation / Filtering,"category,cwe,id,languages,message,metadata,owasp,pattern,pattern-not,severity,source-url,technology",False,True,True,False,False,False,False,"$C,$HASCOUNT,$O","$C,$O","[{""$C"": 7, ""$HASCOUNT"": 1, ""$O"": 2}]",2,False,True,False,False,False,False,C2,plain_metavar
/home/moscovin/Documents/eboss/semgrep-rules-aggregate/scrap/lambdasec-autogrep/generated_rules__c__vuln-redis-5674b005.yaml,lambdasec-autogrep,0,0,vuln-redis-5674b005,A4,Negation / Filtering,"category,cwe,id,languages,message,metadata,owasp,pattern,pattern-not,references,severity,source-url,technology",False,True,True,False,False,False,False,"$AUTH_REQUIRED,$C","$AUTH_REQUIRED,$C","[{""$AUTH_REQUIRED"": 2, ""$C"": 2}]",2,False,True,True,False,False,False,"C2,C3","plain_metavar,unnamed_ellipsis"
/home/moscovin/Documents/eboss/semgrep-rules-aggregate/scrap/lambdasec-autogrep/generated_rules__c__vuln-redis-599e59eb.yaml,lambdasec-autogrep,0,0,vuln-redis-599e59eb,A4,Negation / Filtering,"category,cwe,id,languages,message,metadata,owasp,pattern,pattern-not,references,severity,source-url,technology",False,True,True,False,False,False,False,"$PTR,$SIZE,$USABLE","$SIZE,$USABLE","[{""$PTR"": 1, ""$SIZE"": 5, ""$USABLE"": 2}]",2,False,True,False,False,False,False,C2,plain_metavar
/home/moscovin/Documents/eboss/semgrep-rules-aggregate/scrap/lambdasec-autogrep/generated_rules__c__vuln-redis-697af434.yaml,lambdasec-autogrep,0,0,vuln-redis-697af434,A4,Negation / Filtering,"category,cwe,id,languages,message,metadata,owasp,pattern,pattern-not,references,severity,source-url,technology",True,False,False,False,False,False,False,,,[],2,True,False,False,False,False,False,C1,no_metavar
/home/moscovin/Documents/eboss/semgrep-rules-aggregate/scrap/lambdasec-autogrep/generated_rules__c__vuln-redis-6d9f8e24.yaml,lambdasec-autogrep,0,0,vuln-redis-6d9f8e24,A4,Negation / Filtering,"category,cwe,id,languages,message,metadata,owasp,pattern,pattern-not,references,severity,source-url,technology",False,True,True,False,False,False,False,$VAR,$VAR,"[{""$VAR"": 3}]",2,False,True,True,False,False,False,"C2,C3","plain_metavar,unnamed_ellipsis"
/home/moscovin/Documents/eboss/semgrep-rules-aggregate/scrap/lambdasec-autogrep/generated_rules__c__vuln-redis-79f089bd.yaml,lambdasec-autogrep,0,0,vuln-redis-79f089bd,A4,Negation / Filtering,"category,cwe,id,languages,message,metadata,owasp,pattern,pattern-not,references,severity,source-url,technology",False,True,True,False,False,False,False,"$HOSTNAME,$IS_ACCEPT_UNRESOLVED,$PORT","$HOSTNAME,$PORT","[{""$HOSTNAME"": 2, ""$IS_ACCEPT_UNRESOLVED"": 1, ""$PORT"": 2}]",2,False,True,False,False,False,False,C2,plain_metavar
/home/moscovin/Documents/eboss/semgrep-rules-aggregate/scrap/lambdasec-autogrep/generated_rules__c__vuln-redis-875a1f07.yaml,lambdasec-autogrep,0,0,vuln-redis-875a1f07,A4,Negation / Filtering,"category,cwe,id,languages,message,metadata,owasp,pattern,pattern-not,severity,source-url,technology",False,True,True,False,False,False,False,"$ARG,$C",$C,"[{""$ARG"": 1, ""$C"": 2}]",2,False,True,False,False,False,False,C2,plain_metavar
/home/moscovin/Documents/eboss/semgrep-rules-aggregate/scrap/lambdasec-autogrep/generated_rules__c__vuln-redis-b099889a.yaml,lambdasec-autogrep,0,0,vuln-redis-b099889a,A4,Negation / Filtering,"category,cwe,id,languages,message,metadata,owasp,pattern,pattern-not,severity,source-url,technology",False,True,True,False,False,False,False,"$CTX,$ERROR_LIST,$PROTO,$VAR","$CTX,$PROTO,$VAR","[{""$CTX"": 2, ""$ERROR_LIST"": 1, ""$PROTO"": 2, ""$VAR"": 2}]",2,False,True,False,False,False,False,C2,plain_metavar
/home/moscovin/Documents/eboss/semgrep-rules-aggregate/scrap/lambdasec-autogrep/generated_rules__c__vuln-redis-c9928576.yaml,lambdasec-autogrep,0,0,vuln-redis-c9928576,A4,Negation / Filtering,"category,cwe,id,languages,message,metadata,owasp,pattern,pattern-not,severity,source-url,technology",False,True,True,False,False,False,False,$VAR,$VAR,"[{""$VAR"": 2}]",2,False,True,False,False,False,False,C2,plain_metavar
/home/moscovin/Documents/eboss/semgrep-rules-aggregate/scrap/lambdasec-autogrep/generated_rules__c__vuln-redis-dcbfcb91.yaml,lambdasec-autogrep,0,0,vuln-redis-dcbfcb91,A4,Negation / Filtering,"category,cwe,id,languages,message,metadata,owasp,pattern,pattern-not,severity,source-url,technology",True,False,False,False,False,False,False,,,[],2,True,False,True,False,False,False,"C1,C3","no_metavar,unnamed_ellipsis"
/home/moscovin/Documents/eboss/semgrep-rules-aggregate/scrap/lambdasec-autogrep/generated_rules__c__vuln-redis-e351099e.yaml,lambdasec-autogrep,0,0,vuln-redis-e351099e,A4,Negation / Filtering,"category,cwe,id,languages,message,metadata,pattern,pattern-not,severity,source-url,technology",False,True,True,False,False,False,False,"$NEWLEN,$NEWSH,$OLDHDRLEN,$S,$SH,$USE_REALLOC","$NEWLEN,$NEWSH,$OLDHDRLEN,$S,$SH,$USE_REALLOC","[{""$NEWLEN"": 4, ""$NEWSH"": 6, ""$OLDHDRLEN"": 2, ""$S"": 2, ""$SH"": 4, ""$USE_REALLOC"": 2}]",2,False,True,True,False,False,False,"C2,C3","plain_metavar,unnamed_ellipsis"
/home/moscovin/Documents/eboss/semgrep-rules-aggregate/scrap/lambdasec-autogrep/generated_rules__c__vuln-redis-f613873d.yaml,lambdasec-autogrep,0,0,vuln-redis-f613873d,A4,Negation / Filtering,"category,cwe,id,languages,message,metadata,owasp,pattern,pattern-not,severity,source-url,technology",False,True,True,False,False,False,False,"$D,$RATIO,$S0,$S1","$D,$RATIO,$S0,$S1","[{""$D"": 2, ""$RATIO"": 3, ""$S0"": 4, ""$S1"": 4}]",2,False,True,False,False,False,False,C2,plain_metavar
/home/moscovin/Documents/eboss/semgrep-rules-aggregate/scrap/lambdasec-autogrep/generated_rules__c__vuln-redis-f6a40570.yaml,lambdasec-autogrep,0,0,vuln-redis-f6a40570,A4,Negation / Filtering,"category,cwe,id,languages,message,metadata,owasp,pattern,pattern-not,severity,source-url,technology",False,True,True,False,False,False,False,"$MAXELELEN,$TOTELELEN,$ZOBJ","$MAXELELEN,$TOTELELEN,$ZOBJ","[{""$MAXELELEN"": 4, ""$TOTELELEN"": 2, ""$ZOBJ"": 2}]",2,False,True,True,False,False,False,"C2,C3","plain_metavar,unnamed_ellipsis"
/home/moscovin/Documents/eboss/semgrep-rules-aggregate/scrap/lambdasec-autogrep/generated_rules__c__vuln-redis-fa6815e1.yaml,lambdasec-autogrep,0,0,vuln-redis-fa6815e1,A4,Negation / Filtering,"category,cwe,id,languages,message,metadata,owasp,pattern,pattern-not,severity,source-url,technology",False,True,True,False,False,False,False,"$ARG,$C,$COUNT,$MAX_COUNT","$ARG,$C,$COUNT","[{""$ARG"": 2, ""$C"": 2, ""$COUNT"": 2, ""$MAX_COUNT"": 1}]",2,False,True,False,False,False,False,C2,plain_metavar
/home/moscovin/Documents/eboss/semgrep-rules-aggregate/scrap/lambdasec-autogrep/generated_rules__c__vuln-redis-fad0b0d2.yaml,lambdasec-autogrep,0,0,vuln-redis-fad0b0d2,A4,Negation / Filtering,"category,cwe,id,languages,message,metadata,owasp,pattern,pattern-not,severity,source-url,technology",False,True,True,False,False,False,False,"$BLOCKED_US,$CLIENT,$HAD_ERRORS,$REPLY_US","$BLOCKED_US,$CLIENT,$REPLY_US","[{""$BLOCKED_US"": 2, ""$CLIENT"": 2, ""$HAD_ERRORS"": 1, ""$REPLY_US"": 2}]",2,False,True,False,False,False,False,C2,plain_metavar
/home/moscovin/Documents/eboss/semgrep-rules-aggregate/scrap/lambdasec-autogrep/generated_rules__c__vuln-redis-fdf9d455.yaml,lambdasec-autogrep,0,0,vuln-redis-fdf9d455,A4,Negation / Filtering,"category,cwe,id,languages,message,metadata,owasp,pattern,pattern-not,severity,source-url,technology",True,False,False,False,False,False,False,,,[],2,True,False,True,False,False,False,"C1,C3","no_metavar,unnamed_ellipsis"
/home/moscovin/Documents/eboss/semgrep-rules-aggregate/scrap/lambdasec-autogrep/generated_rules__c__vuln-riot-31c6191f.yaml,lambdasec-autogrep,0,0,vuln-riot-31c6191f,A4,Negation / Filtering,"category,cwe,id,languages,message,metadata,owasp,pattern,pattern-not,severity,source-url,technology",False,True,True,False,False,False,False,$FBUF,$FBUF,"[{""$FBUF"": 2}]",2,False,True,True,False,False,False,"C2,C3","plain_metavar,unnamed_ellipsis"
/home/moscovin/Documents/eboss/semgrep-rules-aggregate/scrap/lambdasec-autogrep/generated_rules__c__vuln-riot-89afc378.yaml,lambdasec-autogrep,0,0,vuln-riot-89afc378,A4,Negation / Filtering,"category,cwe,id,languages,message,metadata,owasp,pattern,pattern-not,references,severity,source-url,technology",False,True,True,False,False,False,False,$LEN,$LEN,"[{""$LEN"": 2}]",2,False,True,True,False,False,False,"C2,C3","plain_metavar,unnamed_ellipsis"
/home/moscovin/Documents/eboss/semgrep-rules-aggregate/scrap/lambdasec-autogrep/generated_rules__c__vuln-rpm-d6a86b5e.yaml,lambdasec-autogrep,0,0,vuln-rpm-d6a86b5e,A4,Negation / Filtering,"category,cwe,id,languages,message,metadata,pattern,pattern-not,severity,source-url,technology",False,True,True,False,False,False,False,"$H,$HEADERGET_MINMEM,$HEADERGET_RAW,$MSG,$RPMSIGTAG,$RPMTAG,$SIGH,$TD,$XL","$H,$SIGH,$TD,$XL","[{""$H"": 2, ""$HEADERGET_MINMEM"": 1, ""$HEADERGET_RAW"": 1, ""$MSG"": 1, ""$RPMSIGTAG"": 1, ""$RPMTAG"": 1, ""$SIGH"": 3, ""$TD"": 4, ""$XL"": 7}]",2,False,True,True,False,False,False,"C2,C3","plain_metavar,unnamed_ellipsis"
/home/moscovin/Documents/eboss/semgrep-rules-aggregate/scrap/lambdasec-autogrep/generated_rules__c__vuln-rsyslog-6bad782f.yaml,lambdasec-autogrep,0,0,vuln-rsyslog-6bad782f,A4,Negation / Filtering,"category,cwe,id,languages,message,metadata,owasp,pattern,pattern-not,severity,source-url,technology",False,True,True,False,False,False,False,$VAR,$VAR,"[{""$VAR"": 2}]",2,False,True,False,False,False,False,C2,plain_metavar
/home/moscovin/Documents/eboss/semgrep-rules-aggregate/scrap/lambdasec-autogrep/generated_rules__c__vuln-ruby-143eb22f.yaml,lambdasec-autogrep,0,0,vuln-ruby-143eb22f,A4,Negation / Filtering,"category,cwe,id,languages,message,metadata,owasp,pattern,pattern-not,severity,source-url,technology",False,True,True,False,False,False,False,"$SAFE,$VAR",$VAR,"[{""$SAFE"": 1, ""$VAR"": 5}]",2,False,True,False,False,False,False,C2,plain_metavar
/home/moscovin/Documents/eboss/semgrep-rules-aggregate/scrap/lambdasec-autogrep/generated_rules__c__vuln-ruby-a0a2640b.yaml,lambdasec-autogrep,0,0,vuln-ruby-a0a2640b,A4,Negation / Filtering,"category,cwe,id,languages,message,metadata,owasp,pattern,pattern-not,severity,source-url,technology",False,True,True,False,False,False,False,$VAR,$VAR,"[{""$VAR"": 2}]",2,False,True,False,False,False,False,C2,plain_metavar
/home/moscovin/Documents/eboss/semgrep-rules-aggregate/scrap/lambdasec-autogrep/generated_rules__c__vuln-ruby-b78fa27a.yaml,lambdasec-autogrep,0,0,vuln-ruby-b78fa27a,A4,Negation / Filtering,"category,cwe,id,languages,message,metadata,owasp,pattern,pattern-not,references,severity,source-url,technology",False,True,True,False,False,False,False,$PATH,$PATH,"[{""$PATH"": 3}]",2,False,True,False,False,False,False,C2,plain_metavar
/home/moscovin/Documents/eboss/semgrep-rules-aggregate/scrap/lambdasec-autogrep/generated_rules__c__vuln-ruby-cc031343.yaml,lambdasec-autogrep,0,0,vuln-ruby-cc031343,A4,Negation / Filtering,"category,cwe,id,languages,message,metadata,owasp,pattern,pattern-not,severity,source-url,technology",False,True,True,False,False,False,False,"$NAME,$TAIL,$VALUE","$NAME,$TAIL,$VALUE","[{""$NAME"": 2, ""$TAIL"": 4, ""$VALUE"": 2}]",2,False,True,False,False,False,False,C2,plain_metavar
/home/moscovin/Documents/eboss/semgrep-rules-aggregate/scrap/lambdasec-autogrep/generated_rules__c__vuln-sleuthkit-0c7d5e73.yaml,lambdasec-autogrep,0,0,vuln-sleuthkit-0c7d5e73,A4,Negation / Filtering,"category,cwe,id,languages,message,metadata,owasp,pattern,pattern-not,severity,source-url,technology",False,True,True,False,False,False,False,"$FS,$MFT,$NTFS","$FS,$MFT,$NTFS","[{""$FS"": 3, ""$MFT"": 3, ""$NTFS"": 2}]",2,False,True,True,False,False,False,"C2,C3","plain_metavar,unnamed_ellipsis"
/home/moscovin/Documents/eboss/semgrep-rules-aggregate/scrap/lambdasec-autogrep/generated_rules__c__vuln-slurm-7e4e8a77.yaml,lambdasec-autogrep,0,0,vuln-slurm-7e4e8a77,A4,Negation / Filtering,"category,cwe,id,languages,message,metadata,owasp,pattern,pattern-not,severity,source-url,technology",False,True,True,False,False,False,False,"$BUF,$OBJ,$SUCCESS,$VAR","$BUF,$OBJ,$VAR","[{""$BUF"": 2, ""$OBJ"": 2, ""$SUCCESS"": 1, ""$VAR"": 2}]",2,False,True,False,False,False,False,C2,plain_metavar
/home/moscovin/Documents/eboss/semgrep-rules-aggregate/scrap/lambdasec-autogrep/generated_rules__c__vuln-slurm-b30e9e9e.yaml,lambdasec-autogrep,0,0,vuln-slurm-b30e9e9e,A4,Negation / Filtering,"category,cwe,id,languages,message,metadata,owasp,pattern,pattern-not,severity,source-url,technology",False,True,True,False,False,False,False,"$ENV,$JOB_ENV","$ENV,$JOB_ENV","[{""$ENV"": 2, ""$JOB_ENV"": 4}]",2,False,True,False,False,False,False,C2,plain_metavar
/home/moscovin/Documents/eboss/semgrep-rules-aggregate/scrap/lambdasec-autogrep/generated_rules__c__vuln-slurm-bfda1aa8.yaml,lambdasec-autogrep,0,0,vuln-slurm-bfda1aa8,A4,Negation / Filtering,"category,cwe,id,languages,message,metadata,owasp,pattern,pattern-not,severity,source-url,technology",True,False,False,False,False,False,False,,,[],2,True,False,True,False,False,False,"C1,C3","no_metavar,unnamed_ellipsis"
/home/moscovin/Documents/eboss/semgrep-rules-aggregate/scrap/lambdasec-autogrep/generated_rules__c__vuln-sqlite-396afe6f.yaml,lambdasec-autogrep,0,0,vuln-sqlite-396afe6f,A4,Negation / Filtering,"category,cwe,id,languages,message,metadata,owasp,pattern,pattern-not,references,severity,source-url,technology",False,True,True,False,False,False,False,"$ISAGG,$P,$SUBSRC,$X","$ISAGG,$SUBSRC,$X","[{""$ISAGG"": 2, ""$P"": 1, ""$SUBSRC"": 4, ""$X"": 2}]",2,False,True,True,False,False,False,"C2,C3","plain_metavar,unnamed_ellipsis"
/home/moscovin/Documents/eboss/semgrep-rules-aggregate/scrap/lambdasec-autogrep/generated_rules__c__vuln-sqlite-78d1d225.yaml,lambdasec-autogrep,0,0,vuln-sqlite-78d1d225,A4,Negation / Filtering,"category,cwe,id,languages,message,metadata,owasp,pattern,pattern-not,severity,source-url,technology",False,True,True,False,False,False,False,$EXPR,$EXPR,"[{""$EXPR"": 2}]",2,False,True,True,False,False,False,"C2,C3","plain_metavar,unnamed_ellipsis"
/home/moscovin/Documents/eboss/semgrep-rules-aggregate/scrap/lambdasec-autogrep/generated_rules__c__vuln-sqlite-a6c1a71c.yaml,lambdasec-autogrep,0,0,vuln-sqlite-a6c1a71c,A4,Negation / Filtering,"category,cwe,id,languages,message,metadata,owasp,pattern,pattern-not,severity,source-url,technology",False,True,True,False,False,False,False,"$DB,$P,$PARSE","$DB,$P,$PARSE","[{""$DB"": 2, ""$P"": 2, ""$PARSE"": 3}]",2,False,True,True,False,False,False,"C2,C3","plain_metavar,unnamed_ellipsis"
/home/moscovin/Documents/eboss/semgrep-rules-aggregate/scrap/lambdasec-autogrep/generated_rules__c__vuln-sqlite-bf48ce49.yaml,lambdasec-autogrep,0,0,vuln-sqlite-bf48ce49,A4,Negation / Filtering,"category,cwe,id,languages,message,metadata,owasp,pattern,pattern-not,references,severity,source-url,technology",False,True,True,False,False,False,False,$EXPR,$EXPR,"[{""$EXPR"": 3}]",2,False,True,False,False,False,False,C2,plain_metavar
/home/moscovin/Documents/eboss/semgrep-rules-aggregate/scrap/lambdasec-autogrep/generated_rules__c__vuln-sqlite-f39168e4.yaml,lambdasec-autogrep,0,0,vuln-sqlite-f39168e4,A4,Negation / Filtering,"category,cwe,id,languages,message,metadata,owasp,pattern,pattern-not,references,severity,source-url,technology",False,True,True,False,False,False,False,"$EXPR,$GROUPBY,$PARSE","$EXPR,$GROUPBY,$PARSE","[{""$EXPR"": 3, ""$GROUPBY"": 2, ""$PARSE"": 2}]",2,False,True,True,False,False,False,"C2,C3","plain_metavar,unnamed_ellipsis"
/home/moscovin/Documents/eboss/semgrep-rules-aggregate/scrap/lambdasec-autogrep/generated_rules__c__vuln-src-2dfc98f4.yaml,lambdasec-autogrep,0,0,vuln-src-2dfc98f4,A4,Negation / Filtering,"category,cwe,id,languages,message,metadata,owasp,pattern,pattern-not,references,severity,source-url,technology",False,True,True,False,False,False,False,"$AS,$FFLAG,$SCRIPT,$SHELL,$USERNAME","$AS,$FFLAG,$SCRIPT,$SHELL,$USERNAME","[{""$AS"": 2, ""$FFLAG"": 2, ""$SCRIPT"": 2, ""$SHELL"": 2, ""$USERNAME"": 3}]",2,False,True,False,False,False,False,C2,plain_metavar
/home/moscovin/Documents/eboss/semgrep-rules-aggregate/scrap/lambdasec-autogrep/generated_rules__c__vuln-src-9dcfda04.yaml,lambdasec-autogrep,0,0,vuln-src-9dcfda04,A4,Negation / Filtering,"category,cwe,id,languages,message,metadata,owasp,pattern,pattern-not,severity,source-url,technology",False,True,True,False,False,False,False,"$DOMAIN,$MADDR,$MAILFROM","$MADDR,$MAILFROM","[{""$DOMAIN"": 1, ""$MADDR"": 12, ""$MAILFROM"": 2}]",2,False,True,True,False,False,False,"C2,C3","plain_metavar,unnamed_ellipsis"
/home/moscovin/Documents/eboss/semgrep-rules-aggregate/scrap/lambdasec-autogrep/generated_rules__c__vuln-sudo-817fd283.yaml,lambdasec-autogrep,0,0,vuln-sudo-817fd283,A4,Negation / Filtering,"category,cwe,id,languages,message,metadata,owasp,pattern,pattern-not,references,severity,source-url,technology",False,True,True,False,False,False,False,"$DIR,$NAME,$NAMELEN,$RDEV","$DIR,$NAME,$NAMELEN,$RDEV","[{""$DIR"": 2, ""$NAME"": 2, ""$NAMELEN"": 2, ""$RDEV"": 2}]",2,False,True,False,False,False,False,C2,plain_metavar
/home/moscovin/Documents/eboss/semgrep-rules-aggregate/scrap/lambdasec-autogrep/generated_rules__c__vuln-sudo-ab2cba0f.yaml,lambdasec-autogrep,0,0,vuln-sudo-ab2cba0f,A4,Negation / Filtering,"category,cwe,id,languages,message,metadata,owasp,pattern,pattern-not,severity,source-url,technology",False,True,True,False,False,False,False,"$BUF,$BUFSIZ,$ERRVAL,$FD,$FEEDBACK","$BUF,$BUFSIZ,$FD,$FEEDBACK","[{""$BUF"": 2, ""$BUFSIZ"": 2, ""$ERRVAL"": 1, ""$FD"": 2, ""$FEEDBACK"": 2}]",2,False,True,False,False,False,False,C2,plain_metavar
/home/moscovin/Documents/eboss/semgrep-rules-aggregate/scrap/lambdasec-autogrep/generated_rules__c__vuln-sudo-e99082e0.yaml,lambdasec-autogrep,0,0,vuln-sudo-e99082e0,A4,Negation / Filtering,"category,cwe,id,languages,message,metadata,owasp,pattern,pattern-not,references,severity,source-url,technology",False,True,True,False,False,False,False,"$LHOST,$SHOST,$TREE",$TREE,"[{""$LHOST"": 1, ""$SHOST"": 1, ""$TREE"": 2}]",2,False,True,False,False,False,False,C2,plain_metavar
/home/moscovin/Documents/eboss/semgrep-rules-aggregate/scrap/lambdasec-autogrep/generated_rules__c__vuln-sudo-fa8ffeb1.yaml,lambdasec-autogrep,0,0,vuln-sudo-fa8ffeb1,A4,Negation / Filtering,"category,cwe,id,languages,message,metadata,owasp,pattern,pattern-not,references,severity,source-url,technology",False,True,True,False,False,False,False,"$BUF,$BUFSIZ,$ERRVAL,$FD,$FEEDBACK,$FLAGS","$BUF,$BUFSIZ,$ERRVAL,$FD","[{""$BUF"": 2, ""$BUFSIZ"": 2, ""$ERRVAL"": 2, ""$FD"": 2, ""$FEEDBACK"": 1, ""$FLAGS"": 1}]",2,False,True,False,False,False,False,C2,plain_metavar
/home/moscovin/Documents/eboss/semgrep-rules-aggregate/scrap/lambdasec-autogrep/generated_rules__c__vuln-suricata-18841a58.yaml,lambdasec-autogrep,0,0,vuln-suricata-18841a58,A4,Negation / Filtering,"category,cwe,id,languages,message,metadata,owasp,pattern,pattern-not,severity,source-url,technology",False,True,True,False,False,False,False,"$HTTP_STATE,$TX_ID","$HTTP_STATE,$TX_ID","[{""$HTTP_STATE"": 8, ""$TX_ID"": 3}]",2,False,True,False,False,False,False,C2,plain_metavar
/home/moscovin/Documents/eboss/semgrep-rules-aggregate/scrap/lambdasec-autogrep/generated_rules__c__vuln-suricata-2a2120ec.yaml,lambdasec-autogrep,0,0,vuln-suricata-2a2120ec,A4,Negation / Filtering,"category,cwe,id,languages,message,metadata,owasp,pattern,pattern-not,references,severity,source-url,technology",True,False,False,False,False,False,False,,,[],2,True,False,True,False,False,False,"C1,C3","no_metavar,unnamed_ellipsis"
/home/moscovin/Documents/eboss/semgrep-rules-aggregate/scrap/lambdasec-autogrep/generated_rules__c__vuln-suricata-4a04f814.yaml,lambdasec-autogrep,0,0,vuln-suricata-4a04f814,A4,Negation / Filtering,"category,cwe,id,languages,message,metadata,owasp,pattern,pattern-not,severity,source-url,technology",False,True,True,False,False,False,False,"$CONTENT,$ID,$LEN,$MF,$OFF,$PROTO","$CONTENT,$ID,$LEN,$MF,$OFF","[{""$CONTENT"": 2, ""$ID"": 2, ""$LEN"": 2, ""$MF"": 2, ""$OFF"": 2, ""$PROTO"": 1}]",2,False,True,False,False,False,False,C2,plain_metavar
/home/moscovin/Documents/eboss/semgrep-rules-aggregate/scrap/lambdasec-autogrep/generated_rules__c__vuln-suricata-843d0b7a.yaml,lambdasec-autogrep,0,0,vuln-suricata-843d0b7a,A4,Negation / Filtering,"category,cwe,id,languages,message,metadata,owasp,pattern,pattern-not,severity,source-url,technology",False,True,True,False,False,False,False,"$P,$SSN,$STT,$TV","$P,$SSN,$STT,$TV","[{""$P"": 11, ""$SSN"": 13, ""$STT"": 20, ""$TV"": 10}]",2,False,True,False,False,False,False,C2,plain_metavar
/home/moscovin/Documents/eboss/semgrep-rules-aggregate/scrap/lambdasec-autogrep/generated_rules__c__vuln-suricata-9ba89a31.yaml,lambdasec-autogrep,0,0,vuln-suricata-9ba89a31,A4,Negation / Filtering,"category,cwe,id,languages,message,metadata,owasp,pattern,pattern-not,references,severity,source-url,technology",False,True,True,False,False,False,False,"$LINE_LEN,$LINE_PTR",$LINE_PTR,"[{""$LINE_LEN"": 1, ""$LINE_PTR"": 2}]",2,False,True,True,False,False,False,"C2,C3","plain_metavar,unnamed_ellipsis"
/home/moscovin/Documents/eboss/semgrep-rules-aggregate/scrap/lambdasec-autogrep/generated_rules__c__vuln-suricata-b9579fbe.yaml,lambdasec-autogrep,0,0,vuln-suricata-b9579fbe,A4,Negation / Filtering,"category,cwe,id,languages,message,metadata,owasp,pattern,pattern-not,references,severity,source-url,technology",False,True,True,False,False,False,False,"$CD,$DET_CTX","$CD,$DET_CTX","[{""$CD"": 3, ""$DET_CTX"": 3}]",2,False,True,True,False,False,False,"C2,C3","plain_metavar,unnamed_ellipsis"
/home/moscovin/Documents/eboss/semgrep-rules-aggregate/scrap/lambdasec-autogrep/generated_rules__c__vuln-suricata-bb26e621.yaml,lambdasec-autogrep,0,0,vuln-suricata-bb26e621,A4,Negation / Filtering,"category,cwe,id,languages,message,metadata,owasp,pattern,pattern-not,references,severity,source-url,technology",False,True,True,False,False,False,False,"$FUNC,$MODULE",$MODULE,"[{""$FUNC"": 1, ""$MODULE"": 2}]",2,False,True,False,False,False,False,C2,plain_metavar
/home/moscovin/Documents/eboss/semgrep-rules-aggregate/scrap/lambdasec-autogrep/generated_rules__c__vuln-suricata-d13bd2ae.yaml,lambdasec-autogrep,0,0,vuln-suricata-d13bd2ae,A4,Negation / Filtering,"category,cwe,id,languages,message,metadata,owasp,pattern,pattern-not,references,severity,source-url,technology",False,True,True,False,False,False,False,$F,$F,"[{""$F"": 3}]",2,False,True,False,False,False,False,C2,plain_metavar
/home/moscovin/Documents/eboss/semgrep-rules-aggregate/scrap/lambdasec-autogrep/generated_rules__c__vuln-swoole-src-a37b2087.yaml,lambdasec-autogrep,0,0,vuln-swoole-src-a37b2087,A4,Negation / Filtering,"category,cwe,id,languages,message,metadata,owasp,pattern,pattern-not,references,severity,source-url,technology",False,True,True,False,False,False,False,"$PARAMS,$REQUEST,$SERV,$URL,$VAR","$PARAMS,$REQUEST,$URL,$VAR","[{""$PARAMS"": 4, ""$REQUEST"": 2, ""$SERV"": 1, ""$URL"": 2, ""$VAR"": 3}]",2,False,True,False,False,False,False,C2,plain_metavar
/home/moscovin/Documents/eboss/semgrep-rules-aggregate/scrap/lambdasec-autogrep/generated_rules__c__vuln-sysstat-954ff2e2.yaml,lambdasec-autogrep,0,0,vuln-sysstat-954ff2e2,A4,Negation / Filtering,"category,cwe,id,languages,message,metadata,owasp,pattern,pattern-not,severity,source-url,technology",False,True,True,False,False,False,False,"$VAL1,$VAL2,$VAL3","$VAL1,$VAL2,$VAL3","[{""$VAL1"": 4, ""$VAL2"": 4, ""$VAL3"": 3}]",2,False,True,True,False,False,False,"C2,C3","plain_metavar,unnamed_ellipsis"
/home/moscovin/Documents/eboss/semgrep-rules-aggregate/scrap/lambdasec-autogrep/generated_rules__c__vuln-tcpreplay-2595c903.yaml,lambdasec-autogrep,0,0,vuln-tcpreplay-2595c903,A4,Negation / Filtering,"category,cwe,id,languages,message,metadata,owasp,pattern,pattern-not,severity,source-url,technology",False,True,True,False,False,False,False,$PKTHDR,$PKTHDR,"[{""$PKTHDR"": 5}]",2,False,True,True,False,False,False,"C2,C3","plain_metavar,unnamed_ellipsis"
/home/moscovin/Documents/eboss/semgrep-rules-aggregate/scrap/lambdasec-autogrep/generated_rules__c__vuln-tcpreplay-58dfef91.yaml,lambdasec-autogrep,0,0,vuln-tcpreplay-58dfef91,A4,Negation / Filtering,"category,cwe,id,languages,message,metadata,owasp,pattern,pattern-not,references,severity,source-url,technology",False,True,True,False,False,False,False,"$CIDR,$IP_HDR,$MODE","$CIDR,$IP_HDR,$MODE","[{""$CIDR"": 2, ""$IP_HDR"": 3, ""$MODE"": 2}]",2,False,True,True,False,False,False,"C2,C3","plain_metavar,unnamed_ellipsis"
/home/moscovin/Documents/eboss/semgrep-rules-aggregate/scrap/lambdasec-autogrep/generated_rules__c__vuln-tcpreplay-61db8ada.yaml,lambdasec-autogrep,0,0,vuln-tcpreplay-61db8ada,A4,Negation / Filtering,"category,cwe,id,languages,message,metadata,owasp,pattern,pattern-not,references,severity,source-url,technology",False,True,True,False,False,False,False,$X,$X,"[{""$X"": 2}]",2,False,True,False,False,False,False,C2,plain_metavar
/home/moscovin/Documents/eboss/semgrep-rules-aggregate/scrap/lambdasec-autogrep/generated_rules__c__vuln-tcpreplay-682d559d.yaml,lambdasec-autogrep,0,0,vuln-tcpreplay-682d559d,A4,Negation / Filtering,"category,cwe,id,languages,message,metadata,owasp,pattern,pattern-not,references,severity,source-url,technology",False,True,True,False,False,False,False,"$IP_HDR,$TCPEDIT",$IP_HDR,"[{""$IP_HDR"": 5, ""$TCPEDIT"": 1}]",2,False,True,True,False,False,False,"C2,C3","plain_metavar,unnamed_ellipsis"
/home/moscovin/Documents/eboss/semgrep-rules-aggregate/scrap/lambdasec-autogrep/generated_rules__c__vuln-tcpreplay-7b0a2fad.yaml,lambdasec-autogrep,0,0,vuln-tcpreplay-7b0a2fad,A4,Negation / Filtering,"category,cwe,id,languages,message,metadata,owasp,pattern,pattern-not,severity,source-url,technology",False,True,True,False,False,False,False,"$DATALEN,$L2_LEN,$TCPR_IPV4_H","$DATALEN,$L2_LEN,$TCPR_IPV4_H","[{""$DATALEN"": 2, ""$L2_LEN"": 3, ""$TCPR_IPV4_H"": 2}]",2,False,True,True,False,False,False,"C2,C3","plain_metavar,unnamed_ellipsis"
/home/moscovin/Documents/eboss/semgrep-rules-aggregate/scrap/lambdasec-autogrep/generated_rules__c__vuln-tcpreplay-9297ac29.yaml,lambdasec-autogrep,0,0,vuln-tcpreplay-9297ac29,A4,Negation / Filtering,"category,cwe,id,languages,message,metadata,pattern,pattern-not,severity,source-url,technology",False,True,True,False,False,False,False,$CONFIG,$CONFIG,"[{""$CONFIG"": 3}]",2,False,True,False,False,False,False,C2,plain_metavar
/home/moscovin/Documents/eboss/semgrep-rules-aggregate/scrap/lambdasec-autogrep/generated_rules__c__vuln-tcpreplay-abef6239.yaml,lambdasec-autogrep,0,0,vuln-tcpreplay-abef6239,A4,Negation / Filtering,"category,cwe,id,languages,message,metadata,owasp,pattern,pattern-not,references,severity,source-url,technology",True,False,False,False,False,False,False,,,[],2,True,False,False,False,False,False,C1,no_metavar
/home/moscovin/Documents/eboss/semgrep-rules-aggregate/scrap/lambdasec-autogrep/generated_rules__c__vuln-tcpreplay-b763db76.yaml,lambdasec-autogrep,0,0,vuln-tcpreplay-b763db76,A4,Negation / Filtering,"category,cwe,id,languages,message,metadata,owasp,pattern,pattern-not,references,severity,source-url,technology",False,True,True,False,False,False,False,"$DATA,$IPV4,$PAYLOAD_LEN","$DATA,$PAYLOAD_LEN","[{""$DATA"": 2, ""$IPV4"": 1, ""$PAYLOAD_LEN"": 4}]",2,False,True,True,False,False,False,"C2,C3","plain_metavar,unnamed_ellipsis"
/home/moscovin/Documents/eboss/semgrep-rules-aggregate/scrap/lambdasec-autogrep/generated_rules__c__vuln-tcpreplay-dae97cba.yaml,lambdasec-autogrep,0,0,vuln-tcpreplay-dae97cba,A4,Negation / Filtering,"category,cwe,id,languages,message,metadata,owasp,pattern,pattern-not,references,severity,source-url,technology",False,True,True,False,False,False,False,"$DATA,$IPV6,$LAYER,$LEN","$DATA,$IPV6,$LAYER,$LEN","[{""$DATA"": 2, ""$IPV6"": 2, ""$LAYER"": 3, ""$LEN"": 2}]",2,False,True,True,False,False,False,"C2,C3","plain_metavar,unnamed_ellipsis"
/home/moscovin/Documents/eboss/semgrep-rules-aggregate/scrap/lambdasec-autogrep/generated_rules__c__vuln-tensorflow-7c8cc4ec.yaml,lambdasec-autogrep,0,0,vuln-tensorflow-7c8cc4ec,A4,Negation / Filtering,"category,cwe,id,languages,message,metadata,owasp,pattern,pattern-not,severity,source-url,technology",False,True,True,False,False,False,False,"$ALLOC_SIZE,$RET,$SIZE","$ALLOC_SIZE,$RET,$SIZE","[{""$ALLOC_SIZE"": 3, ""$RET"": 4, ""$SIZE"": 2}]",2,False,True,False,False,False,False,C2,plain_metavar
/home/moscovin/Documents/eboss/semgrep-rules-aggregate/scrap/lambdasec-autogrep/generated_rules__c__vuln-u-boot-878269db.yaml,lambdasec-autogrep,0,0,vuln-u-boot-878269db,A4,Negation / Filtering,"category,cwe,id,languages,message,metadata,owasp,pattern,pattern-not,references,severity,source-url,technology",False,True,True,False,False,False,False,"$BLOCKSIZE,$CACHE,$LEN",$BLOCKSIZE,"[{""$BLOCKSIZE"": 2, ""$CACHE"": 1, ""$LEN"": 1}]",2,False,True,False,False,False,False,C2,plain_metavar
/home/moscovin/Documents/eboss/semgrep-rules-aggregate/scrap/lambdasec-autogrep/generated_rules__c__vuln-u-boot-8f8c04bf.yaml,lambdasec-autogrep,0,0,vuln-u-boot-8f8c04bf,A4,Negation / Filtering,"category,cwe,id,languages,message,metadata,owasp,pattern,pattern-not,severity,source-url,technology",False,True,True,False,False,False,False,"$ALEN,$COUNT,$J,$LINEBYTES,$NBYTES","$ALEN,$COUNT,$J,$LINEBYTES,$NBYTES","[{""$ALEN"": 2, ""$COUNT"": 2, ""$J"": 2, ""$LINEBYTES"": 2, ""$NBYTES"": 2}]",2,False,True,False,False,False,False,C2,plain_metavar
/home/moscovin/Documents/eboss/semgrep-rules-aggregate/scrap/lambdasec-autogrep/generated_rules__c__vuln-uc-ftps-83393f61.yaml,lambdasec-autogrep,0,0,vuln-uc-ftps-83393f61,A4,Negation / Filtering,"category,cwe,id,languages,message,metadata,owasp,pattern,pattern-not,severity,source-url,technology",False,True,True,False,False,False,False,$VAR,$VAR,"[{""$VAR"": 2}]",2,False,True,True,False,False,False,"C2,C3","plain_metavar,unnamed_ellipsis"
/home/moscovin/Documents/eboss/semgrep-rules-aggregate/scrap/lambdasec-autogrep/generated_rules__c__vuln-udisks-ad2ce671.yaml,lambdasec-autogrep,0,0,vuln-udisks-ad2ce671,A4,Negation / Filtering,"category,cwe,id,languages,message,metadata,owasp,pattern,pattern-not,severity,source-url,technology",False,True,True,False,False,False,False,$MSG,$MSG,"[{""$MSG"": 2}]",2,False,True,True,False,False,False,"C2,C3","plain_metavar,unnamed_ellipsis"
/home/moscovin/Documents/eboss/semgrep-rules-aggregate/scrap/lambdasec-autogrep/generated_rules__c__vuln-unbound-ba0f382e.yaml,lambdasec-autogrep,0,0,vuln-unbound-ba0f382e,A4,Negation / Filtering,"category,cwe,id,languages,message,metadata,owasp,pattern,pattern-not,severity,source-url,technology",False,True,True,False,False,False,False,"$ADDITIONS,$DP,$LAME,$REGION,$RR","$DP,$LAME,$REGION,$RR","[{""$ADDITIONS"": 1, ""$DP"": 2, ""$LAME"": 2, ""$REGION"": 2, ""$RR"": 2}]",2,False,True,False,False,False,False,C2,plain_metavar
/home/moscovin/Documents/eboss/semgrep-rules-aggregate/scrap/lambdasec-autogrep/generated_rules__c__vuln-unbound-c3206f45.yaml,lambdasec-autogrep,0,0,vuln-unbound-c3206f45,A4,Negation / Filtering,"category,cwe,id,languages,message,metadata,owasp,pattern,pattern-not,severity,source-url,technology",False,True,True,False,False,False,False,"$ADDR,$ADDRLEN,$INFRA,$MESH_WAIT,$TIMENOW","$ADDR,$ADDRLEN,$INFRA,$TIMENOW","[{""$ADDR"": 2, ""$ADDRLEN"": 2, ""$INFRA"": 2, ""$MESH_WAIT"": 1, ""$TIMENOW"": 2}]",2,False,True,False,False,False,False,C2,plain_metavar
/home/moscovin/Documents/eboss/semgrep-rules-aggregate/scrap/lambdasec-autogrep/generated_rules__c__vuln-unbound-f6753a0f.yaml,lambdasec-autogrep,0,0,vuln-unbound-f6753a0f,A4,Negation / Filtering,"category,cwe,id,languages,message,metadata,owasp,pattern,pattern-not,severity,source-url,technology",False,True,True,False,False,False,False,"$A,$B,$C,$D,$ENV,$FLAGS,$QINF,$QSTARTTIME,$REP","$A,$B,$C,$D,$ENV,$FLAGS,$QINF,$REP","[{""$A"": 2, ""$B"": 2, ""$C"": 2, ""$D"": 2, ""$ENV"": 2, ""$FLAGS"": 2, ""$QINF"": 2, ""$QSTARTTIME"": 1, ""$REP"": 2}]",2,False,True,False,False,False,False,C2,plain_metavar
/home/moscovin/Documents/eboss/semgrep-rules-aggregate/scrap/lambdasec-autogrep/generated_rules__c__vuln-uriparser-987b046e.yaml,lambdasec-autogrep,0,0,vuln-uriparser-987b046e,A4,Negation / Filtering,"category,cwe,id,languages,message,metadata,owasp,pattern,pattern-not,references,severity,source-url,technology",True,False,False,False,False,False,False,,,[],2,True,False,True,False,False,False,"C1,C3","no_metavar,unnamed_ellipsis"
/home/moscovin/Documents/eboss/semgrep-rules-aggregate/scrap/lambdasec-autogrep/generated_rules__c__vuln-uriparser-b1a34743.yaml,lambdasec-autogrep,0,0,vuln-uriparser-b1a34743,A4,Negation / Filtering,"category,cwe,id,languages,message,metadata,owasp,pattern,pattern-not,references,severity,source-url,technology",True,False,False,False,False,False,False,,,[],2,True,False,True,False,False,False,"C1,C3","no_metavar,unnamed_ellipsis"
/home/moscovin/Documents/eboss/semgrep-rules-aggregate/scrap/lambdasec-autogrep/generated_rules__c__vuln-util-linux-018a1090.yaml,lambdasec-autogrep,0,0,vuln-util-linux-018a1090,A4,Negation / Filtering,"category,cwe,id,languages,message,metadata,owasp,pattern,pattern-not,references,severity,source-url,technology",False,True,True,False,False,False,False,"$FS,$P,$SUFFIX","$FS,$P","[{""$FS"": 2, ""$P"": 8, ""$SUFFIX"": 1}]",2,False,True,False,False,False,False,C2,plain_metavar
/home/moscovin/Documents/eboss/semgrep-rules-aggregate/scrap/lambdasec-autogrep/generated_rules__c__vuln-util-linux-0377ef91.yaml,lambdasec-autogrep,0,0,vuln-util-linux-0377ef91,A5,Containment (inclusive),"category,cwe,id,languages,message,metadata,owasp,pattern,pattern-inside,severity,source-url,technology",False,True,True,False,False,False,False,"$CASE_NUM,$EX_FAIL,$FSTYPE,$OPTARG,$PATTERN",$FSTYPE,"[{""$CASE_NUM"": 1, ""$EX_FAIL"": 1, ""$FSTYPE"": 5, ""$OPTARG"": 1, ""$PATTERN"": 1}]",2,False,True,True,False,False,False,"C2,C3","plain_metavar,unnamed_ellipsis"
/home/moscovin/Documents/eboss/semgrep-rules-aggregate/scrap/lambdasec-autogrep/generated_rules__c__vuln-util-linux-166e8736.yaml,lambdasec-autogrep,0,0,vuln-util-linux-166e8736,A4,Negation / Filtering,"category,cwe,id,languages,message,metadata,owasp,pattern,pattern-not,severity,source-url,technology",True,False,False,False,False,False,False,,,[],2,True,False,False,False,False,False,C1,no_metavar
/home/moscovin/Documents/eboss/semgrep-rules-aggregate/scrap/lambdasec-autogrep/generated_rules__c__vuln-util-linux-70e3fcf2.yaml,lambdasec-autogrep,0,0,vuln-util-linux-70e3fcf2,A4,Negation / Filtering,"category,cwe,id,languages,message,metadata,owasp,pattern,pattern-not,severity,source-url,technology",False,True,True,False,False,False,False,$ARRAY,$ARRAY,"[{""$ARRAY"": 2}]",2,False,True,False,False,False,False,C2,plain_metavar
/home/moscovin/Documents/eboss/semgrep-rules-aggregate/scrap/lambdasec-autogrep/generated_rules__c__vuln-varnish-cache-29870c8f.yaml,lambdasec-autogrep,0,0,vuln-varnish-cache-29870c8f,A4,Negation / Filtering,"category,cwe,id,languages,message,metadata,owasp,pattern,pattern-not,references,severity,source-url,technology",False,True,True,False,False,False,False,"$HP,$RETVAL,$SEEN_CL,$SP,$U","$HP,$RETVAL,$SEEN_CL,$SP","[{""$HP"": 3, ""$RETVAL"": 4, ""$SEEN_CL"": 3, ""$SP"": 3, ""$U"": 1}]",2,False,True,False,False,False,False,C2,plain_metavar
/home/moscovin/Documents/eboss/semgrep-rules-aggregate/scrap/lambdasec-autogrep/generated_rules__c__vuln-varnish-cache-62932b42.yaml,lambdasec-autogrep,0,0,vuln-varnish-cache-62932b42,A4,Negation / Filtering,"category,cwe,id,languages,message,metadata,owasp,pattern,pattern-not,references,severity,source-url,technology",True,False,False,False,False,False,False,,,[],2,True,False,True,False,False,False,"C1,C3","no_metavar,unnamed_ellipsis"
/home/moscovin/Documents/eboss/semgrep-rules-aggregate/scrap/lambdasec-autogrep/generated_rules__c__vuln-varnish-cache-fcf5722a.yaml,lambdasec-autogrep,0,0,vuln-varnish-cache-fcf5722a,A4,Negation / Filtering,"category,cwe,id,languages,message,metadata,owasp,pattern,pattern-not,severity,source-url,technology",False,True,True,False,False,False,False,"$B,$HTTP_ASSO_VALUES,$U","$B,$HTTP_ASSO_VALUES,$U","[{""$B"": 3, ""$HTTP_ASSO_VALUES"": 3, ""$U"": 10}]",2,False,True,False,False,False,False,C2,plain_metavar
/home/moscovin/Documents/eboss/semgrep-rules-aggregate/scrap/lambdasec-autogrep/generated_rules__c__vuln-vim-249e1b90.yaml,lambdasec-autogrep,0,0,vuln-vim-249e1b90,A4,Negation / Filtering,"category,cwe,id,languages,message,metadata,owasp,pattern,pattern-not,severity,source-url,technology",False,True,True,False,False,False,False,"$ACTUAL,$BUF,$ERROR_FOUND,$EXPECTED,$EXPECTED_STR,$FALSE,$LIST,$TOFREE,$TV,$VV","$ACTUAL,$BUF,$ERROR_FOUND,$EXPECTED,$EXPECTED_STR,$FALSE,$TOFREE,$TV,$VV","[{""$ACTUAL"": 5, ""$BUF"": 2, ""$ERROR_FOUND"": 2, ""$EXPECTED"": 6, ""$EXPECTED_STR"": 2, ""$FALSE"": 2, ""$LIST"": 1, ""$TOFREE"": 2, ""$TV"": 3, ""$VV"": 2}]",2,False,True,False,False,False,False,C2,plain_metavar
/home/moscovin/Documents/eboss/semgrep-rules-aggregate/scrap/lambdasec-autogrep/generated_rules__c__vuln-vim-2a585c85.yaml,lambdasec-autogrep,0,0,vuln-vim-2a585c85,A4,Negation / Filtering,"category,cwe,id,languages,message,metadata,owasp,pattern,pattern-not,severity,source-url,technology",False,True,True,False,False,False,False,"$COL,$LEN,$Y_ARRAY,$Y_SIZE","$COL,$LEN,$Y_ARRAY,$Y_SIZE","[{""$COL"": 2, ""$LEN"": 3, ""$Y_ARRAY"": 2, ""$Y_SIZE"": 2}]",2,False,True,False,False,False,False,C2,plain_metavar
/home/moscovin/Documents/eboss/semgrep-rules-aggregate/scrap/lambdasec-autogrep/generated_rules__c__vuln-vim-32acf1f1.yaml,lambdasec-autogrep,0,0,vuln-vim-32acf1f1,A4,Negation / Filtering,"category,cwe,id,languages,message,metadata,owasp,pattern,pattern-not,severity,source-url,technology",False,True,True,False,False,False,False,"$ARG,$FUNC,$REG_PREV_SUB,$SOURCE,$VAR","$ARG,$FUNC,$REG_PREV_SUB,$VAR","[{""$ARG"": 2, ""$FUNC"": 2, ""$REG_PREV_SUB"": 3, ""$SOURCE"": 1, ""$VAR"": 4}]",2,False,True,True,False,False,False,"C2,C3","plain_metavar,unnamed_ellipsis"
/home/moscovin/Documents/eboss/semgrep-rules-aggregate/scrap/lambdasec-autogrep/generated_rules__c__vuln-vim-91c7cbfe.yaml,lambdasec-autogrep,0,0,vuln-vim-91c7cbfe,A4,Negation / Filtering,"category,cwe,id,languages,message,metadata,pattern,pattern-not,severity,source-url,technology",False,True,True,False,False,False,False,"$EVALARG,$TOFREE","$EVALARG,$TOFREE","[{""$EVALARG"": 4, ""$TOFREE"": 2}]",2,False,True,False,False,False,False,C2,plain_metavar
/home/moscovin/Documents/eboss/semgrep-rules-aggregate/scrap/lambdasec-autogrep/generated_rules__c__vuln-vim-9c23f9bb.yaml,lambdasec-autogrep,0,0,vuln-vim-9c23f9bb,A4,Negation / Filtering,"category,cwe,id,languages,message,metadata,owasp,pattern,pattern-not,severity,source-url,technology",False,True,True,False,False,False,False,"$EAP,$LINE_TO_FREE,$NAME_ARG","$EAP,$NAME_ARG","[{""$EAP"": 2, ""$LINE_TO_FREE"": 1, ""$NAME_ARG"": 2}]",2,False,True,False,False,False,False,C2,plain_metavar
/home/moscovin/Documents/eboss/semgrep-rules-aggregate/scrap/lambdasec-autogrep/generated_rules__c__vuln-vim-a4bc2dd7.yaml,lambdasec-autogrep,0,0,vuln-vim-a4bc2dd7,A4,Negation / Filtering,"category,cwe,id,languages,message,metadata,owasp,pattern,pattern-not,severity,source-url,technology",False,True,True,False,False,False,False,"$BUF,$LEN","$BUF,$LEN","[{""$BUF"": 4, ""$LEN"": 3}]",2,False,True,False,False,False,False,C2,plain_metavar
/home/moscovin/Documents/eboss/semgrep-rules-aggregate/scrap/lambdasec-autogrep/generated_rules__c__vuln-vim-bd228fd0.yaml,lambdasec-autogrep,0,0,vuln-vim-bd228fd0,A4,Negation / Filtering,"category,cwe,id,languages,message,metadata,owasp,pattern,pattern-not,references,severity,source-url,technology",False,True,True,False,False,False,False,"$DEST,$IOSIZE,$SRC","$DEST,$SRC","[{""$DEST"": 3, ""$IOSIZE"": 1, ""$SRC"": 2}]",2,False,True,False,False,False,False,C2,plain_metavar
/home/moscovin/Documents/eboss/semgrep-rules-aggregate/scrap/lambdasec-autogrep/generated_rules__c__vuln-vim-c3d27ada.yaml,lambdasec-autogrep,0,0,vuln-vim-c3d27ada,A4,Negation / Filtering,"category,cwe,id,languages,message,metadata,owasp,pattern,pattern-not,references,severity,source-url,technology",False,True,False,False,False,False,False,$WP,,"[{""$WP"": 1}]",2,True,True,True,False,False,False,"C1,C2,C3","no_metavar,plain_metavar,unnamed_ellipsis"
/home/moscovin/Documents/eboss/semgrep-rules-aggregate/scrap/lambdasec-autogrep/generated_rules__c__vuln-vlc-09572892.yaml,lambdasec-autogrep,0,0,vuln-vlc-09572892,A4,Negation / Filtering,"category,cwe,id,languages,message,metadata,owasp,pattern,pattern-not,references,severity,source-url,technology",False,True,True,False,False,False,False,"$BOX,$LEN","$BOX,$LEN","[{""$BOX"": 2, ""$LEN"": 2}]",2,False,True,False,False,False,False,C2,plain_metavar
/home/moscovin/Documents/eboss/semgrep-rules-aggregate/scrap/lambdasec-autogrep/generated_rules__c__vuln-vlc-3a628275.yaml,lambdasec-autogrep,0,0,vuln-vlc-3a628275,A4,Negation / Filtering,"category,cwe,id,languages,message,metadata,owasp,pattern,pattern-not,severity,source-url,technology",False,True,True,False,False,False,False,"$BOX,$COUNT","$BOX,$COUNT","[{""$BOX"": 9, ""$COUNT"": 11}]",2,False,True,False,False,False,False,C2,plain_metavar
/home/moscovin/Documents/eboss/semgrep-rules-aggregate/scrap/lambdasec-autogrep/generated_rules__c__vuln-vlc-edca13e2.yaml,lambdasec-autogrep,0,0,vuln-vlc-edca13e2,A4,Negation / Filtering,"category,cwe,id,languages,message,metadata,owasp,pattern,pattern-not,severity,source-url,technology",False,True,True,False,False,False,False,"$COUNT,$VAR","$COUNT,$VAR","[{""$COUNT"": 4, ""$VAR"": 2}]",2,False,True,False,False,False,False,C2,plain_metavar
/home/moscovin/Documents/eboss/semgrep-rules-aggregate/scrap/lambdasec-autogrep/generated_rules__c__vuln-w3m-d43527cf.yaml,lambdasec-autogrep,0,0,vuln-w3m-d43527cf,A4,Negation / Filtering,"category,cwe,id,languages,message,metadata,owasp,pattern,pattern-not,severity,source-url,technology",False,True,True,False,False,False,False,"$NEWLEN,$X","$NEWLEN,$X","[{""$NEWLEN"": 4, ""$X"": 4}]",2,False,True,True,False,False,False,"C2,C3","plain_metavar,unnamed_ellipsis"
/home/moscovin/Documents/eboss/semgrep-rules-aggregate/scrap/lambdasec-autogrep/generated_rules__c__vuln-wireshark-11f40896.yaml,lambdasec-autogrep,0,0,vuln-wireshark-11f40896,A4,Negation / Filtering,"category,cwe,id,languages,message,metadata,owasp,pattern,pattern-not,severity,source-url,technology",False,True,True,False,False,False,False,"$DATA_LENGTH,$ENC_BIG_ENDIAN,$ENC_NA,$EXTENDEDBLOCKIDS,$GVCP_TELEGRAM_TREE,$HF_GVCP_EVENTCMD_DATA,$HF_GVCP_EVENTCMD_EXTID_LENGTH,$OFFSET,$TVB","$DATA_LENGTH,$ENC_BIG_ENDIAN,$ENC_NA,$EXTENDEDBLOCKIDS,$GVCP_TELEGRAM_TREE,$HF_GVCP_EVENTCMD_DATA,$HF_GVCP_EVENTCMD_EXTID_LENGTH,$OFFSET,$TVB","[{""$DATA_LENGTH"": 8, ""$ENC_BIG_ENDIAN"": 2, ""$ENC_NA"": 4, ""$EXTENDEDBLOCKIDS"": 4, ""$GVCP_TELEGRAM_TREE"": 7, ""$HF_GVCP_EVENTCMD_DATA"": 4, ""$HF_GVCP_EVENTCMD_EXTID_LENGTH"": 2, ""$OFFSET"": 10, ""$TVB"": 8}]",2,False,True,True,False,False,False,"C2,C3","plain_metavar,unnamed_ellipsis"
/home/moscovin/Documents/eboss/semgrep-rules-aggregate/scrap/lambdasec-autogrep/generated_rules__c__vuln-wireshark-16a52bff.yaml,lambdasec-autogrep,0,0,vuln-wireshark-16a52bff,A4,Negation / Filtering,"category,cwe,id,languages,message,metadata,owasp,pattern,pattern-not,severity,source-url,technology",False,True,True,False,False,False,False,"$CDIR,$RCONV,$SAVE_SEQ,$SEQ,$TP,$TYPE","$CDIR,$RCONV,$SAVE_SEQ,$SEQ,$TP,$TYPE","[{""$CDIR"": 2, ""$RCONV"": 2, ""$SAVE_SEQ"": 2, ""$SEQ"": 2, ""$TP"": 11, ""$TYPE"": 2}]",2,False,True,True,False,False,False,"C2,C3","plain_metavar,unnamed_ellipsis"
/home/moscovin/Documents/eboss/semgrep-rules-aggregate/scrap/lambdasec-autogrep/generated_rules__c__vuln-wireshark-19ed0575.yaml,lambdasec-autogrep,0,0,vuln-wireshark-19ed0575,A4,Negation / Filtering,"category,cwe,id,languages,message,metadata,pattern,pattern-not,severity,source-url,technology",True,False,False,False,False,False,False,,,[],2,True,False,False,False,False,False,C1,no_metavar
/home/moscovin/Documents/eboss/semgrep-rules-aggregate/scrap/lambdasec-autogrep/generated_rules__c__vuln-wireshark-4a2cd6c7.yaml,lambdasec-autogrep,0,0,vuln-wireshark-4a2cd6c7,A4,Negation / Filtering,"category,cwe,id,languages,message,metadata,owasp,pattern,pattern-not,references,severity,source-url,technology",False,True,True,False,False,False,False,"$DEPTH,$PARAM_END,$PARAM_TREE,$PINFO,$SUBOFFSET,$TVB","$PARAM_END,$PARAM_TREE,$PINFO,$SUBOFFSET,$TVB","[{""$DEPTH"": 1, ""$PARAM_END"": 2, ""$PARAM_TREE"": 2, ""$PINFO"": 2, ""$SUBOFFSET"": 2, ""$TVB"": 2}]",2,False,True,False,False,False,False,C2,plain_metavar
/home/moscovin/Documents/eboss/semgrep-rules-aggregate/scrap/lambdasec-autogrep/generated_rules__c__vuln-wireshark-4fdfccd5.yaml,lambdasec-autogrep,0,0,vuln-wireshark-4fdfccd5,A4,Negation / Filtering,"category,cwe,id,languages,message,metadata,owasp,pattern,pattern-not,references,severity,source-url,technology",False,True,True,False,False,False,False,"$HF,$LENGTH,$OFFSET,$PINFO,$TREE,$TVB","$HF,$LENGTH,$OFFSET,$PINFO,$TREE,$TVB","[{""$HF"": 2, ""$LENGTH"": 2, ""$OFFSET"": 2, ""$PINFO"": 2, ""$TREE"": 2, ""$TVB"": 2}]",2,False,True,False,False,False,False,C2,plain_metavar
/home/moscovin/Documents/eboss/semgrep-rules-aggregate/scrap/lambdasec-autogrep/generated_rules__c__vuln-wireshark-565b4266.yaml,lambdasec-autogrep,0,0,vuln-wireshark-565b4266,A4,Negation / Filtering,"category,cwe,id,languages,message,metadata,owasp,pattern,pattern-not,severity,source-url,technology",True,False,False,False,False,False,False,,,[],2,True,False,False,False,False,False,C1,no_metavar
/home/moscovin/Documents/eboss/semgrep-rules-aggregate/scrap/lambdasec-autogrep/generated_rules__c__vuln-wireshark-81216a17.yaml,lambdasec-autogrep,0,0,vuln-wireshark-81216a17,A4,Negation / Filtering,"category,cwe,id,languages,message,metadata,owasp,pattern,pattern-not,severity,source-url,technology",False,True,True,False,False,False,False,"$HEADER,$PIN,$VAL,$VAR","$HEADER,$PIN,$VAL,$VAR","[{""$HEADER"": 3, ""$PIN"": 2, ""$VAL"": 2, ""$VAR"": 2}]",2,False,True,False,False,False,False,C2,plain_metavar
/home/moscovin/Documents/eboss/semgrep-rules-aggregate/scrap/lambdasec-autogrep/generated_rules__c__vuln-wireshark-81c4eee8.yaml,lambdasec-autogrep,0,0,vuln-wireshark-81c4eee8,A4,Negation / Filtering,"category,cwe,id,languages,message,metadata,owasp,pattern,pattern-not,severity,source-url,technology",False,True,True,False,False,False,False,"$VAR1,$VAR2","$VAR1,$VAR2","[{""$VAR1"": 4, ""$VAR2"": 2}]",2,False,True,False,False,False,False,C2,plain_metavar
/home/moscovin/Documents/eboss/semgrep-rules-aggregate/scrap/lambdasec-autogrep/generated_rules__c__vuln-wireshark-867a1827.yaml,lambdasec-autogrep,0,0,vuln-wireshark-867a1827,A4,Negation / Filtering,"category,cwe,id,languages,message,metadata,owasp,pattern,pattern-not,severity,source-url,technology",False,True,True,False,False,False,False,"$START,$TVB","$START,$TVB","[{""$START"": 3, ""$TVB"": 3}]",2,False,True,True,False,False,False,"C2,C3","plain_metavar,unnamed_ellipsis"
/home/moscovin/Documents/eboss/semgrep-rules-aggregate/scrap/lambdasec-autogrep/generated_rules__c__vuln-wireshark-94d5b913.yaml,lambdasec-autogrep,0,0,vuln-wireshark-94d5b913,A4,Negation / Filtering,"category,cwe,id,languages,message,metadata,owasp,pattern,pattern-not,references,severity,source-url,technology",False,True,True,False,False,False,False,"$AVP_TREE,$HF_RADIUS_AVP_VENDOR_LEN,$TVB,$VENDOR,$VENDOR_ATTRIBUTE_LEN,$VENDOR_OFFSET","$AVP_TREE,$HF_RADIUS_AVP_VENDOR_LEN,$TVB,$VENDOR,$VENDOR_OFFSET","[{""$AVP_TREE"": 2, ""$HF_RADIUS_AVP_VENDOR_LEN"": 2, ""$TVB"": 2, ""$VENDOR"": 2, ""$VENDOR_ATTRIBUTE_LEN"": 1, ""$VENDOR_OFFSET"": 2}]",2,False,True,False,False,False,False,C2,plain_metavar
/home/moscovin/Documents/eboss/semgrep-rules-aggregate/scrap/lambdasec-autogrep/generated_rules__c__vuln-wireshark-9b2c889a.yaml,lambdasec-autogrep,0,0,vuln-wireshark-9b2c889a,A4,Negation / Filtering,"category,cwe,id,languages,message,metadata,owasp,pattern,pattern-not,severity,source-url,technology",False,True,True,False,False,False,False,"$PIN,$STR","$PIN,$STR","[{""$PIN"": 2, ""$STR"": 2}]",2,False,True,False,False,False,False,C2,plain_metavar
/home/moscovin/Documents/eboss/semgrep-rules-aggregate/scrap/lambdasec-autogrep/generated_rules__c__vuln-wireshark-a559f2a0.yaml,lambdasec-autogrep,0,0,vuln-wireshark-a559f2a0,A4,Negation / Filtering,"category,cwe,id,languages,message,metadata,owasp,pattern,pattern-not,references,severity,source-url,technology",False,True,True,False,False,False,False,"$ADDR1,$ADDR2,$PIN","$ADDR1,$ADDR2","[{""$ADDR1"": 2, ""$ADDR2"": 2, ""$PIN"": 1}]",2,False,True,False,False,False,False,C2,plain_metavar
/home/moscovin/Documents/eboss/semgrep-rules-aggregate/scrap/lambdasec-autogrep/generated_rules__c__vuln-wireshark-a6c62a2f.yaml,lambdasec-autogrep,0,0,vuln-wireshark-a6c62a2f,A4,Negation / Filtering,"category,cwe,id,languages,message,metadata,owasp,pattern,pattern-not,severity,source-url,technology",False,True,True,False,False,False,False,$AFCI,$AFCI,"[{""$AFCI"": 2}]",2,False,True,False,False,False,False,C2,plain_metavar
/home/moscovin/Documents/eboss/semgrep-rules-aggregate/scrap/lambdasec-autogrep/generated_rules__c__vuln-wireshark-b20e5d8a.yaml,lambdasec-autogrep,0,0,vuln-wireshark-b20e5d8a,A4,Negation / Filtering,"category,cwe,id,languages,message,metadata,pattern,pattern-not,severity,source-url,technology",False,True,True,False,False,False,False,"$DONE,$ENCRYPT_INFO,$ENC_NA,$GSS_TVB,$HANDLE,$HF_GSSAPI_AUTH_CREDENTIALS,$HF_GSSAPI_AUTH_VERIFIER,$IS_VERIFIER,$LEN,$OFFSET,$OIDVALUE,$OID_TVB_LOCAL,$PINFO,$RETURN_OFFSET,$START_OFFSET,$SUBTREE","$DONE,$ENCRYPT_INFO,$ENC_NA,$GSS_TVB,$HANDLE,$IS_VERIFIER,$LEN,$OFFSET,$OIDVALUE,$OID_TVB_LOCAL,$PINFO,$RETURN_OFFSET,$START_OFFSET,$SUBTREE","[{""$DONE"": 2, ""$ENCRYPT_INFO"": 3, ""$ENC_NA"": 2, ""$GSS_TVB"": 10, ""$HANDLE"": 9, ""$HF_GSSAPI_AUTH_CREDENTIALS"": 1, ""$HF_GSSAPI_AUTH_VERIFIER"": 1, ""$IS_VERIFIER"": 2, ""$LEN"": 9, ""$OFFSET"": 2, ""$OIDVALUE"": 4, ""$OID_TVB_LOCAL"": 6, ""$PINFO"": 3, ""$RETURN_OFFSET"": 8, ""$START_OFFSET"": 6, ""$SUBTREE"": 5}]",2,False,True,False,False,False,False,C2,plain_metavar
/home/moscovin/Documents/eboss/semgrep-rules-aggregate/scrap/lambdasec-autogrep/generated_rules__c__vuln-wireshark-c52a702a.yaml,lambdasec-autogrep,0,0,vuln-wireshark-c52a702a,A4,Negation / Filtering,"category,cwe,id,languages,message,metadata,owasp,pattern,pattern-not,references,severity,source-url,technology",False,True,True,False,False,False,False,"$DATATYPE,$STATUS",$STATUS,"[{""$DATATYPE"": 1, ""$STATUS"": 3}]",2,False,True,True,False,False,False,"C2,C3","plain_metavar,unnamed_ellipsis"
/home/moscovin/Documents/eboss/semgrep-rules-aggregate/scrap/lambdasec-autogrep/generated_rules__c__vuln-wireshark-c8010881.yaml,lambdasec-autogrep,0,0,vuln-wireshark-c8010881,A4,Negation / Filtering,"category,cwe,id,languages,message,metadata,owasp,pattern,pattern-not,references,severity,source-url,technology",False,True,True,False,False,False,False,$VAR,$VAR,"[{""$VAR"": 2}]",2,False,True,True,False,False,False,"C2,C3","plain_metavar,unnamed_ellipsis"
/home/moscovin/Documents/eboss/semgrep-rules-aggregate/scrap/lambdasec-autogrep/generated_rules__c__vuln-wireshark-d443be44.yaml,lambdasec-autogrep,0,0,vuln-wireshark-d443be44,A4,Negation / Filtering,"category,cwe,id,languages,message,metadata,owasp,pattern,pattern-not,severity,source-url,technology",False,True,True,False,False,False,False,"$FUNC,$OFFSET,$PAD_TREE,$PININFO,$TI_TYPE,$TREE,$VAR,$VTYPE","$FUNC,$OFFSET,$PAD_TREE,$PININFO,$TREE,$VAR,$VTYPE","[{""$FUNC"": 2, ""$OFFSET"": 3, ""$PAD_TREE"": 2, ""$PININFO"": 2, ""$TI_TYPE"": 1, ""$TREE"": 2, ""$VAR"": 4, ""$VTYPE"": 2}]",2,False,True,True,False,False,False,"C2,C3","plain_metavar,unnamed_ellipsis"
/home/moscovin/Documents/eboss/semgrep-rules-aggregate/scrap/lambdasec-autogrep/generated_rules__c__vuln-wireshark-e2745d74.yaml,lambdasec-autogrep,0,0,vuln-wireshark-e2745d74,A4,Negation / Filtering,"category,cwe,id,languages,message,metadata,owasp,pattern,pattern-not,severity,source-url,technology",False,True,True,False,False,False,False,"$COUNT,$FTYPE,$IDS,$OFFSET,$PIN,$TREE,$TVB","$FTYPE,$OFFSET,$PIN,$TREE,$TVB","[{""$COUNT"": 1, ""$FTYPE"": 2, ""$IDS"": 1, ""$OFFSET"": 2, ""$PIN"": 2, ""$TREE"": 2, ""$TVB"": 2}]",2,False,True,False,False,False,False,C2,plain_metavar
/home/moscovin/Documents/eboss/semgrep-rules-aggregate/scrap/lambdasec-autogrep/generated_rules__c__vuln-wireshark-e280c9b6.yaml,lambdasec-autogrep,0,0,vuln-wireshark-e280c9b6,A4,Negation / Filtering,"category,cwe,id,languages,message,metadata,owasp,pattern,pattern-not,severity,source-url,technology",False,True,True,False,False,False,False,"$CHARS_PROCESSED,$DATA_SIZE,$DNS_DATA_OFFSET,$INDIR_OFFSET,$MAXDNAME,$OFFSET,$POINTERS_COUNT,$TVB","$CHARS_PROCESSED,$DATA_SIZE,$POINTERS_COUNT","[{""$CHARS_PROCESSED"": 3, ""$DATA_SIZE"": 2, ""$DNS_DATA_OFFSET"": 1, ""$INDIR_OFFSET"": 1, ""$MAXDNAME"": 1, ""$OFFSET"": 1, ""$POINTERS_COUNT"": 3, ""$TVB"": 1}]",2,False,True,True,False,False,False,"C2,C3","plain_metavar,unnamed_ellipsis"
/home/moscovin/Documents/eboss/semgrep-rules-aggregate/scrap/lambdasec-autogrep/generated_rules__c__vuln-wireshark-eb0c034f.yaml,lambdasec-autogrep,0,0,vuln-wireshark-eb0c034f,A4,Negation / Filtering,"category,cwe,id,languages,message,metadata,owasp,pattern,pattern-not,references,severity,source-url,technology",True,False,False,False,False,False,False,,,[],2,True,False,False,False,False,False,C1,no_metavar
/home/moscovin/Documents/eboss/semgrep-rules-aggregate/scrap/lambdasec-autogrep/generated_rules__c__vuln-wireshark-ebff85fd.yaml,lambdasec-autogrep,0,0,vuln-wireshark-ebff85fd,A4,Negation / Filtering,"category,cwe,id,languages,message,metadata,owasp,pattern,pattern-not,severity,source-url,technology",False,True,True,False,False,False,False,"$LEN,$OFFSET,$TVB,$VEC","$LEN,$OFFSET,$TVB,$VEC","[{""$LEN"": 3, ""$OFFSET"": 2, ""$TVB"": 2, ""$VEC"": 3}]",2,False,True,False,False,False,False,C2,plain_metavar
/home/moscovin/Documents/eboss/semgrep-rules-aggregate/scrap/lambdasec-autogrep/generated_rules__c__vuln-wireshark-f910cb50.yaml,lambdasec-autogrep,0,0,vuln-wireshark-f910cb50,A4,Negation / Filtering,"category,cwe,id,languages,message,metadata,owasp,pattern,pattern-not,references,severity,source-url,technology",False,True,True,False,False,False,False,"$LI,$OFFSET",$LI,"[{""$LI"": 2, ""$OFFSET"": 1}]",2,False,True,False,False,False,False,C2,plain_metavar
/home/moscovin/Documents/eboss/semgrep-rules-aggregate/scrap/lambdasec-autogrep/generated_rules__c__vuln-wireshark-fe22586b.yaml,lambdasec-autogrep,0,0,vuln-wireshark-fe22586b,A4,Negation / Filtering,"category,cwe,id,languages,message,metadata,owasp,pattern,pattern-not,references,severity,source-url,technology",False,True,True,False,False,False,False,"$PACKET_SIZE,$WTH","$PACKET_SIZE,$WTH","[{""$PACKET_SIZE"": 3, ""$WTH"": 6}]",2,False,True,False,False,False,False,C2,plain_metavar
/home/moscovin/Documents/eboss/semgrep-rules-aggregate/scrap/lambdasec-autogrep/generated_rules__c__vuln-xen-08aa260d.yaml,lambdasec-autogrep,0,0,vuln-xen-08aa260d,A4,Negation / Filtering,"category,cwe,id,languages,message,metadata,owasp,pattern,pattern-not,severity,source-url,technology",False,True,True,False,False,False,False,"$ERROR_CODE,$LABEL,$PAGE,$RC,$RD,$TD","$PAGE,$RD,$TD","[{""$ERROR_CODE"": 1, ""$LABEL"": 1, ""$PAGE"": 4, ""$RC"": 1, ""$RD"": 2, ""$TD"": 3}]",2,False,True,False,False,False,False,C2,plain_metavar
/home/moscovin/Documents/eboss/semgrep-rules-aggregate/scrap/lambdasec-autogrep/generated_rules__c__vuln-xen-136ac884.yaml,lambdasec-autogrep,0,0,vuln-xen-136ac884,A4,Negation / Filtering,"category,cwe,id,languages,message,metadata,pattern,pattern-not,severity,source-url,technology",False,True,True,False,False,False,False,"$CONTROL_BLOCK,$EXPR,$I,$V","$CONTROL_BLOCK,$EXPR,$I,$V","[{""$CONTROL_BLOCK"": 3, ""$EXPR"": 2, ""$I"": 4, ""$V"": 5}]",2,False,True,True,False,False,False,"C2,C3","plain_metavar,unnamed_ellipsis"
/home/moscovin/Documents/eboss/semgrep-rules-aggregate/scrap/lambdasec-autogrep/generated_rules__c__vuln-xen-1cfbd256.yaml,lambdasec-autogrep,0,0,vuln-xen-1cfbd256,A4,Negation / Filtering,"category,cwe,id,languages,message,metadata,owasp,pattern,pattern-not,severity,source-url,technology",True,False,False,False,False,False,False,,,[],2,True,False,False,False,False,False,C1,no_metavar
/home/moscovin/Documents/eboss/semgrep-rules-aggregate/scrap/lambdasec-autogrep/generated_rules__c__vuln-xen-30a293fb.yaml,lambdasec-autogrep,0,0,vuln-xen-30a293fb,A4,Negation / Filtering,"category,cwe,id,languages,message,metadata,owasp,pattern,pattern-not,severity,source-url,technology",False,True,True,False,False,False,False,"$CONN,$KEY,$RET,$VAR","$CONN,$KEY,$RET","[{""$CONN"": 2, ""$KEY"": 2, ""$RET"": 2, ""$VAR"": 1}]",2,False,True,False,False,False,False,C2,plain_metavar
/home/moscovin/Documents/eboss/semgrep-rules-aggregate/scrap/lambdasec-autogrep/generated_rules__c__vuln-xen-3d963874.yaml,lambdasec-autogrep,0,0,vuln-xen-3d963874,A4,Negation / Filtering,"category,cwe,id,languages,message,metadata,owasp,pattern,pattern-not,references,severity,source-url,technology",True,False,False,False,False,False,False,,,[],2,True,False,False,False,False,False,C1,no_metavar
/home/moscovin/Documents/eboss/semgrep-rules-aggregate/scrap/lambdasec-autogrep/generated_rules__c__vuln-xen-62e7fb70.yaml,lambdasec-autogrep,0,0,vuln-xen-62e7fb70,A4,Negation / Filtering,"category,cwe,id,languages,message,metadata,owasp,pattern,pattern-not,severity,source-url,technology",False,True,True,False,False,False,False,"$D,$FUNC,$PG,$TYPE","$D,$FUNC,$PG,$TYPE","[{""$D"": 3, ""$FUNC"": 2, ""$PG"": 4, ""$TYPE"": 2}]",2,False,True,True,False,False,False,"C2,C3","plain_metavar,unnamed_ellipsis"
/home/moscovin/Documents/eboss/semgrep-rules-aggregate/scrap/lambdasec-autogrep/generated_rules__c__vuln-xen-7615e248.yaml,lambdasec-autogrep,0,0,vuln-xen-7615e248,A4,Negation / Filtering,"category,cwe,id,languages,message,metadata,owasp,pattern,pattern-not,severity,source-url,technology",False,True,True,False,False,False,False,"$DOMID,$IOMU","$DOMID,$IOMU","[{""$DOMID"": 2, ""$IOMU"": 2}]",2,False,True,False,False,False,False,C2,plain_metavar
/home/moscovin/Documents/eboss/semgrep-rules-aggregate/scrap/lambdasec-autogrep/generated_rules__c__vuln-xen-7b0d89d5.yaml,lambdasec-autogrep,0,0,vuln-xen-7b0d89d5,A4,Negation / Filtering,"category,cwe,id,languages,message,metadata,pattern,pattern-not,severity,source-url,technology",False,True,True,False,False,False,False,"$D,$DEVFN,$DOM_IO,$PDEV,$RET,$S","$D,$DEVFN,$DOM_IO,$PDEV,$RET,$S","[{""$D"": 5, ""$DEVFN"": 2, ""$DOM_IO"": 3, ""$PDEV"": 2, ""$RET"": 3, ""$S"": 2}]",2,False,True,False,False,False,False,C2,plain_metavar
/home/moscovin/Documents/eboss/semgrep-rules-aggregate/scrap/lambdasec-autogrep/generated_rules__c__vuln-xen-8c8a5b39.yaml,lambdasec-autogrep,0,0,vuln-xen-8c8a5b39,A4,Negation / Filtering,"category,cwe,id,languages,message,metadata,owasp,pattern,pattern-not,references,severity,source-url,technology",True,False,False,False,False,False,False,,,[],2,True,False,False,False,False,False,C1,no_metavar
/home/moscovin/Documents/eboss/semgrep-rules-aggregate/scrap/lambdasec-autogrep/generated_rules__c__vuln-xen-af4a5eca.yaml,lambdasec-autogrep,0,0,vuln-xen-af4a5eca,A4,Negation / Filtering,"category,cwe,id,languages,message,metadata,owasp,pattern,pattern-not,references,severity,source-url,technology",False,True,True,False,False,False,False,"$D,$LABEL,$LOG_GLOBAL,$RC","$D,$RC","[{""$D"": 5, ""$LABEL"": 1, ""$LOG_GLOBAL"": 1, ""$RC"": 2}]",2,False,True,False,False,False,False,C2,plain_metavar
/home/moscovin/Documents/eboss/semgrep-rules-aggregate/scrap/lambdasec-autogrep/generated_rules__c__vuln-xen-ba1cff4b.yaml,lambdasec-autogrep,0,0,vuln-xen-ba1cff4b,A4,Negation / Filtering,"category,cwe,id,languages,message,metadata,owasp,pattern,pattern-not,severity,source-url,technology",False,True,True,False,False,False,False,"$CHILDLEN,$CHILDNAME,$CHILDNODE,$HASH_FN,$HT,$I,$KEYS_EQUAL_FN,$NODE,$REACHABLE,$RET,$SIZE","$CHILDLEN,$CHILDNAME,$HT,$I,$NODE,$REACHABLE,$RET","[{""$CHILDLEN"": 2, ""$CHILDNAME"": 8, ""$CHILDNODE"": 1, ""$HASH_FN"": 1, ""$HT"": 4, ""$I"": 4, ""$KEYS_EQUAL_FN"": 1, ""$NODE"": 2, ""$REACHABLE"": 3, ""$RET"": 3, ""$SIZE"": 1}]",2,False,True,True,False,False,False,"C2,C3","plain_metavar,unnamed_ellipsis"
/home/moscovin/Documents/eboss/semgrep-rules-aggregate/scrap/lambdasec-autogrep/generated_rules__c__vuln-xen-c17d4913.yaml,lambdasec-autogrep,0,0,vuln-xen-c17d4913,A4,Negation / Filtering,"category,cwe,id,languages,message,metadata,owasp,pattern,pattern-not,references,severity,source-url,technology",False,True,True,False,False,False,False,"$CONN,$VEC,$WATCH","$VEC,$WATCH","[{""$CONN"": 1, ""$VEC"": 2, ""$WATCH"": 4}]",2,False,True,True,False,False,False,"C2,C3","plain_metavar,unnamed_ellipsis"
/home/moscovin/Documents/eboss/semgrep-rules-aggregate/scrap/lambdasec-autogrep/generated_rules__c__vuln-xen-c65ea16d.yaml,lambdasec-autogrep,0,0,vuln-xen-c65ea16d,A4,Negation / Filtering,"category,cwe,id,languages,message,metadata,pattern,pattern-not,severity,source-url,technology",False,True,True,False,False,False,False,"$ARG1,$ARG2,$ARG3,$ARG4,$CUR_ORDER,$FUNC,$GFN,$I,$MFN,$ORDER,$T,$VAR","$ARG1,$ARG2,$ARG3,$ARG4,$CUR_ORDER,$FUNC,$I,$MFN,$T","[{""$ARG1"": 2, ""$ARG2"": 2, ""$ARG3"": 2, ""$ARG4"": 2, ""$CUR_ORDER"": 4, ""$FUNC"": 2, ""$GFN"": 1, ""$I"": 6, ""$MFN"": 3, ""$ORDER"": 1, ""$T"": 2, ""$VAR"": 1}]",2,False,True,True,False,False,False,"C2,C3","plain_metavar,unnamed_ellipsis"
/home/moscovin/Documents/eboss/semgrep-rules-aggregate/scrap/lambdasec-autogrep/generated_rules__c__vuln-xen-cbc06ee4.yaml,lambdasec-autogrep,0,0,vuln-xen-cbc06ee4,A4,Negation / Filtering,"category,cwe,id,languages,message,metadata,pattern,pattern-not,severity,source-url,technology",False,True,True,False,False,False,False,"$FUNC,$PARAM,$TAIL,$TYPE","$FUNC,$PARAM,$TAIL","[{""$FUNC"": 2, ""$PARAM"": 2, ""$TAIL"": 2, ""$TYPE"": 1}]",2,False,True,True,False,False,False,"C2,C3","plain_metavar,unnamed_ellipsis"
/home/moscovin/Documents/eboss/semgrep-rules-aggregate/scrap/lambdasec-autogrep/generated_rules__c__vuln-xen-e2b7fa75.yaml,lambdasec-autogrep,0,0,vuln-xen-e2b7fa75,A4,Negation / Filtering,"category,cwe,id,languages,message,metadata,owasp,pattern,pattern-not,severity,source-url,technology",False,True,True,False,False,False,False,"$CONN,$NODE,$OFFSET","$CONN,$NODE,$OFFSET","[{""$CONN"": 5, ""$NODE"": 5, ""$OFFSET"": 2}]",2,False,True,True,False,False,False,"C2,C3","plain_metavar,unnamed_ellipsis"
/home/moscovin/Documents/eboss/semgrep-rules-aggregate/scrap/lambdasec-autogrep/generated_rules__c__vuln-xen-fcba6c74.yaml,lambdasec-autogrep,0,0,vuln-xen-fcba6c74,A4,Negation / Filtering,"category,cwe,id,languages,message,metadata,owasp,pattern,pattern-not,references,severity,source-url,technology",False,True,True,False,False,False,False,"$KEY,$NODE,$TDB_CTX","$KEY,$NODE,$TDB_CTX","[{""$KEY"": 4, ""$NODE"": 3, ""$TDB_CTX"": 2}]",2,False,True,True,False,False,False,"C2,C3","plain_metavar,unnamed_ellipsis"
/home/moscovin/Documents/eboss/semgrep-rules-aggregate/scrap/lambdasec-autogrep/generated_rules__c__vuln-xen-fe1e4668.yaml,lambdasec-autogrep,0,0,vuln-xen-fe1e4668,A4,Negation / Filtering,"category,cwe,id,languages,message,metadata,owasp,pattern,pattern-not,severity,source-url,technology",False,True,True,False,False,False,False,"$END_GFN,$LEVEL","$END_GFN,$LEVEL","[{""$END_GFN"": 2, ""$LEVEL"": 2}]",2,False,True,False,False,False,False,C2,plain_metavar
/home/moscovin/Documents/eboss/semgrep-rules-aggregate/scrap/lambdasec-autogrep/generated_rules__c__vuln-xrdp-35cca701.yaml,lambdasec-autogrep,0,0,vuln-xrdp-35cca701,A4,Negation / Filtering,"category,cwe,id,languages,message,metadata,owasp,pattern,pattern-not,references,severity,source-url,technology",False,True,True,False,False,False,False,"$CHAN_FLAGS,$CHAN_ID,$RV,$S,$SESSION,$SIZE,$TOTAL_SIZE","$CHAN_FLAGS,$CHAN_ID,$RV,$S,$SESSION,$SIZE,$TOTAL_SIZE","[{""$CHAN_FLAGS"": 4, ""$CHAN_ID"": 4, ""$RV"": 4, ""$S"": 12, ""$SESSION"": 2, ""$SIZE"": 7, ""$TOTAL_SIZE"": 6}]",2,False,True,True,False,False,False,"C2,C3","plain_metavar,unnamed_ellipsis"
/home/moscovin/Documents/eboss/semgrep-rules-aggregate/scrap/lambdasec-autogrep/generated_rules__c__vuln-xrdp-43cf272b.yaml,lambdasec-autogrep,0,0,vuln-xrdp-43cf272b,A4,Negation / Filtering,"category,cwe,id,languages,message,metadata,owasp,pattern,pattern-not,references,severity,source-url,technology",False,True,True,False,False,False,False,"$BUF,$FORMAT","$BUF,$FORMAT","[{""$BUF"": 3, ""$FORMAT"": 2}]",2,False,True,True,False,False,False,"C2,C3","plain_metavar,unnamed_ellipsis"
/home/moscovin/Documents/eboss/semgrep-rules-aggregate/scrap/lambdasec-autogrep/generated_rules__c__vuln-xrdp-4def30ab.yaml,lambdasec-autogrep,0,0,vuln-xrdp-4def30ab,A4,Negation / Filtering,"category,cwe,id,languages,message,metadata,owasp,pattern,pattern-not,references,severity,source-url,technology",False,True,True,False,False,False,False,"$HEADER_SIZE,$LOG_LEVEL_ERROR,$SELF,$SIZE","$LOG_LEVEL_ERROR,$SELF,$SIZE","[{""$HEADER_SIZE"": 1, ""$LOG_LEVEL_ERROR"": 2, ""$SELF"": 2, ""$SIZE"": 4}]",2,False,True,True,False,False,False,"C2,C3","plain_metavar,unnamed_ellipsis"
/home/moscovin/Documents/eboss/semgrep-rules-aggregate/scrap/lambdasec-autogrep/generated_rules__c__vuln-xrdp-60864014.yaml,lambdasec-autogrep,0,0,vuln-xrdp-60864014,A4,Negation / Filtering,"category,cwe,id,languages,message,metadata,owasp,pattern,pattern-not,references,severity,source-url,technology",False,True,True,False,False,False,False,"$EXPR,$VAR","$EXPR,$VAR","[{""$EXPR"": 2, ""$VAR"": 4}]",2,False,True,True,False,False,False,"C2,C3","plain_metavar,unnamed_ellipsis"
/home/moscovin/Documents/eboss/semgrep-rules-aggregate/scrap/lambdasec-autogrep/generated_rules__c__vuln-xrdp-d958d1f0.yaml,lambdasec-autogrep,0,0,vuln-xrdp-d958d1f0,A4,Negation / Filtering,"category,cwe,id,languages,message,metadata,owasp,pattern,pattern-not,references,severity,source-url,technology",False,True,True,False,False,False,False,"$BUF,$SZ","$BUF,$SZ","[{""$BUF"": 6, ""$SZ"": 3}]",2,False,True,True,False,False,False,"C2,C3","plain_metavar,unnamed_ellipsis"
/home/moscovin/Documents/eboss/semgrep-rules-aggregate/scrap/lambdasec-autogrep/generated_rules__c__vuln-yara-0a3ede01.yaml,lambdasec-autogrep,0,0,vuln-yara-0a3ede01,A4,Negation / Filtering,"category,cwe,id,languages,message,metadata,owasp,pattern,pattern-not,severity,source-url,technology",False,True,True,False,False,False,False,"$ADDRESS,$ARENA","$ADDRESS,$ARENA","[{""$ADDRESS"": 2, ""$ARENA"": 2}]",2,False,True,False,False,False,False,C2,plain_metavar
/home/moscovin/Documents/eboss/semgrep-rules-aggregate/scrap/lambdasec-autogrep/generated_rules__c__vuln-yara-1ecb0e66.yaml,lambdasec-autogrep,0,0,vuln-yara-1ecb0e66,A4,Negation / Filtering,"category,cwe,id,languages,message,metadata,owasp,pattern,pattern-not,severity,source-url,technology",False,True,True,False,False,False,False,"$INDEX,$OBJECT,$PATTERN","$INDEX,$OBJECT,$PATTERN","[{""$INDEX"": 2, ""$OBJECT"": 2, ""$PATTERN"": 2}]",2,False,True,False,False,False,False,C2,plain_metavar
/home/moscovin/Documents/eboss/semgrep-rules-aggregate/scrap/lambdasec-autogrep/generated_rules__c__vuln-zziplib-83a2da55.yaml,lambdasec-autogrep,0,0,vuln-zziplib-83a2da55,A4,Negation / Filtering,"category,cwe,id,languages,message,metadata,owasp,pattern,pattern-not,severity,source-url,technology",False,True,True,False,False,False,False,"$DBG,$DONE,$ERRNO","$DONE,$ERRNO","[{""$DBG"": 1, ""$DONE"": 2, ""$ERRNO"": 4}]",2,False,True,False,False,False,False,C2,plain_metavar
/home/moscovin/Documents/eboss/semgrep-rules-aggregate/scrap/lambdasec-autogrep/generated_rules__c__vuln-zziplib-f609ae89.yaml,lambdasec-autogrep,0,0,vuln-zziplib-f609ae89,A4,Negation / Filtering,"category,cwe,id,languages,message,metadata,owasp,pattern,pattern-not,references,severity,source-url,technology",False,True,True,False,False,False,False,"$FP,$MODE,$MUSTFREE,$NAME,$NAME_STRIPPED","$FP,$MODE,$MUSTFREE,$NAME,$NAME_STRIPPED","[{""$FP"": 2, ""$MODE"": 2, ""$MUSTFREE"": 2, ""$NAME"": 4, ""$NAME_STRIPPED"": 4}]",2,False,True,False,False,False,False,C2,plain_metavar
/home/moscovin/Documents/eboss/semgrep-rules-aggregate/scrap/liam-ng-gitlab-semgrep-rules/testdata__sampledist__flawfinder.yaml,liam-ng-gitlab-semgrep-rules,0,0,flawfinder.char-1.TCHAR-1.wchar_t-1,A3,Conjunction / Intersection,"cwe,id,languages,message,metadata,name,pattern-either,pattern-not-regex,pattern-regex,patterns,primary_identifier,secondary_identifiers,severity,shortDescription,type,value",True,False,False,False,False,False,False,,,[],5,True,False,False,False,False,False,C1,no_metavar
/home/moscovin/Documents/eboss/semgrep-rules-aggregate/scrap/liam-ng-gitlab-semgrep-rules/testdata__url-passthrough__gitlab.yaml,liam-ng-gitlab-semgrep-rules,0,0,gitlab.flawfinder.StrCat-1.StrCatA-1.StrcatW-1.lstrcatA-1.lstrcatW-1.strCatBuff-1.StrCatBuffA-1.StrCatBuffW-1.StrCatChainW-1._tccat-1._mbccat-1._ftcscat-1.StrCatN-1.StrCatNA-1.StrCatNW-1.StrNCat-1.StrNCatA-1.StrNCatW-1.lstrncat-1.lstrcatnA-1.lstrcatnW-1,A2,Single or multiple positive pattern(s),"cwe,id,languages,license,message,metadata,name,origin,pattern,pattern-either,primary_identifier,rule,rule_id,secondary_identifiers,semgrep.dev,severity,shortDescription,shortlink,source,type,url,value,version_id",True,False,False,False,False,False,False,,,[],21,True,False,True,False,False,False,"C1,C3","no_metavar,unnamed_ellipsis"
/home/moscovin/Documents/eboss/semgrep-rules-aggregate/scrap/liam-ng-gitlab-semgrep-rules/testdata__url-passthrough__gitlab.yaml,liam-ng-gitlab-semgrep-rules,0,1,gitlab.flawfinder.equal-1.mismatch-1.is_permutation-1,A2,Single or multiple positive pattern(s),"cwe,id,languages,license,message,metadata,name,origin,pattern,pattern-either,primary_identifier,rule,rule_id,secondary_identifiers,semgrep.dev,severity,shortDescription,shortlink,source,type,url,value,version_id",True,False,False,False,False,False,False,,,[],3,True,False,True,False,False,False,"C1,C3","no_metavar,unnamed_ellipsis"
/home/moscovin/Documents/eboss/semgrep-rules-aggregate/scrap/liam-ng-gitlab-semgrep-rules/testdata__url-passthrough__gitlab.yaml,liam-ng-gitlab-semgrep-rules,0,2,gitlab.flawfinder.getchar-1.fgetc-1.getc-1.read-1._gettc-1,A2,Single or multiple positive pattern(s),"cwe,id,languages,license,message,metadata,name,origin,pattern,pattern-either,primary_identifier,rule,rule_id,secondary_identifiers,semgrep.dev,severity,shortDescription,shortlink,source,type,url,value,version_id",True,False,False,False,False,False,False,,,[],5,True,False,True,False,False,False,"C1,C3","no_metavar,unnamed_ellipsis"
/home/moscovin/Documents/eboss/semgrep-rules-aggregate/scrap/liam-ng-gitlab-semgrep-rules/testdata__url-passthrough__gitlab.yaml,liam-ng-gitlab-semgrep-rules,0,3,gitlab.flawfinder.getopt-1.getopt_long-1,A2,Single or multiple positive pattern(s),"cwe,id,languages,license,message,metadata,name,origin,pattern,pattern-either,primary_identifier,rule,rule_id,secondary_identifiers,semgrep.dev,severity,shortDescription,shortlink,source,type,url,value,version_id",True,False,False,False,False,False,False,,,[],2,True,False,True,False,False,False,"C1,C3","no_metavar,unnamed_ellipsis"
/home/moscovin/Documents/eboss/semgrep-rules-aggregate/scrap/liam-ng-gitlab-semgrep-rules/testdata__url-passthrough__gitlab.yaml,liam-ng-gitlab-semgrep-rules,0,4,gitlab.flawfinder.getpw-1,A2,Single or multiple positive pattern(s),"cwe,id,languages,license,message,metadata,name,origin,pattern,primary_identifier,rule,rule_id,secondary_identifiers,semgrep.dev,severity,shortDescription,shortlink,source,type,url,value,version_id",True,False,False,False,False,False,False,,,[],1,True,False,True,False,False,False,"C1,C3","no_metavar,unnamed_ellipsis"
/home/moscovin/Documents/eboss/semgrep-rules-aggregate/scrap/liam-ng-gitlab-semgrep-rules/testdata__url-passthrough__gitlab.yaml,liam-ng-gitlab-semgrep-rules,0,5,gitlab.flawfinder.gets-1._getts-1,A2,Single or multiple positive pattern(s),"cwe,id,languages,license,message,metadata,name,origin,pattern,pattern-either,primary_identifier,rule,rule_id,secondary_identifiers,semgrep.dev,severity,shortDescription,shortlink,source,type,url,value,version_id",True,False,False,False,False,False,False,,,[],2,True,False,True,False,False,False,"C1,C3","no_metavar,unnamed_ellipsis"
/home/moscovin/Documents/eboss/semgrep-rules-aggregate/scrap/liam-ng-gitlab-semgrep-rules/testdata__url-passthrough__gitlab.yaml,liam-ng-gitlab-semgrep-rules,0,6,gitlab.flawfinder.snprintf-1.vsnprintf-1._snprintf-1._sntprintf-1._vsntprintf-1,A4,Negation / Filtering,"cwe,id,languages,license,message,metadata,name,origin,pattern,pattern-either,pattern-not,patterns,primary_identifier,rule,rule_id,secondary_identifiers,semgrep.dev,severity,shortDescription,shortlink,source,type,url,value,version_id",False,True,True,False,False,False,False,"$BUF,$FMT,$SIZ,$VAR","$BUF,$FMT,$SIZ,$VAR","[{""$BUF"": 2, ""$FMT"": 1, ""$SIZ"": 2}, {""$BUF"": 2, ""$FMT"": 1, ""$SIZ"": 2}, {""$BUF"": 2, ""$FMT"": 2, ""$SIZ"": 2}, {""$FMT"": 1, ""$VAR"": 2}, {""$FMT"": 1, ""$VAR"": 2}]",10,False,True,True,False,False,False,"C2,C3","plain_metavar,unnamed_ellipsis"
/home/moscovin/Documents/eboss/semgrep-rules-aggregate/scrap/liam-ng-gitlab-semgrep-rules/testdata__url-passthrough__gitlab.yaml,liam-ng-gitlab-semgrep-rules,0,7,gitlab.flawfinder.InitializeCriticalSection-1,A2,Single or multiple positive pattern(s),"cwe,id,languages,license,message,metadata,name,origin,pattern,primary_identifier,rule,rule_id,secondary_identifiers,semgrep.dev,severity,shortDescription,shortlink,source,type,url,value,version_id",True,False,False,False,False,False,False,,,[],1,True,False,True,False,False,False,"C1,C3","no_metavar,unnamed_ellipsis"
/home/moscovin/Documents/eboss/semgrep-rules-aggregate/scrap/liam-ng-gitlab-semgrep-rules/testdata__url-passthrough__gitlab.yaml,liam-ng-gitlab-semgrep-rules,0,8,gitlab.flawfinder.scanf-1.vscanf-1.wscanf-1._tscanf-1.vwscanf-1,A4,Negation / Filtering,"cwe,id,languages,license,message,metadata,name,origin,pattern,pattern-either,pattern-not,patterns,primary_identifier,rule,rule_id,secondary_identifiers,semgrep.dev,severity,shortDescription,shortlink,source,type,url,value,version_id",False,True,False,False,False,False,False,$FMT,,"[{""$FMT"": 1}, {""$FMT"": 1}, {""$FMT"": 1}, {""$FMT"": 1}]",10,True,True,True,False,False,False,"C1,C2,C3","no_metavar,plain_metavar,unnamed_ellipsis"
/home/moscovin/Documents/eboss/semgrep-rules-aggregate/scrap/liam-ng-gitlab-semgrep-rules/testdata__url-passthrough__gitlab.yaml,liam-ng-gitlab-semgrep-rules,0,9,gitlab.flawfinder.chroot-1,A2,Single or multiple positive pattern(s),"cwe,id,languages,license,message,metadata,name,origin,pattern,primary_identifier,rule,rule_id,secondary_identifiers,semgrep.dev,severity,shortDescription,shortlink,source,type,url,value,version_id",True,False,False,False,False,False,False,,,[],1,True,False,True,False,False,False,"C1,C3","no_metavar,unnamed_ellipsis"
/home/moscovin/Documents/eboss/semgrep-rules-aggregate/scrap/liam-ng-gitlab-semgrep-rules/testdata__url-passthrough__gitlab.yaml,liam-ng-gitlab-semgrep-rules,0,10,gitlab.flawfinder.chgrp-1,A2,Single or multiple positive pattern(s),"cwe,id,languages,license,message,metadata,name,origin,pattern,primary_identifier,rule,rule_id,secondary_identifiers,semgrep.dev,severity,shortDescription,shortlink,source,type,url,value,version_id",True,False,False,False,False,False,False,,,[],1,True,False,True,False,False,False,"C1,C3","no_metavar,unnamed_ellipsis"
/home/moscovin/Documents/eboss/semgrep-rules-aggregate/scrap/rb-x-graudit-semgrep/c.yaml,rb-x-graudit-semgrep,0,0,graudit-c-xss-338,A3,Conjunction / Intersection,"confidence,id,languages,message,metadata,original_file,original_line,original_pattern,pattern-regex,patterns,severity,source,vulnerability_type",True,False,False,False,False,False,False,,,[],1,True,False,False,False,False,False,C1,no_metavar
/home/moscovin/Documents/eboss/semgrep-rules-aggregate/scrap/rb-x-graudit-semgrep/c.yaml,rb-x-graudit-semgrep,0,1,graudit-c-xss-339,A3,Conjunction / Intersection,"confidence,id,languages,message,metadata,original_file,original_line,original_pattern,pattern-regex,patterns,severity,source,vulnerability_type",True,False,False,False,False,False,False,,,[],1,True,False,False,False,False,False,C1,no_metavar
/home/moscovin/Documents/eboss/semgrep-rules-aggregate/scrap/rb-x-graudit-semgrep/c.yaml,rb-x-graudit-semgrep,0,2,graudit-c-security-340,A3,Conjunction / Intersection,"confidence,id,languages,message,metadata,original_file,original_line,original_pattern,pattern-regex,patterns,severity,source,vulnerability_type",True,False,False,False,False,False,False,,,[],1,True,False,False,False,False,False,C1,no_metavar
/home/moscovin/Documents/eboss/semgrep-rules-aggregate/scrap/rb-x-graudit-semgrep/c.yaml,rb-x-graudit-semgrep,0,3,graudit-c-security-341,A3,Conjunction / Intersection,"confidence,id,languages,message,metadata,original_file,original_line,original_pattern,pattern-regex,patterns,severity,source,vulnerability_type",True,False,False,False,False,False,False,,,[],1,True,False,False,False,False,False,C1,no_metavar
/home/moscovin/Documents/eboss/semgrep-rules-aggregate/scrap/rb-x-graudit-semgrep/c.yaml,rb-x-graudit-semgrep,0,4,graudit-c-security-342,A3,Conjunction / Intersection,"confidence,id,languages,message,metadata,original_file,original_line,original_pattern,pattern-regex,patterns,severity,source,vulnerability_type",True,False,False,False,False,False,False,,,[],1,True,False,False,False,False,False,C1,no_metavar
/home/moscovin/Documents/eboss/semgrep-rules-aggregate/scrap/rb-x-graudit-semgrep/c.yaml,rb-x-graudit-semgrep,0,5,graudit-c-security-343,A3,Conjunction / Intersection,"confidence,id,languages,message,metadata,original_file,original_line,original_pattern,pattern-regex,patterns,severity,source,vulnerability_type",True,False,False,False,False,False,False,,,[],1,True,False,False,False,False,False,C1,no_metavar
/home/moscovin/Documents/eboss/semgrep-rules-aggregate/scrap/rb-x-graudit-semgrep/c.yaml,rb-x-graudit-semgrep,0,6,graudit-c-security-344,A3,Conjunction / Intersection,"confidence,id,languages,message,metadata,original_file,original_line,original_pattern,pattern-regex,patterns,severity,source,vulnerability_type",True,False,False,False,False,False,False,,,[],1,True,False,False,False,False,False,C1,no_metavar
/home/moscovin/Documents/eboss/semgrep-rules-aggregate/scrap/rb-x-graudit-semgrep/c.yaml,rb-x-graudit-semgrep,0,7,graudit-c-security-345,A3,Conjunction / Intersection,"confidence,id,languages,message,metadata,original_file,original_line,original_pattern,pattern-regex,patterns,severity,source,vulnerability_type",True,False,False,False,False,False,False,,,[],1,True,False,False,False,False,False,C1,no_metavar
/home/moscovin/Documents/eboss/semgrep-rules-aggregate/scrap/rb-x-graudit-semgrep/c.yaml,rb-x-graudit-semgrep,0,8,graudit-c-security-346,A3,Conjunction / Intersection,"confidence,id,languages,message,metadata,original_file,original_line,original_pattern,pattern-regex,patterns,severity,source,vulnerability_type",True,False,False,False,False,False,False,,,[],1,True,False,False,False,False,False,C1,no_metavar
/home/moscovin/Documents/eboss/semgrep-rules-aggregate/scrap/rb-x-graudit-semgrep/c.yaml,rb-x-graudit-semgrep,0,9,graudit-c-security-347,A3,Conjunction / Intersection,"confidence,id,languages,message,metadata,original_file,original_line,original_pattern,pattern-regex,patterns,severity,source,vulnerability_type",True,False,False,False,False,False,False,,,[],1,True,False,False,False,False,False,C1,no_metavar
/home/moscovin/Documents/eboss/semgrep-rules-aggregate/scrap/rb-x-graudit-semgrep/c.yaml,rb-x-graudit-semgrep,0,10,graudit-c-xss-348,A3,Conjunction / Intersection,"confidence,id,languages,message,metadata,original_file,original_line,original_pattern,pattern-regex,patterns,severity,source,vulnerability_type",True,False,False,False,False,False,False,,,[],1,True,False,False,False,False,False,C1,no_metavar
/home/moscovin/Documents/eboss/semgrep-rules-aggregate/scrap/rb-x-graudit-semgrep/c.yaml,rb-x-graudit-semgrep,0,11,graudit-c-security-349,A3,Conjunction / Intersection,"confidence,id,languages,message,metadata,original_file,original_line,original_pattern,pattern-regex,patterns,severity,source,vulnerability_type",True,False,False,False,False,False,False,,,[],1,True,False,False,False,False,False,C1,no_metavar
/home/moscovin/Documents/eboss/semgrep-rules-aggregate/scrap/rb-x-graudit-semgrep/c.yaml,rb-x-graudit-semgrep,0,12,graudit-c-security-350,A3,Conjunction / Intersection,"confidence,id,languages,message,metadata,original_file,original_line,original_pattern,pattern-regex,patterns,severity,source,vulnerability_type",True,False,False,False,False,False,False,,,[],1,True,False,False,False,False,False,C1,no_metavar
/home/moscovin/Documents/eboss/semgrep-rules-aggregate/scrap/rb-x-graudit-semgrep/c.yaml,rb-x-graudit-semgrep,0,13,graudit-c-security-351,A3,Conjunction / Intersection,"confidence,id,languages,message,metadata,original_file,original_line,original_pattern,pattern-regex,patterns,severity,source,vulnerability_type",True,False,False,False,False,False,False,,,[],1,True,False,False,False,False,False,C1,no_metavar
/home/moscovin/Documents/eboss/semgrep-rules-aggregate/scrap/rb-x-graudit-semgrep/c.yaml,rb-x-graudit-semgrep,0,14,graudit-c-security-352,A3,Conjunction / Intersection,"confidence,id,languages,message,metadata,original_file,original_line,original_pattern,pattern-regex,patterns,severity,source,vulnerability_type",True,False,False,False,False,False,False,,,[],1,True,False,False,False,False,False,C1,no_metavar
/home/moscovin/Documents/eboss/semgrep-rules-aggregate/scrap/rb-x-graudit-semgrep/c.yaml,rb-x-graudit-semgrep,0,15,graudit-c-security-353,A3,Conjunction / Intersection,"confidence,id,languages,message,metadata,original_file,original_line,original_pattern,pattern-regex,patterns,severity,source,vulnerability_type",True,False,False,False,False,False,False,,,[],1,True,False,False,False,False,False,C1,no_metavar
/home/moscovin/Documents/eboss/semgrep-rules-aggregate/scrap/rb-x-graudit-semgrep/c.yaml,rb-x-graudit-semgrep,0,16,graudit-c-security-354,A3,Conjunction / Intersection,"confidence,id,languages,message,metadata,original_file,original_line,original_pattern,pattern-regex,patterns,severity,source,vulnerability_type",True,False,False,False,False,False,False,,,[],1,True,False,False,False,False,False,C1,no_metavar
/home/moscovin/Documents/eboss/semgrep-rules-aggregate/scrap/rb-x-graudit-semgrep/c.yaml,rb-x-graudit-semgrep,0,17,graudit-c-security-355,A3,Conjunction / Intersection,"confidence,id,languages,message,metadata,original_file,original_line,original_pattern,pattern-regex,patterns,severity,source,vulnerability_type",True,False,False,False,False,False,False,,,[],1,True,False,False,False,False,False,C1,no_metavar
/home/moscovin/Documents/eboss/semgrep-rules-aggregate/scrap/rb-x-graudit-semgrep/c.yaml,rb-x-graudit-semgrep,0,18,graudit-c-xss-356,A3,Conjunction / Intersection,"confidence,id,languages,message,metadata,original_file,original_line,original_pattern,pattern-regex,patterns,severity,source,vulnerability_type",True,False,False,False,False,False,False,,,[],1,True,False,False,False,False,False,C1,no_metavar
/home/moscovin/Documents/eboss/semgrep-rules-aggregate/scrap/rb-x-graudit-semgrep/c.yaml,rb-x-graudit-semgrep,0,19,graudit-c-security-357,A3,Conjunction / Intersection,"confidence,id,languages,message,metadata,original_file,original_line,original_pattern,pattern-regex,patterns,severity,source,vulnerability_type",True,False,False,False,False,False,False,,,[],1,True,False,False,False,False,False,C1,no_metavar
/home/moscovin/Documents/eboss/semgrep-rules-aggregate/scrap/rb-x-graudit-semgrep/c.yaml,rb-x-graudit-semgrep,0,20,graudit-c-security-359,A3,Conjunction / Intersection,"confidence,id,languages,message,metadata,original_file,original_line,original_pattern,pattern-regex,patterns,severity,source,vulnerability_type",True,False,False,False,False,False,False,,,[],1,True,False,False,False,False,False,C1,no_metavar
/home/moscovin/Documents/eboss/semgrep-rules-aggregate/scrap/rb-x-graudit-semgrep/c.yaml,rb-x-graudit-semgrep,0,21,graudit-c-security-360,A3,Conjunction / Intersection,"confidence,id,languages,message,metadata,original_file,original_line,original_pattern,pattern-regex,patterns,severity,source,vulnerability_type",True,False,False,False,False,False,False,,,[],1,True,False,False,False,False,False,C1,no_metavar
/home/moscovin/Documents/eboss/semgrep-rules-aggregate/scrap/rb-x-graudit-semgrep/c.yaml,rb-x-graudit-semgrep,0,22,graudit-c-security-361,A3,Conjunction / Intersection,"confidence,id,languages,message,metadata,original_file,original_line,original_pattern,pattern-regex,patterns,severity,source,vulnerability_type",True,False,False,False,False,False,False,,,[],1,True,False,False,False,False,False,C1,no_metavar
/home/moscovin/Documents/eboss/semgrep-rules-aggregate/scrap/rb-x-graudit-semgrep/c.yaml,rb-x-graudit-semgrep,0,23,graudit-c-security-362,A3,Conjunction / Intersection,"confidence,id,languages,message,metadata,original_file,original_line,original_pattern,pattern-regex,patterns,severity,source,vulnerability_type",True,False,False,False,False,False,False,,,[],1,True,False,False,False,False,False,C1,no_metavar
/home/moscovin/Documents/eboss/semgrep-rules-aggregate/scrap/rb-x-graudit-semgrep/c.yaml,rb-x-graudit-semgrep,0,24,graudit-c-security-363,A3,Conjunction / Intersection,"confidence,id,languages,message,metadata,original_file,original_line,original_pattern,pattern-regex,patterns,severity,source,vulnerability_type",True,False,False,False,False,False,False,,,[],1,True,False,False,False,False,False,C1,no_metavar
/home/moscovin/Documents/eboss/semgrep-rules-aggregate/scrap/rb-x-graudit-semgrep/c.yaml,rb-x-graudit-semgrep,0,25,graudit-c-security-364,A3,Conjunction / Intersection,"confidence,id,languages,message,metadata,original_file,original_line,original_pattern,pattern-regex,patterns,severity,source,vulnerability_type",True,False,False,False,False,False,False,,,[],1,True,False,False,False,False,False,C1,no_metavar
/home/moscovin/Documents/eboss/semgrep-rules-aggregate/scrap/rb-x-graudit-semgrep/c.yaml,rb-x-graudit-semgrep,0,26,graudit-c-security-365,A3,Conjunction / Intersection,"confidence,id,languages,message,metadata,original_file,original_line,original_pattern,pattern-regex,patterns,severity,source,vulnerability_type",True,False,False,False,False,False,False,,,[],1,True,False,False,False,False,False,C1,no_metavar
/home/moscovin/Documents/eboss/semgrep-rules-aggregate/scrap/rb-x-graudit-semgrep/c.yaml,rb-x-graudit-semgrep,0,27,graudit-c-security-366,A3,Conjunction / Intersection,"confidence,id,languages,message,metadata,original_file,original_line,original_pattern,pattern-regex,patterns,severity,source,vulnerability_type",True,False,False,False,False,False,False,,,[],1,True,False,False,False,False,False,C1,no_metavar
/home/moscovin/Documents/eboss/semgrep-rules-aggregate/scrap/rb-x-graudit-semgrep/c.yaml,rb-x-graudit-semgrep,0,28,graudit-c-security-367,A3,Conjunction / Intersection,"confidence,id,languages,message,metadata,original_file,original_line,original_pattern,pattern-regex,patterns,severity,source,vulnerability_type",True,False,False,False,False,False,False,,,[],1,True,False,False,False,False,False,C1,no_metavar
/home/moscovin/Documents/eboss/semgrep-rules-aggregate/scrap/rb-x-graudit-semgrep/c.yaml,rb-x-graudit-semgrep,0,29,graudit-c-security-368,A3,Conjunction / Intersection,"confidence,id,languages,message,metadata,original_file,original_line,original_pattern,pattern-regex,patterns,severity,source,vulnerability_type",True,False,False,False,False,False,False,,,[],1,True,False,False,False,False,False,C1,no_metavar
/home/moscovin/Documents/eboss/semgrep-rules-aggregate/scrap/rb-x-graudit-semgrep/c.yaml,rb-x-graudit-semgrep,0,30,graudit-c-security-369,A3,Conjunction / Intersection,"confidence,id,languages,message,metadata,original_file,original_line,original_pattern,pattern-regex,patterns,severity,source,vulnerability_type",True,False,False,False,False,False,False,,,[],1,True,False,False,False,False,False,C1,no_metavar
/home/moscovin/Documents/eboss/semgrep-rules-aggregate/scrap/rb-x-graudit-semgrep/c.yaml,rb-x-graudit-semgrep,0,31,graudit-c-security-370,A3,Conjunction / Intersection,"confidence,id,languages,message,metadata,original_file,original_line,original_pattern,pattern-regex,patterns,severity,source,vulnerability_type",True,False,False,False,False,False,False,,,[],1,True,False,False,False,False,False,C1,no_metavar
/home/moscovin/Documents/eboss/semgrep-rules-aggregate/scrap/rb-x-graudit-semgrep/c.yaml,rb-x-graudit-semgrep,0,32,graudit-c-security-371,A3,Conjunction / Intersection,"confidence,id,languages,message,metadata,original_file,original_line,original_pattern,pattern-regex,patterns,severity,source,vulnerability_type",True,False,False,False,False,False,False,,,[],1,True,False,False,False,False,False,C1,no_metavar
/home/moscovin/Documents/eboss/semgrep-rules-aggregate/scrap/rb-x-graudit-semgrep/c.yaml,rb-x-graudit-semgrep,0,33,graudit-c-security-372,A3,Conjunction / Intersection,"confidence,id,languages,message,metadata,original_file,original_line,original_pattern,pattern-regex,patterns,severity,source,vulnerability_type",True,False,False,False,False,False,False,,,[],1,True,False,False,False,False,False,C1,no_metavar
/home/moscovin/Documents/eboss/semgrep-rules-aggregate/scrap/rb-x-graudit-semgrep/c.yaml,rb-x-graudit-semgrep,0,34,graudit-c-security-373,A3,Conjunction / Intersection,"confidence,id,languages,message,metadata,original_file,original_line,original_pattern,pattern-regex,patterns,severity,source,vulnerability_type",True,False,False,False,False,False,False,,,[],1,True,False,False,False,False,False,C1,no_metavar
/home/moscovin/Documents/eboss/semgrep-rules-aggregate/scrap/rb-x-graudit-semgrep/c.yaml,rb-x-graudit-semgrep,0,35,graudit-c-security-374,A3,Conjunction / Intersection,"confidence,id,languages,message,metadata,original_file,original_line,original_pattern,pattern-regex,patterns,severity,source,vulnerability_type",True,False,False,False,False,False,False,,,[],1,True,False,False,False,False,False,C1,no_metavar
/home/moscovin/Documents/eboss/semgrep-rules-aggregate/scrap/rb-x-graudit-semgrep/c.yaml,rb-x-graudit-semgrep,0,36,graudit-c-security-375,A3,Conjunction / Intersection,"confidence,id,languages,message,metadata,original_file,original_line,original_pattern,pattern-regex,patterns,severity,source,vulnerability_type",True,False,False,False,False,False,False,,,[],1,True,False,False,False,False,False,C1,no_metavar
/home/moscovin/Documents/eboss/semgrep-rules-aggregate/scrap/rb-x-graudit-semgrep/c.yaml,rb-x-graudit-semgrep,0,37,graudit-c-security-376,A3,Conjunction / Intersection,"confidence,id,languages,message,metadata,original_file,original_line,original_pattern,pattern-regex,patterns,severity,source,vulnerability_type",True,False,False,False,False,False,False,,,[],1,True,False,False,False,False,False,C1,no_metavar
/home/moscovin/Documents/eboss/semgrep-rules-aggregate/scrap/rb-x-graudit-semgrep/c.yaml,rb-x-graudit-semgrep,0,38,graudit-c-security-377,A3,Conjunction / Intersection,"confidence,id,languages,message,metadata,original_file,original_line,original_pattern,pattern-regex,patterns,severity,source,vulnerability_type",True,False,False,False,False,False,False,,,[],1,True,False,False,False,False,False,C1,no_metavar
/home/moscovin/Documents/eboss/semgrep-rules-aggregate/scrap/rb-x-graudit-semgrep/c.yaml,rb-x-graudit-semgrep,0,39,graudit-c-security-378,A3,Conjunction / Intersection,"confidence,id,languages,message,metadata,original_file,original_line,original_pattern,pattern-regex,patterns,severity,source,vulnerability_type",True,False,False,False,False,False,False,,,[],1,True,False,False,False,False,False,C1,no_metavar
/home/moscovin/Documents/eboss/semgrep-rules-aggregate/scrap/rb-x-graudit-semgrep/c.yaml,rb-x-graudit-semgrep,0,40,graudit-c-security-379,A3,Conjunction / Intersection,"confidence,id,languages,message,metadata,original_file,original_line,original_pattern,pattern-regex,patterns,severity,source,vulnerability_type",True,False,False,False,False,False,False,,,[],1,True,False,False,False,False,False,C1,no_metavar
/home/moscovin/Documents/eboss/semgrep-rules-aggregate/scrap/rb-x-graudit-semgrep/c.yaml,rb-x-graudit-semgrep,0,41,graudit-c-security-380,A3,Conjunction / Intersection,"confidence,id,languages,message,metadata,original_file,original_line,original_pattern,pattern-regex,patterns,severity,source,vulnerability_type",True,False,False,False,False,False,False,,,[],1,True,False,False,False,False,False,C1,no_metavar
/home/moscovin/Documents/eboss/semgrep-rules-aggregate/scrap/rb-x-graudit-semgrep/c.yaml,rb-x-graudit-semgrep,0,42,graudit-c-security-381,A3,Conjunction / Intersection,"confidence,id,languages,message,metadata,original_file,original_line,original_pattern,pattern-regex,patterns,severity,source,vulnerability_type",True,False,False,False,False,False,False,,,[],1,True,False,False,False,False,False,C1,no_metavar
/home/moscovin/Documents/eboss/semgrep-rules-aggregate/scrap/rb-x-graudit-semgrep/c.yaml,rb-x-graudit-semgrep,0,43,graudit-c-security-382,A3,Conjunction / Intersection,"confidence,id,languages,message,metadata,original_file,original_line,original_pattern,pattern-regex,patterns,severity,source,vulnerability_type",True,False,False,False,False,False,False,,,[],1,True,False,False,False,False,False,C1,no_metavar
/home/moscovin/Documents/eboss/semgrep-rules-aggregate/scrap/rb-x-graudit-semgrep/c.yaml,rb-x-graudit-semgrep,0,44,graudit-c-security-383,A3,Conjunction / Intersection,"confidence,id,languages,message,metadata,original_file,original_line,original_pattern,pattern-regex,patterns,severity,source,vulnerability_type",True,False,False,False,False,False,False,,,[],1,True,False,False,False,False,False,C1,no_metavar
/home/moscovin/Documents/eboss/semgrep-rules-aggregate/scrap/rb-x-graudit-semgrep/c.yaml,rb-x-graudit-semgrep,0,45,graudit-c-security-384,A3,Conjunction / Intersection,"confidence,id,languages,message,metadata,original_file,original_line,original_pattern,pattern-regex,patterns,severity,source,vulnerability_type",True,False,False,False,False,False,False,,,[],1,True,False,False,False,False,False,C1,no_metavar
/home/moscovin/Documents/eboss/semgrep-rules-aggregate/scrap/rb-x-graudit-semgrep/c.yaml,rb-x-graudit-semgrep,0,46,graudit-c-security-385,A3,Conjunction / Intersection,"confidence,id,languages,message,metadata,original_file,original_line,original_pattern,pattern-regex,patterns,severity,source,vulnerability_type",True,False,False,False,False,False,False,,,[],1,True,False,False,False,False,False,C1,no_metavar
/home/moscovin/Documents/eboss/semgrep-rules-aggregate/scrap/rb-x-graudit-semgrep/c.yaml,rb-x-graudit-semgrep,0,47,graudit-c-security-386,A3,Conjunction / Intersection,"confidence,id,languages,message,metadata,original_file,original_line,original_pattern,pattern-regex,patterns,severity,source,vulnerability_type",True,False,False,False,False,False,False,,,[],1,True,False,False,False,False,False,C1,no_metavar
/home/moscovin/Documents/eboss/semgrep-rules-aggregate/scrap/rb-x-graudit-semgrep/c.yaml,rb-x-graudit-semgrep,0,48,graudit-c-security-387,A3,Conjunction / Intersection,"confidence,id,languages,message,metadata,original_file,original_line,original_pattern,pattern-regex,patterns,severity,source,vulnerability_type",True,False,False,False,False,False,False,,,[],1,True,False,False,False,False,False,C1,no_metavar
/home/moscovin/Documents/eboss/semgrep-rules-aggregate/scrap/rb-x-graudit-semgrep/c.yaml,rb-x-graudit-semgrep,0,49,graudit-c-security-388,A3,Conjunction / Intersection,"confidence,id,languages,message,metadata,original_file,original_line,original_pattern,pattern-regex,patterns,severity,source,vulnerability_type",True,False,False,False,False,False,False,,,[],1,True,False,False,False,False,False,C1,no_metavar
/home/moscovin/Documents/eboss/semgrep-rules-aggregate/scrap/rb-x-graudit-semgrep/c.yaml,rb-x-graudit-semgrep,0,50,graudit-c-security-389,A3,Conjunction / Intersection,"confidence,id,languages,message,metadata,original_file,original_line,original_pattern,pattern-regex,patterns,severity,source,vulnerability_type",True,False,False,False,False,False,False,,,[],1,True,False,False,False,False,False,C1,no_metavar
/home/moscovin/Documents/eboss/semgrep-rules-aggregate/scrap/rb-x-graudit-semgrep/c.yaml,rb-x-graudit-semgrep,0,51,graudit-c-security-390,A3,Conjunction / Intersection,"confidence,id,languages,message,metadata,original_file,original_line,original_pattern,pattern-regex,patterns,severity,source,vulnerability_type",True,False,False,False,False,False,False,,,[],1,True,False,False,False,False,False,C1,no_metavar
/home/moscovin/Documents/eboss/semgrep-rules-aggregate/scrap/rb-x-graudit-semgrep/c.yaml,rb-x-graudit-semgrep,0,52,graudit-c-security-391,A3,Conjunction / Intersection,"confidence,id,languages,message,metadata,original_file,original_line,original_pattern,pattern-regex,patterns,severity,source,vulnerability_type",True,False,False,False,False,False,False,,,[],1,True,False,False,False,False,False,C1,no_metavar
/home/moscovin/Documents/eboss/semgrep-rules-aggregate/scrap/rb-x-graudit-semgrep/c.yaml,rb-x-graudit-semgrep,0,53,graudit-c-security-392,A3,Conjunction / Intersection,"confidence,id,languages,message,metadata,original_file,original_line,original_pattern,pattern-regex,patterns,severity,source,vulnerability_type",True,False,False,False,False,False,False,,,[],1,True,False,False,False,False,False,C1,no_metavar
/home/moscovin/Documents/eboss/semgrep-rules-aggregate/scrap/rb-x-graudit-semgrep/c.yaml,rb-x-graudit-semgrep,0,54,graudit-c-security-393,A3,Conjunction / Intersection,"confidence,id,languages,message,metadata,original_file,original_line,original_pattern,pattern-regex,patterns,severity,source,vulnerability_type",True,False,False,False,False,False,False,,,[],1,True,False,False,False,False,False,C1,no_metavar
/home/moscovin/Documents/eboss/semgrep-rules-aggregate/scrap/rb-x-graudit-semgrep/c.yaml,rb-x-graudit-semgrep,0,55,graudit-c-security-394,A3,Conjunction / Intersection,"confidence,id,languages,message,metadata,original_file,original_line,original_pattern,pattern-regex,patterns,severity,source,vulnerability_type",True,False,False,False,False,False,False,,,[],1,True,False,False,False,False,False,C1,no_metavar
/home/moscovin/Documents/eboss/semgrep-rules-aggregate/scrap/rb-x-graudit-semgrep/c.yaml,rb-x-graudit-semgrep,0,56,graudit-c-security-395,A3,Conjunction / Intersection,"confidence,id,languages,message,metadata,original_file,original_line,original_pattern,pattern-regex,patterns,severity,source,vulnerability_type",True,False,False,False,False,False,False,,,[],1,True,False,False,False,False,False,C1,no_metavar
/home/moscovin/Documents/eboss/semgrep-rules-aggregate/scrap/rb-x-graudit-semgrep/c.yaml,rb-x-graudit-semgrep,0,57,graudit-c-security-396,A3,Conjunction / Intersection,"confidence,id,languages,message,metadata,original_file,original_line,original_pattern,pattern-regex,patterns,severity,source,vulnerability_type",True,False,False,False,False,False,False,,,[],1,True,False,False,False,False,False,C1,no_metavar
/home/moscovin/Documents/eboss/semgrep-rules-aggregate/scrap/rb-x-graudit-semgrep/c.yaml,rb-x-graudit-semgrep,0,58,graudit-c-security-397,A3,Conjunction / Intersection,"confidence,id,languages,message,metadata,original_file,original_line,original_pattern,pattern-regex,patterns,severity,source,vulnerability_type",True,False,False,False,False,False,False,,,[],1,True,False,False,False,False,False,C1,no_metavar
/home/moscovin/Documents/eboss/semgrep-rules-aggregate/scrap/rb-x-graudit-semgrep/c.yaml,rb-x-graudit-semgrep,0,59,graudit-c-security-398,A3,Conjunction / Intersection,"confidence,id,languages,message,metadata,original_file,original_line,original_pattern,pattern-regex,patterns,severity,source,vulnerability_type",True,False,False,False,False,False,False,,,[],1,True,False,False,False,False,False,C1,no_metavar
/home/moscovin/Documents/eboss/semgrep-rules-aggregate/scrap/rb-x-graudit-semgrep/c.yaml,rb-x-graudit-semgrep,0,60,graudit-c-security-399,A3,Conjunction / Intersection,"confidence,id,languages,message,metadata,original_file,original_line,original_pattern,pattern-regex,patterns,severity,source,vulnerability_type",True,False,False,False,False,False,False,,,[],1,True,False,False,False,False,False,C1,no_metavar
/home/moscovin/Documents/eboss/semgrep-rules-aggregate/scrap/rb-x-graudit-semgrep/c.yaml,rb-x-graudit-semgrep,0,61,graudit-c-security-400,A3,Conjunction / Intersection,"confidence,id,languages,message,metadata,original_file,original_line,original_pattern,pattern-regex,patterns,severity,source,vulnerability_type",True,False,False,False,False,False,False,,,[],1,True,False,False,False,False,False,C1,no_metavar
/home/moscovin/Documents/eboss/semgrep-rules-aggregate/scrap/rb-x-graudit-semgrep/c.yaml,rb-x-graudit-semgrep,0,62,graudit-c-security-401,A3,Conjunction / Intersection,"confidence,id,languages,message,metadata,original_file,original_line,original_pattern,pattern-regex,patterns,severity,source,vulnerability_type",True,False,False,False,False,False,False,,,[],1,True,False,False,False,False,False,C1,no_metavar
/home/moscovin/Documents/eboss/semgrep-rules-aggregate/scrap/rb-x-graudit-semgrep/c.yaml,rb-x-graudit-semgrep,0,63,graudit-c-security-402,A3,Conjunction / Intersection,"confidence,id,languages,message,metadata,original_file,original_line,original_pattern,pattern-regex,patterns,severity,source,vulnerability_type",True,False,False,False,False,False,False,,,[],1,True,False,False,False,False,False,C1,no_metavar
/home/moscovin/Documents/eboss/semgrep-rules-aggregate/scrap/rb-x-graudit-semgrep/c.yaml,rb-x-graudit-semgrep,0,64,graudit-c-security-403,A3,Conjunction / Intersection,"confidence,id,languages,message,metadata,original_file,original_line,original_pattern,pattern-regex,patterns,severity,source,vulnerability_type",True,False,False,False,False,False,False,,,[],1,True,False,False,False,False,False,C1,no_metavar
/home/moscovin/Documents/eboss/semgrep-rules-aggregate/scrap/rb-x-graudit-semgrep/c.yaml,rb-x-graudit-semgrep,0,65,graudit-c-xss-404,A3,Conjunction / Intersection,"confidence,id,languages,message,metadata,original_file,original_line,original_pattern,pattern-regex,patterns,severity,source,vulnerability_type",True,False,False,False,False,False,False,,,[],1,True,False,False,False,False,False,C1,no_metavar
/home/moscovin/Documents/eboss/semgrep-rules-aggregate/scrap/rb-x-graudit-semgrep/c.yaml,rb-x-graudit-semgrep,0,66,graudit-c-security-405,A3,Conjunction / Intersection,"confidence,id,languages,message,metadata,original_file,original_line,original_pattern,pattern-regex,patterns,severity,source,vulnerability_type",True,False,False,False,False,False,False,,,[],1,True,False,False,False,False,False,C1,no_metavar
/home/moscovin/Documents/eboss/semgrep-rules-aggregate/scrap/rb-x-graudit-semgrep/c.yaml,rb-x-graudit-semgrep,0,67,graudit-c-security-406,A3,Conjunction / Intersection,"confidence,id,languages,message,metadata,original_file,original_line,original_pattern,pattern-regex,patterns,severity,source,vulnerability_type",True,False,False,False,False,False,False,,,[],1,True,False,False,False,False,False,C1,no_metavar
/home/moscovin/Documents/eboss/semgrep-rules-aggregate/scrap/rb-x-graudit-semgrep/c.yaml,rb-x-graudit-semgrep,0,68,graudit-c-security-407,A3,Conjunction / Intersection,"confidence,id,languages,message,metadata,original_file,original_line,original_pattern,pattern-regex,patterns,severity,source,vulnerability_type",True,False,False,False,False,False,False,,,[],1,True,False,False,False,False,False,C1,no_metavar
/home/moscovin/Documents/eboss/semgrep-rules-aggregate/scrap/rb-x-graudit-semgrep/c.yaml,rb-x-graudit-semgrep,0,69,graudit-c-security-408,A3,Conjunction / Intersection,"confidence,id,languages,message,metadata,original_file,original_line,original_pattern,pattern-regex,patterns,severity,source,vulnerability_type",True,False,False,False,False,False,False,,,[],1,True,False,False,False,False,False,C1,no_metavar
/home/moscovin/Documents/eboss/semgrep-rules-aggregate/scrap/rb-x-graudit-semgrep/c.yaml,rb-x-graudit-semgrep,0,70,graudit-c-security-409,A3,Conjunction / Intersection,"confidence,id,languages,message,metadata,original_file,original_line,original_pattern,pattern-regex,patterns,severity,source,vulnerability_type",True,False,False,False,False,False,False,,,[],1,True,False,False,False,False,False,C1,no_metavar
/home/moscovin/Documents/eboss/semgrep-rules-aggregate/scrap/rb-x-graudit-semgrep/c.yaml,rb-x-graudit-semgrep,0,71,graudit-c-security-410,A3,Conjunction / Intersection,"confidence,id,languages,message,metadata,original_file,original_line,original_pattern,pattern-regex,patterns,severity,source,vulnerability_type",True,False,False,False,False,False,False,,,[],1,True,False,False,False,False,False,C1,no_metavar
/home/moscovin/Documents/eboss/semgrep-rules-aggregate/scrap/rb-x-graudit-semgrep/c.yaml,rb-x-graudit-semgrep,0,72,graudit-c-security-411,A3,Conjunction / Intersection,"confidence,id,languages,message,metadata,original_file,original_line,original_pattern,pattern-regex,patterns,severity,source,vulnerability_type",True,False,False,False,False,False,False,,,[],1,True,False,False,False,False,False,C1,no_metavar
/home/moscovin/Documents/eboss/semgrep-rules-aggregate/scrap/rb-x-graudit-semgrep/c.yaml,rb-x-graudit-semgrep,0,73,graudit-c-security-412,A3,Conjunction / Intersection,"confidence,id,languages,message,metadata,original_file,original_line,original_pattern,pattern-regex,patterns,severity,source,vulnerability_type",True,False,False,False,False,False,False,,,[],1,True,False,False,False,False,False,C1,no_metavar
/home/moscovin/Documents/eboss/semgrep-rules-aggregate/scrap/rb-x-graudit-semgrep/c.yaml,rb-x-graudit-semgrep,0,74,graudit-c-security-413,A3,Conjunction / Intersection,"confidence,id,languages,message,metadata,original_file,original_line,original_pattern,pattern-regex,patterns,severity,source,vulnerability_type",True,False,False,False,False,False,False,,,[],1,True,False,False,False,False,False,C1,no_metavar
/home/moscovin/Documents/eboss/semgrep-rules-aggregate/scrap/rb-x-graudit-semgrep/c.yaml,rb-x-graudit-semgrep,0,75,graudit-c-security-414,A3,Conjunction / Intersection,"confidence,id,languages,message,metadata,original_file,original_line,original_pattern,pattern-regex,patterns,severity,source,vulnerability_type",True,False,False,False,False,False,False,,,[],1,True,False,False,False,False,False,C1,no_metavar
/home/moscovin/Documents/eboss/semgrep-rules-aggregate/scrap/rb-x-graudit-semgrep/c.yaml,rb-x-graudit-semgrep,0,76,graudit-c-security-415,A3,Conjunction / Intersection,"confidence,id,languages,message,metadata,original_file,original_line,original_pattern,pattern-regex,patterns,severity,source,vulnerability_type",True,False,False,False,False,False,False,,,[],1,True,False,False,False,False,False,C1,no_metavar
/home/moscovin/Documents/eboss/semgrep-rules-aggregate/scrap/rb-x-graudit-semgrep/c.yaml,rb-x-graudit-semgrep,0,77,graudit-c-security-416,A3,Conjunction / Intersection,"confidence,id,languages,message,metadata,original_file,original_line,original_pattern,pattern-regex,patterns,severity,source,vulnerability_type",True,False,False,False,False,False,False,,,[],1,True,False,False,False,False,False,C1,no_metavar
/home/moscovin/Documents/eboss/semgrep-rules-aggregate/scrap/rb-x-graudit-semgrep/c.yaml,rb-x-graudit-semgrep,0,78,graudit-c-security-417,A3,Conjunction / Intersection,"confidence,id,languages,message,metadata,original_file,original_line,original_pattern,pattern-regex,patterns,severity,source,vulnerability_type",True,False,False,False,False,False,False,,,[],1,True,False,False,False,False,False,C1,no_metavar
/home/moscovin/Documents/eboss/semgrep-rules-aggregate/scrap/rb-x-graudit-semgrep/c.yaml,rb-x-graudit-semgrep,0,79,graudit-c-security-418,A3,Conjunction / Intersection,"confidence,id,languages,message,metadata,original_file,original_line,original_pattern,pattern-regex,patterns,severity,source,vulnerability_type",True,False,False,False,False,False,False,,,[],1,True,False,False,False,False,False,C1,no_metavar
/home/moscovin/Documents/eboss/semgrep-rules-aggregate/scrap/rb-x-graudit-semgrep/c.yaml,rb-x-graudit-semgrep,0,80,graudit-c-security-419,A3,Conjunction / Intersection,"confidence,id,languages,message,metadata,original_file,original_line,original_pattern,pattern-regex,patterns,severity,source,vulnerability_type",True,False,False,False,False,False,False,,,[],1,True,False,False,False,False,False,C1,no_metavar
/home/moscovin/Documents/eboss/semgrep-rules-aggregate/scrap/rb-x-graudit-semgrep/c.yaml,rb-x-graudit-semgrep,0,81,graudit-c-security-420,A3,Conjunction / Intersection,"confidence,id,languages,message,metadata,original_file,original_line,original_pattern,pattern-regex,patterns,severity,source,vulnerability_type",True,False,False,False,False,False,False,,,[],1,True,False,False,False,False,False,C1,no_metavar
/home/moscovin/Documents/eboss/semgrep-rules-aggregate/scrap/rb-x-graudit-semgrep/c.yaml,rb-x-graudit-semgrep,0,82,graudit-c-security-421,A3,Conjunction / Intersection,"confidence,id,languages,message,metadata,original_file,original_line,original_pattern,pattern-regex,patterns,severity,source,vulnerability_type",True,False,False,False,False,False,False,,,[],1,True,False,False,False,False,False,C1,no_metavar
/home/moscovin/Documents/eboss/semgrep-rules-aggregate/scrap/rb-x-graudit-semgrep/c.yaml,rb-x-graudit-semgrep,0,83,graudit-c-security-422,A3,Conjunction / Intersection,"confidence,id,languages,message,metadata,original_file,original_line,original_pattern,pattern-regex,patterns,severity,source,vulnerability_type",True,False,False,False,False,False,False,,,[],1,True,False,False,False,False,False,C1,no_metavar
/home/moscovin/Documents/eboss/semgrep-rules-aggregate/scrap/rb-x-graudit-semgrep/c.yaml,rb-x-graudit-semgrep,0,84,graudit-c-security-423,A3,Conjunction / Intersection,"confidence,id,languages,message,metadata,original_file,original_line,original_pattern,pattern-regex,patterns,severity,source,vulnerability_type",True,False,False,False,False,False,False,,,[],1,True,False,False,False,False,False,C1,no_metavar
/home/moscovin/Documents/eboss/semgrep-rules-aggregate/scrap/rb-x-graudit-semgrep/c.yaml,rb-x-graudit-semgrep,0,85,graudit-c-security-424,A3,Conjunction / Intersection,"confidence,id,languages,message,metadata,original_file,original_line,original_pattern,pattern-regex,patterns,severity,source,vulnerability_type",True,False,False,False,False,False,False,,,[],1,True,False,False,False,False,False,C1,no_metavar
/home/moscovin/Documents/eboss/semgrep-rules-aggregate/scrap/rb-x-graudit-semgrep/c.yaml,rb-x-graudit-semgrep,0,86,graudit-c-security-425,A3,Conjunction / Intersection,"confidence,id,languages,message,metadata,original_file,original_line,original_pattern,pattern-regex,patterns,severity,source,vulnerability_type",True,False,False,False,False,False,False,,,[],1,True,False,False,False,False,False,C1,no_metavar
/home/moscovin/Documents/eboss/semgrep-rules-aggregate/scrap/rb-x-graudit-semgrep/c.yaml,rb-x-graudit-semgrep,0,87,graudit-c-security-426,A3,Conjunction / Intersection,"confidence,id,languages,message,metadata,original_file,original_line,original_pattern,pattern-regex,patterns,severity,source,vulnerability_type",True,False,False,False,False,False,False,,,[],1,True,False,False,False,False,False,C1,no_metavar
/home/moscovin/Documents/eboss/semgrep-rules-aggregate/scrap/rb-x-graudit-semgrep/c.yaml,rb-x-graudit-semgrep,0,88,graudit-c-security-427,A3,Conjunction / Intersection,"confidence,id,languages,message,metadata,original_file,original_line,original_pattern,pattern-regex,patterns,severity,source,vulnerability_type",True,False,False,False,False,False,False,,,[],1,True,False,False,False,False,False,C1,no_metavar
/home/moscovin/Documents/eboss/semgrep-rules-aggregate/scrap/rb-x-graudit-semgrep/c.yaml,rb-x-graudit-semgrep,0,89,graudit-c-security-428,A3,Conjunction / Intersection,"confidence,id,languages,message,metadata,original_file,original_line,original_pattern,pattern-regex,patterns,severity,source,vulnerability_type",True,False,False,False,False,False,False,,,[],1,True,False,False,False,False,False,C1,no_metavar
/home/moscovin/Documents/eboss/semgrep-rules-aggregate/scrap/rb-x-graudit-semgrep/c.yaml,rb-x-graudit-semgrep,0,90,graudit-c-security-429,A3,Conjunction / Intersection,"confidence,id,languages,message,metadata,original_file,original_line,original_pattern,pattern-regex,patterns,severity,source,vulnerability_type",True,False,False,False,False,False,False,,,[],1,True,False,False,False,False,False,C1,no_metavar
/home/moscovin/Documents/eboss/semgrep-rules-aggregate/scrap/rb-x-graudit-semgrep/c.yaml,rb-x-graudit-semgrep,0,91,graudit-c-security-430,A3,Conjunction / Intersection,"confidence,id,languages,message,metadata,original_file,original_line,original_pattern,pattern-regex,patterns,severity,source,vulnerability_type",True,False,False,False,False,False,False,,,[],1,True,False,False,False,False,False,C1,no_metavar
/home/moscovin/Documents/eboss/semgrep-rules-aggregate/scrap/rb-x-graudit-semgrep/c.yaml,rb-x-graudit-semgrep,0,92,graudit-c-security-431,A3,Conjunction / Intersection,"confidence,id,languages,message,metadata,original_file,original_line,original_pattern,pattern-regex,patterns,severity,source,vulnerability_type",True,False,False,False,False,False,False,,,[],1,True,False,False,False,False,False,C1,no_metavar
/home/moscovin/Documents/eboss/semgrep-rules-aggregate/scrap/rb-x-graudit-semgrep/c.yaml,rb-x-graudit-semgrep,0,93,graudit-c-security-432,A3,Conjunction / Intersection,"confidence,id,languages,message,metadata,original_file,original_line,original_pattern,pattern-regex,patterns,severity,source,vulnerability_type",True,False,False,False,False,False,False,,,[],1,True,False,False,False,False,False,C1,no_metavar
/home/moscovin/Documents/eboss/semgrep-rules-aggregate/scrap/rb-x-graudit-semgrep/c.yaml,rb-x-graudit-semgrep,0,94,graudit-c-security-433,A3,Conjunction / Intersection,"confidence,id,languages,message,metadata,original_file,original_line,original_pattern,pattern-regex,patterns,severity,source,vulnerability_type",True,False,False,False,False,False,False,,,[],1,True,False,False,False,False,False,C1,no_metavar
/home/moscovin/Documents/eboss/semgrep-rules-aggregate/scrap/rb-x-graudit-semgrep/c.yaml,rb-x-graudit-semgrep,0,95,graudit-c-security-434,A3,Conjunction / Intersection,"confidence,id,languages,message,metadata,original_file,original_line,original_pattern,pattern-regex,patterns,severity,source,vulnerability_type",True,False,False,False,False,False,False,,,[],1,True,False,False,False,False,False,C1,no_metavar
/home/moscovin/Documents/eboss/semgrep-rules-aggregate/scrap/rb-x-graudit-semgrep/c.yaml,rb-x-graudit-semgrep,0,96,graudit-c-security-435,A3,Conjunction / Intersection,"confidence,id,languages,message,metadata,original_file,original_line,original_pattern,pattern-regex,patterns,severity,source,vulnerability_type",True,False,False,False,False,False,False,,,[],1,True,False,False,False,False,False,C1,no_metavar
/home/moscovin/Documents/eboss/semgrep-rules-aggregate/scrap/rb-x-graudit-semgrep/c.yaml,rb-x-graudit-semgrep,0,97,graudit-c-security-436,A3,Conjunction / Intersection,"confidence,id,languages,message,metadata,original_file,original_line,original_pattern,pattern-regex,patterns,severity,source,vulnerability_type",True,False,False,False,False,False,False,,,[],1,True,False,False,False,False,False,C1,no_metavar
/home/moscovin/Documents/eboss/semgrep-rules-aggregate/scrap/rb-x-graudit-semgrep/c.yaml,rb-x-graudit-semgrep,0,98,graudit-c-security-437,A3,Conjunction / Intersection,"confidence,id,languages,message,metadata,original_file,original_line,original_pattern,pattern-regex,patterns,severity,source,vulnerability_type",True,False,False,False,False,False,False,,,[],1,True,False,False,False,False,False,C1,no_metavar
/home/moscovin/Documents/eboss/semgrep-rules-aggregate/scrap/rb-x-graudit-semgrep/c.yaml,rb-x-graudit-semgrep,0,99,graudit-c-xss-438,A3,Conjunction / Intersection,"confidence,id,languages,message,metadata,original_file,original_line,original_pattern,pattern-regex,patterns,severity,source,vulnerability_type",True,False,False,False,False,False,False,,,[],1,True,False,False,False,False,False,C1,no_metavar
/home/moscovin/Documents/eboss/semgrep-rules-aggregate/scrap/rb-x-graudit-semgrep/c.yaml,rb-x-graudit-semgrep,0,100,graudit-c-xss-439,A3,Conjunction / Intersection,"confidence,id,languages,message,metadata,original_file,original_line,original_pattern,pattern-regex,patterns,severity,source,vulnerability_type",True,False,False,False,False,False,False,,,[],1,True,False,False,False,False,False,C1,no_metavar
/home/moscovin/Documents/eboss/semgrep-rules-aggregate/scrap/rb-x-graudit-semgrep/c.yaml,rb-x-graudit-semgrep,0,101,graudit-c-xss-440,A3,Conjunction / Intersection,"confidence,id,languages,message,metadata,original_file,original_line,original_pattern,pattern-regex,patterns,severity,source,vulnerability_type",True,False,False,False,False,False,False,,,[],1,True,False,False,False,False,False,C1,no_metavar
/home/moscovin/Documents/eboss/semgrep-rules-aggregate/scrap/rb-x-graudit-semgrep/c.yaml,rb-x-graudit-semgrep,0,102,graudit-c-xss-441,A3,Conjunction / Intersection,"confidence,id,languages,message,metadata,original_file,original_line,original_pattern,pattern-regex,patterns,severity,source,vulnerability_type",True,False,False,False,False,False,False,,,[],1,True,False,False,False,False,False,C1,no_metavar
/home/moscovin/Documents/eboss/semgrep-rules-aggregate/scrap/rb-x-graudit-semgrep/c.yaml,rb-x-graudit-semgrep,0,103,graudit-c-xss-442,A3,Conjunction / Intersection,"confidence,id,languages,message,metadata,original_file,original_line,original_pattern,pattern-regex,patterns,severity,source,vulnerability_type",True,False,False,False,False,False,False,,,[],1,True,False,False,False,False,False,C1,no_metavar
/home/moscovin/Documents/eboss/semgrep-rules-aggregate/scrap/rb-x-graudit-semgrep/c.yaml,rb-x-graudit-semgrep,0,104,graudit-c-xss-443,A3,Conjunction / Intersection,"confidence,id,languages,message,metadata,original_file,original_line,original_pattern,pattern-regex,patterns,severity,source,vulnerability_type",True,False,False,False,False,False,False,,,[],1,True,False,False,False,False,False,C1,no_metavar
/home/moscovin/Documents/eboss/semgrep-rules-aggregate/scrap/rb-x-graudit-semgrep/c.yaml,rb-x-graudit-semgrep,0,105,graudit-c-security-444,A3,Conjunction / Intersection,"confidence,id,languages,message,metadata,original_file,original_line,original_pattern,pattern-regex,patterns,severity,source,vulnerability_type",True,False,False,False,False,False,False,,,[],1,True,False,False,False,False,False,C1,no_metavar
/home/moscovin/Documents/eboss/semgrep-rules-aggregate/scrap/rb-x-graudit-semgrep/c.yaml,rb-x-graudit-semgrep,0,106,graudit-c-security-445,A3,Conjunction / Intersection,"confidence,id,languages,message,metadata,original_file,original_line,original_pattern,pattern-regex,patterns,severity,source,vulnerability_type",True,False,False,False,False,False,False,,,[],1,True,False,False,False,False,False,C1,no_metavar
/home/moscovin/Documents/eboss/semgrep-rules-aggregate/scrap/rb-x-graudit-semgrep/c.yaml,rb-x-graudit-semgrep,0,107,graudit-c-security-446,A3,Conjunction / Intersection,"confidence,id,languages,message,metadata,original_file,original_line,original_pattern,pattern-regex,patterns,severity,source,vulnerability_type",True,False,False,False,False,False,False,,,[],1,True,False,False,False,False,False,C1,no_metavar
/home/moscovin/Documents/eboss/semgrep-rules-aggregate/scrap/rb-x-graudit-semgrep/c.yaml,rb-x-graudit-semgrep,0,108,graudit-c-security-447,A3,Conjunction / Intersection,"confidence,id,languages,message,metadata,original_file,original_line,original_pattern,pattern-regex,patterns,severity,source,vulnerability_type",True,False,False,False,False,False,False,,,[],1,True,False,False,False,False,False,C1,no_metavar
/home/moscovin/Documents/eboss/semgrep-rules-aggregate/scrap/rb-x-graudit-semgrep/c.yaml,rb-x-graudit-semgrep,0,109,graudit-c-security-448,A3,Conjunction / Intersection,"confidence,id,languages,message,metadata,original_file,original_line,original_pattern,pattern-regex,patterns,severity,source,vulnerability_type",True,False,False,False,False,False,False,,,[],1,True,False,False,False,False,False,C1,no_metavar
/home/moscovin/Documents/eboss/semgrep-rules-aggregate/scrap/rb-x-graudit-semgrep/c.yaml,rb-x-graudit-semgrep,0,110,graudit-c-security-449,A3,Conjunction / Intersection,"confidence,id,languages,message,metadata,original_file,original_line,original_pattern,pattern-regex,patterns,severity,source,vulnerability_type",True,False,False,False,False,False,False,,,[],1,True,False,False,False,False,False,C1,no_metavar
/home/moscovin/Documents/eboss/semgrep-rules-aggregate/scrap/rb-x-graudit-semgrep/c.yaml,rb-x-graudit-semgrep,0,111,graudit-c-security-450,A3,Conjunction / Intersection,"confidence,id,languages,message,metadata,original_file,original_line,original_pattern,pattern-regex,patterns,severity,source,vulnerability_type",True,False,False,False,False,False,False,,,[],1,True,False,False,False,False,False,C1,no_metavar
/home/moscovin/Documents/eboss/semgrep-rules-aggregate/scrap/rb-x-graudit-semgrep/c.yaml,rb-x-graudit-semgrep,0,112,graudit-c-security-451,A3,Conjunction / Intersection,"confidence,id,languages,message,metadata,original_file,original_line,original_pattern,pattern-regex,patterns,severity,source,vulnerability_type",True,False,False,False,False,False,False,,,[],1,True,False,False,False,False,False,C1,no_metavar
/home/moscovin/Documents/eboss/semgrep-rules-aggregate/scrap/rb-x-graudit-semgrep/c.yaml,rb-x-graudit-semgrep,0,113,graudit-c-security-452,A3,Conjunction / Intersection,"confidence,id,languages,message,metadata,original_file,original_line,original_pattern,pattern-regex,patterns,severity,source,vulnerability_type",True,False,False,False,False,False,False,,,[],1,True,False,False,False,False,False,C1,no_metavar
/home/moscovin/Documents/eboss/semgrep-rules-aggregate/scrap/rb-x-graudit-semgrep/c.yaml,rb-x-graudit-semgrep,0,114,graudit-c-security-453,A3,Conjunction / Intersection,"confidence,id,languages,message,metadata,original_file,original_line,original_pattern,pattern-regex,patterns,severity,source,vulnerability_type",True,False,False,False,False,False,False,,,[],1,True,False,False,False,False,False,C1,no_metavar
/home/moscovin/Documents/eboss/semgrep-rules-aggregate/scrap/rb-x-graudit-semgrep/c.yaml,rb-x-graudit-semgrep,0,115,graudit-c-security-454,A3,Conjunction / Intersection,"confidence,id,languages,message,metadata,original_file,original_line,original_pattern,pattern-regex,patterns,severity,source,vulnerability_type",True,False,False,False,False,False,False,,,[],1,True,False,False,False,False,False,C1,no_metavar
/home/moscovin/Documents/eboss/semgrep-rules-aggregate/scrap/rb-x-graudit-semgrep/c.yaml,rb-x-graudit-semgrep,0,116,graudit-c-security-455,A3,Conjunction / Intersection,"confidence,id,languages,message,metadata,original_file,original_line,original_pattern,pattern-regex,patterns,severity,source,vulnerability_type",True,False,False,False,False,False,False,,,[],1,True,False,False,False,False,False,C1,no_metavar
/home/moscovin/Documents/eboss/semgrep-rules-aggregate/scrap/rb-x-graudit-semgrep/c.yaml,rb-x-graudit-semgrep,0,117,graudit-c-security-456,A3,Conjunction / Intersection,"confidence,id,languages,message,metadata,original_file,original_line,original_pattern,pattern-regex,patterns,severity,source,vulnerability_type",True,False,False,False,False,False,False,,,[],1,True,False,False,False,False,False,C1,no_metavar
/home/moscovin/Documents/eboss/semgrep-rules-aggregate/scrap/rb-x-graudit-semgrep/c.yaml,rb-x-graudit-semgrep,0,118,graudit-c-security-457,A3,Conjunction / Intersection,"confidence,id,languages,message,metadata,original_file,original_line,original_pattern,pattern-regex,patterns,severity,source,vulnerability_type",True,False,False,False,False,False,False,,,[],1,True,False,False,False,False,False,C1,no_metavar
/home/moscovin/Documents/eboss/semgrep-rules-aggregate/scrap/rb-x-graudit-semgrep/c.yaml,rb-x-graudit-semgrep,0,119,graudit-c-security-458,A3,Conjunction / Intersection,"confidence,id,languages,message,metadata,original_file,original_line,original_pattern,pattern-regex,patterns,severity,source,vulnerability_type",True,False,False,False,False,False,False,,,[],1,True,False,False,False,False,False,C1,no_metavar
/home/moscovin/Documents/eboss/semgrep-rules-aggregate/scrap/rb-x-graudit-semgrep/c.yaml,rb-x-graudit-semgrep,0,120,graudit-c-security-459,A3,Conjunction / Intersection,"confidence,id,languages,message,metadata,original_file,original_line,original_pattern,pattern-regex,patterns,severity,source,vulnerability_type",True,False,False,False,False,False,False,,,[],1,True,False,False,False,False,False,C1,no_metavar
/home/moscovin/Documents/eboss/semgrep-rules-aggregate/scrap/rb-x-graudit-semgrep/c.yaml,rb-x-graudit-semgrep,0,121,graudit-c-security-460,A3,Conjunction / Intersection,"confidence,id,languages,message,metadata,original_file,original_line,original_pattern,pattern-regex,patterns,severity,source,vulnerability_type",True,False,False,False,False,False,False,,,[],1,True,False,False,False,False,False,C1,no_metavar
/home/moscovin/Documents/eboss/semgrep-rules-aggregate/scrap/rb-x-graudit-semgrep/c.yaml,rb-x-graudit-semgrep,0,122,graudit-c-security-461,A3,Conjunction / Intersection,"confidence,id,languages,message,metadata,original_file,original_line,original_pattern,pattern-regex,patterns,severity,source,vulnerability_type",True,False,False,False,False,False,False,,,[],1,True,False,False,False,False,False,C1,no_metavar
/home/moscovin/Documents/eboss/semgrep-rules-aggregate/scrap/rb-x-graudit-semgrep/c.yaml,rb-x-graudit-semgrep,0,123,graudit-c-security-462,A3,Conjunction / Intersection,"confidence,id,languages,message,metadata,original_file,original_line,original_pattern,pattern-regex,patterns,severity,source,vulnerability_type",True,False,False,False,False,False,False,,,[],1,True,False,False,False,False,False,C1,no_metavar
/home/moscovin/Documents/eboss/semgrep-rules-aggregate/scrap/rb-x-graudit-semgrep/c.yaml,rb-x-graudit-semgrep,0,124,graudit-c-security-463,A3,Conjunction / Intersection,"confidence,id,languages,message,metadata,original_file,original_line,original_pattern,pattern-regex,patterns,severity,source,vulnerability_type",True,False,False,False,False,False,False,,,[],1,True,False,False,False,False,False,C1,no_metavar
/home/moscovin/Documents/eboss/semgrep-rules-aggregate/scrap/rb-x-graudit-semgrep/c.yaml,rb-x-graudit-semgrep,0,125,graudit-c-security-464,A3,Conjunction / Intersection,"confidence,id,languages,message,metadata,original_file,original_line,original_pattern,pattern-regex,patterns,severity,source,vulnerability_type",True,False,False,False,False,False,False,,,[],1,True,False,False,False,False,False,C1,no_metavar
/home/moscovin/Documents/eboss/semgrep-rules-aggregate/scrap/rb-x-graudit-semgrep/c.yaml,rb-x-graudit-semgrep,0,126,graudit-c-security-465,A3,Conjunction / Intersection,"confidence,id,languages,message,metadata,original_file,original_line,original_pattern,pattern-regex,patterns,severity,source,vulnerability_type",True,False,False,False,False,False,False,,,[],1,True,False,False,False,False,False,C1,no_metavar
/home/moscovin/Documents/eboss/semgrep-rules-aggregate/scrap/rb-x-graudit-semgrep/c.yaml,rb-x-graudit-semgrep,0,127,graudit-c-security-466,A3,Conjunction / Intersection,"confidence,id,languages,message,metadata,original_file,original_line,original_pattern,pattern-regex,patterns,severity,source,vulnerability_type",True,False,False,False,False,False,False,,,[],1,True,False,False,False,False,False,C1,no_metavar
/home/moscovin/Documents/eboss/semgrep-rules-aggregate/scrap/rb-x-graudit-semgrep/c.yaml,rb-x-graudit-semgrep,0,128,graudit-c-security-467,A3,Conjunction / Intersection,"confidence,id,languages,message,metadata,original_file,original_line,original_pattern,pattern-regex,patterns,severity,source,vulnerability_type",True,False,False,False,False,False,False,,,[],1,True,False,False,False,False,False,C1,no_metavar
/home/moscovin/Documents/eboss/semgrep-rules-aggregate/scrap/rb-x-graudit-semgrep/c.yaml,rb-x-graudit-semgrep,0,129,graudit-c-security-468,A3,Conjunction / Intersection,"confidence,id,languages,message,metadata,original_file,original_line,original_pattern,pattern-regex,patterns,severity,source,vulnerability_type",True,False,False,False,False,False,False,,,[],1,True,False,False,False,False,False,C1,no_metavar
/home/moscovin/Documents/eboss/semgrep-rules-aggregate/scrap/rb-x-graudit-semgrep/c.yaml,rb-x-graudit-semgrep,0,130,graudit-c-security-469,A3,Conjunction / Intersection,"confidence,id,languages,message,metadata,original_file,original_line,original_pattern,pattern-regex,patterns,severity,source,vulnerability_type",True,False,False,False,False,False,False,,,[],1,True,False,False,False,False,False,C1,no_metavar
/home/moscovin/Documents/eboss/semgrep-rules-aggregate/scrap/rb-x-graudit-semgrep/c.yaml,rb-x-graudit-semgrep,0,131,graudit-c-security-470,A3,Conjunction / Intersection,"confidence,id,languages,message,metadata,original_file,original_line,original_pattern,pattern-regex,patterns,severity,source,vulnerability_type",True,False,False,False,False,False,False,,,[],1,True,False,False,False,False,False,C1,no_metavar
/home/moscovin/Documents/eboss/semgrep-rules-aggregate/scrap/rb-x-graudit-semgrep/c.yaml,rb-x-graudit-semgrep,0,132,graudit-c-security-471,A3,Conjunction / Intersection,"confidence,id,languages,message,metadata,original_file,original_line,original_pattern,pattern-regex,patterns,severity,source,vulnerability_type",True,False,False,False,False,False,False,,,[],1,True,False,False,False,False,False,C1,no_metavar
/home/moscovin/Documents/eboss/semgrep-rules-aggregate/scrap/rb-x-graudit-semgrep/c.yaml,rb-x-graudit-semgrep,0,133,graudit-c-security-472,A3,Conjunction / Intersection,"confidence,id,languages,message,metadata,original_file,original_line,original_pattern,pattern-regex,patterns,severity,source,vulnerability_type",True,False,False,False,False,False,False,,,[],1,True,False,False,False,False,False,C1,no_metavar
/home/moscovin/Documents/eboss/semgrep-rules-aggregate/scrap/rb-x-graudit-semgrep/c.yaml,rb-x-graudit-semgrep,0,134,graudit-c-security-473,A3,Conjunction / Intersection,"confidence,id,languages,message,metadata,original_file,original_line,original_pattern,pattern-regex,patterns,severity,source,vulnerability_type",True,False,False,False,False,False,False,,,[],1,True,False,False,False,False,False,C1,no_metavar
/home/moscovin/Documents/eboss/semgrep-rules-aggregate/scrap/rb-x-graudit-semgrep/c.yaml,rb-x-graudit-semgrep,0,135,graudit-c-security-474,A3,Conjunction / Intersection,"confidence,id,languages,message,metadata,original_file,original_line,original_pattern,pattern-regex,patterns,severity,source,vulnerability_type",True,False,False,False,False,False,False,,,[],1,True,False,False,False,False,False,C1,no_metavar
/home/moscovin/Documents/eboss/semgrep-rules-aggregate/scrap/rb-x-graudit-semgrep/c.yaml,rb-x-graudit-semgrep,0,136,graudit-c-security-475,A3,Conjunction / Intersection,"confidence,id,languages,message,metadata,original_file,original_line,original_pattern,pattern-regex,patterns,severity,source,vulnerability_type",True,False,False,False,False,False,False,,,[],1,True,False,False,False,False,False,C1,no_metavar
/home/moscovin/Documents/eboss/semgrep-rules-aggregate/scrap/rb-x-graudit-semgrep/c.yaml,rb-x-graudit-semgrep,0,137,graudit-c-security-476,A3,Conjunction / Intersection,"confidence,id,languages,message,metadata,original_file,original_line,original_pattern,pattern-regex,patterns,severity,source,vulnerability_type",True,False,False,False,False,False,False,,,[],1,True,False,False,False,False,False,C1,no_metavar
/home/moscovin/Documents/eboss/semgrep-rules-aggregate/scrap/rb-x-graudit-semgrep/c.yaml,rb-x-graudit-semgrep,0,138,graudit-c-security-477,A3,Conjunction / Intersection,"confidence,id,languages,message,metadata,original_file,original_line,original_pattern,pattern-regex,patterns,severity,source,vulnerability_type",True,False,False,False,False,False,False,,,[],1,True,False,False,False,False,False,C1,no_metavar
/home/moscovin/Documents/eboss/semgrep-rules-aggregate/scrap/rb-x-graudit-semgrep/c.yaml,rb-x-graudit-semgrep,0,139,graudit-c-security-478,A3,Conjunction / Intersection,"confidence,id,languages,message,metadata,original_file,original_line,original_pattern,pattern-regex,patterns,severity,source,vulnerability_type",True,False,False,False,False,False,False,,,[],1,True,False,False,False,False,False,C1,no_metavar
/home/moscovin/Documents/eboss/semgrep-rules-aggregate/scrap/rb-x-graudit-semgrep/c.yaml,rb-x-graudit-semgrep,0,140,graudit-c-security-479,A3,Conjunction / Intersection,"confidence,id,languages,message,metadata,original_file,original_line,original_pattern,pattern-regex,patterns,severity,source,vulnerability_type",True,False,False,False,False,False,False,,,[],1,True,False,False,False,False,False,C1,no_metavar
/home/moscovin/Documents/eboss/semgrep-rules-aggregate/scrap/rb-x-graudit-semgrep/c.yaml,rb-x-graudit-semgrep,0,141,graudit-c-security-480,A3,Conjunction / Intersection,"confidence,id,languages,message,metadata,original_file,original_line,original_pattern,pattern-regex,patterns,severity,source,vulnerability_type",True,False,False,False,False,False,False,,,[],1,True,False,False,False,False,False,C1,no_metavar
/home/moscovin/Documents/eboss/semgrep-rules-aggregate/scrap/rb-x-graudit-semgrep/c.yaml,rb-x-graudit-semgrep,0,142,graudit-c-security-481,A3,Conjunction / Intersection,"confidence,id,languages,message,metadata,original_file,original_line,original_pattern,pattern-regex,patterns,severity,source,vulnerability_type",True,False,False,False,False,False,False,,,[],1,True,False,False,False,False,False,C1,no_metavar
/home/moscovin/Documents/eboss/semgrep-rules-aggregate/scrap/rb-x-graudit-semgrep/c.yaml,rb-x-graudit-semgrep,0,143,graudit-c-security-482,A3,Conjunction / Intersection,"confidence,id,languages,message,metadata,original_file,original_line,original_pattern,pattern-regex,patterns,severity,source,vulnerability_type",True,False,False,False,False,False,False,,,[],1,True,False,False,False,False,False,C1,no_metavar
/home/moscovin/Documents/eboss/semgrep-rules-aggregate/scrap/rb-x-graudit-semgrep/c.yaml,rb-x-graudit-semgrep,0,144,graudit-c-security-483,A3,Conjunction / Intersection,"confidence,id,languages,message,metadata,original_file,original_line,original_pattern,pattern-regex,patterns,severity,source,vulnerability_type",True,False,False,False,False,False,False,,,[],1,True,False,False,False,False,False,C1,no_metavar
/home/moscovin/Documents/eboss/semgrep-rules-aggregate/scrap/rb-x-graudit-semgrep/c.yaml,rb-x-graudit-semgrep,0,145,graudit-c-security-484,A3,Conjunction / Intersection,"confidence,id,languages,message,metadata,original_file,original_line,original_pattern,pattern-regex,patterns,severity,source,vulnerability_type",True,False,False,False,False,False,False,,,[],1,True,False,False,False,False,False,C1,no_metavar
/home/moscovin/Documents/eboss/semgrep-rules-aggregate/scrap/rb-x-graudit-semgrep/c.yaml,rb-x-graudit-semgrep,0,146,graudit-c-security-485,A3,Conjunction / Intersection,"confidence,id,languages,message,metadata,original_file,original_line,original_pattern,pattern-regex,patterns,severity,source,vulnerability_type",True,False,False,False,False,False,False,,,[],1,True,False,False,False,False,False,C1,no_metavar
/home/moscovin/Documents/eboss/semgrep-rules-aggregate/scrap/rb-x-graudit-semgrep/c.yaml,rb-x-graudit-semgrep,0,147,graudit-c-security-486,A3,Conjunction / Intersection,"confidence,id,languages,message,metadata,original_file,original_line,original_pattern,pattern-regex,patterns,severity,source,vulnerability_type",True,False,False,False,False,False,False,,,[],1,True,False,False,False,False,False,C1,no_metavar
/home/moscovin/Documents/eboss/semgrep-rules-aggregate/scrap/rb-x-graudit-semgrep/c.yaml,rb-x-graudit-semgrep,0,148,graudit-c-security-487,A3,Conjunction / Intersection,"confidence,id,languages,message,metadata,original_file,original_line,original_pattern,pattern-regex,patterns,severity,source,vulnerability_type",True,False,False,False,False,False,False,,,[],1,True,False,False,False,False,False,C1,no_metavar
/home/moscovin/Documents/eboss/semgrep-rules-aggregate/scrap/rb-x-graudit-semgrep/c.yaml,rb-x-graudit-semgrep,0,149,graudit-c-security-488,A3,Conjunction / Intersection,"confidence,id,languages,message,metadata,original_file,original_line,original_pattern,pattern-regex,patterns,severity,source,vulnerability_type",True,False,False,False,False,False,False,,,[],1,True,False,False,False,False,False,C1,no_metavar
/home/moscovin/Documents/eboss/semgrep-rules-aggregate/scrap/rb-x-graudit-semgrep/c.yaml,rb-x-graudit-semgrep,0,150,graudit-c-security-489,A3,Conjunction / Intersection,"confidence,id,languages,message,metadata,original_file,original_line,original_pattern,pattern-regex,patterns,severity,source,vulnerability_type",True,False,False,False,False,False,False,,,[],1,True,False,False,False,False,False,C1,no_metavar
/home/moscovin/Documents/eboss/semgrep-rules-aggregate/scrap/rb-x-graudit-semgrep/c.yaml,rb-x-graudit-semgrep,0,151,graudit-c-security-490,A3,Conjunction / Intersection,"confidence,id,languages,message,metadata,original_file,original_line,original_pattern,pattern-regex,patterns,severity,source,vulnerability_type",True,False,False,False,False,False,False,,,[],1,True,False,False,False,False,False,C1,no_metavar
/home/moscovin/Documents/eboss/semgrep-rules-aggregate/scrap/rb-x-graudit-semgrep/c.yaml,rb-x-graudit-semgrep,0,152,graudit-c-security-491,A3,Conjunction / Intersection,"confidence,id,languages,message,metadata,original_file,original_line,original_pattern,pattern-regex,patterns,severity,source,vulnerability_type",True,False,False,False,False,False,False,,,[],1,True,False,False,False,False,False,C1,no_metavar
/home/moscovin/Documents/eboss/semgrep-rules-aggregate/scrap/rb-x-graudit-semgrep/c.yaml,rb-x-graudit-semgrep,0,153,graudit-c-security-492,A3,Conjunction / Intersection,"confidence,id,languages,message,metadata,original_file,original_line,original_pattern,pattern-regex,patterns,severity,source,vulnerability_type",True,False,False,False,False,False,False,,,[],1,True,False,False,False,False,False,C1,no_metavar
/home/moscovin/Documents/eboss/semgrep-rules-aggregate/scrap/rb-x-graudit-semgrep/c.yaml,rb-x-graudit-semgrep,0,154,graudit-c-security-493,A3,Conjunction / Intersection,"confidence,id,languages,message,metadata,original_file,original_line,original_pattern,pattern-regex,patterns,severity,source,vulnerability_type",True,False,False,False,False,False,False,,,[],1,True,False,False,False,False,False,C1,no_metavar
/home/moscovin/Documents/eboss/semgrep-rules-aggregate/scrap/rb-x-graudit-semgrep/c.yaml,rb-x-graudit-semgrep,0,155,graudit-c-security-494,A3,Conjunction / Intersection,"confidence,id,languages,message,metadata,original_file,original_line,original_pattern,pattern-regex,patterns,severity,source,vulnerability_type",True,False,False,False,False,False,False,,,[],1,True,False,False,False,False,False,C1,no_metavar
/home/moscovin/Documents/eboss/semgrep-rules-aggregate/scrap/rb-x-graudit-semgrep/c.yaml,rb-x-graudit-semgrep,0,156,graudit-c-security-495,A3,Conjunction / Intersection,"confidence,id,languages,message,metadata,original_file,original_line,original_pattern,pattern-regex,patterns,severity,source,vulnerability_type",True,False,False,False,False,False,False,,,[],1,True,False,False,False,False,False,C1,no_metavar
/home/moscovin/Documents/eboss/semgrep-rules-aggregate/scrap/rb-x-graudit-semgrep/c.yaml,rb-x-graudit-semgrep,0,157,graudit-c-security-496,A3,Conjunction / Intersection,"confidence,id,languages,message,metadata,original_file,original_line,original_pattern,pattern-regex,patterns,severity,source,vulnerability_type",True,False,False,False,False,False,False,,,[],1,True,False,False,False,False,False,C1,no_metavar
/home/moscovin/Documents/eboss/semgrep-rules-aggregate/scrap/rb-x-graudit-semgrep/c.yaml,rb-x-graudit-semgrep,0,158,graudit-c-security-497,A3,Conjunction / Intersection,"confidence,id,languages,message,metadata,original_file,original_line,original_pattern,pattern-regex,patterns,severity,source,vulnerability_type",True,False,False,False,False,False,False,,,[],1,True,False,False,False,False,False,C1,no_metavar
/home/moscovin/Documents/eboss/semgrep-rules-aggregate/scrap/rb-x-graudit-semgrep/c.yaml,rb-x-graudit-semgrep,0,159,graudit-c-security-498,A3,Conjunction / Intersection,"confidence,id,languages,message,metadata,original_file,original_line,original_pattern,pattern-regex,patterns,severity,source,vulnerability_type",True,False,False,False,False,False,False,,,[],1,True,False,False,False,False,False,C1,no_metavar
/home/moscovin/Documents/eboss/semgrep-rules-aggregate/scrap/rb-x-graudit-semgrep/c.yaml,rb-x-graudit-semgrep,0,160,graudit-c-security-499,A3,Conjunction / Intersection,"confidence,id,languages,message,metadata,original_file,original_line,original_pattern,pattern-regex,patterns,severity,source,vulnerability_type",True,False,False,False,False,False,False,,,[],1,True,False,False,False,False,False,C1,no_metavar
/home/moscovin/Documents/eboss/semgrep-rules-aggregate/scrap/rb-x-graudit-semgrep/c.yaml,rb-x-graudit-semgrep,0,161,graudit-c-security-500,A3,Conjunction / Intersection,"confidence,id,languages,message,metadata,original_file,original_line,original_pattern,pattern-regex,patterns,severity,source,vulnerability_type",True,False,False,False,False,False,False,,,[],1,True,False,False,False,False,False,C1,no_metavar
/home/moscovin/Documents/eboss/semgrep-rules-aggregate/scrap/rb-x-graudit-semgrep/c.yaml,rb-x-graudit-semgrep,0,162,graudit-c-security-501,A3,Conjunction / Intersection,"confidence,id,languages,message,metadata,original_file,original_line,original_pattern,pattern-regex,patterns,severity,source,vulnerability_type",True,False,False,False,False,False,False,,,[],1,True,False,False,False,False,False,C1,no_metavar
/home/moscovin/Documents/eboss/semgrep-rules-aggregate/scrap/rb-x-graudit-semgrep/c.yaml,rb-x-graudit-semgrep,0,163,graudit-c-security-502,A3,Conjunction / Intersection,"confidence,id,languages,message,metadata,original_file,original_line,original_pattern,pattern-regex,patterns,severity,source,vulnerability_type",True,False,False,False,False,False,False,,,[],1,True,False,False,False,False,False,C1,no_metavar
/home/moscovin/Documents/eboss/semgrep-rules-aggregate/scrap/rb-x-graudit-semgrep/c.yaml,rb-x-graudit-semgrep,0,164,graudit-c-security-503,A3,Conjunction / Intersection,"confidence,id,languages,message,metadata,original_file,original_line,original_pattern,pattern-regex,patterns,severity,source,vulnerability_type",True,False,False,False,False,False,False,,,[],1,True,False,False,False,False,False,C1,no_metavar
/home/moscovin/Documents/eboss/semgrep-rules-aggregate/scrap/rb-x-graudit-semgrep/c.yaml,rb-x-graudit-semgrep,0,165,graudit-c-security-504,A3,Conjunction / Intersection,"confidence,id,languages,message,metadata,original_file,original_line,original_pattern,pattern-regex,patterns,severity,source,vulnerability_type",True,False,False,False,False,False,False,,,[],1,True,False,False,False,False,False,C1,no_metavar
/home/moscovin/Documents/eboss/semgrep-rules-aggregate/scrap/rb-x-graudit-semgrep/c.yaml,rb-x-graudit-semgrep,0,166,graudit-c-security-505,A3,Conjunction / Intersection,"confidence,id,languages,message,metadata,original_file,original_line,original_pattern,pattern-regex,patterns,severity,source,vulnerability_type",True,False,False,False,False,False,False,,,[],1,True,False,False,False,False,False,C1,no_metavar
/home/moscovin/Documents/eboss/semgrep-rules-aggregate/scrap/rb-x-graudit-semgrep/c.yaml,rb-x-graudit-semgrep,0,167,graudit-c-security-506,A3,Conjunction / Intersection,"confidence,id,languages,message,metadata,original_file,original_line,original_pattern,pattern-regex,patterns,severity,source,vulnerability_type",True,False,False,False,False,False,False,,,[],1,True,False,False,False,False,False,C1,no_metavar
/home/moscovin/Documents/eboss/semgrep-rules-aggregate/scrap/rb-x-graudit-semgrep/c.yaml,rb-x-graudit-semgrep,0,168,graudit-c-security-507,A3,Conjunction / Intersection,"confidence,id,languages,message,metadata,original_file,original_line,original_pattern,pattern-regex,patterns,severity,source,vulnerability_type",True,False,False,False,False,False,False,,,[],1,True,False,False,False,False,False,C1,no_metavar
/home/moscovin/Documents/eboss/semgrep-rules-aggregate/scrap/rb-x-graudit-semgrep/c.yaml,rb-x-graudit-semgrep,0,169,graudit-c-security-508,A3,Conjunction / Intersection,"confidence,id,languages,message,metadata,original_file,original_line,original_pattern,pattern-regex,patterns,severity,source,vulnerability_type",True,False,False,False,False,False,False,,,[],1,True,False,False,False,False,False,C1,no_metavar
/home/moscovin/Documents/eboss/semgrep-rules-aggregate/scrap/rb-x-graudit-semgrep/c.yaml,rb-x-graudit-semgrep,0,170,graudit-c-security-509,A3,Conjunction / Intersection,"confidence,id,languages,message,metadata,original_file,original_line,original_pattern,pattern-regex,patterns,severity,source,vulnerability_type",True,False,False,False,False,False,False,,,[],1,True,False,False,False,False,False,C1,no_metavar
/home/moscovin/Documents/eboss/semgrep-rules-aggregate/scrap/rb-x-graudit-semgrep/c.yaml,rb-x-graudit-semgrep,0,171,graudit-c-security-510,A3,Conjunction / Intersection,"confidence,id,languages,message,metadata,original_file,original_line,original_pattern,pattern-regex,patterns,severity,source,vulnerability_type",True,False,False,False,False,False,False,,,[],1,True,False,False,False,False,False,C1,no_metavar
/home/moscovin/Documents/eboss/semgrep-rules-aggregate/scrap/rb-x-graudit-semgrep/c.yaml,rb-x-graudit-semgrep,0,172,graudit-c-security-511,A3,Conjunction / Intersection,"confidence,id,languages,message,metadata,original_file,original_line,original_pattern,pattern-regex,patterns,severity,source,vulnerability_type",True,False,False,False,False,False,False,,,[],1,True,False,False,False,False,False,C1,no_metavar
/home/moscovin/Documents/eboss/semgrep-rules-aggregate/scrap/rb-x-graudit-semgrep/c.yaml,rb-x-graudit-semgrep,0,173,graudit-c-security-512,A3,Conjunction / Intersection,"confidence,id,languages,message,metadata,original_file,original_line,original_pattern,pattern-regex,patterns,severity,source,vulnerability_type",True,False,False,False,False,False,False,,,[],1,True,False,False,False,False,False,C1,no_metavar
/home/moscovin/Documents/eboss/semgrep-rules-aggregate/scrap/rb-x-graudit-semgrep/c.yaml,rb-x-graudit-semgrep,0,174,graudit-c-security-513,A3,Conjunction / Intersection,"confidence,id,languages,message,metadata,original_file,original_line,original_pattern,pattern-regex,patterns,severity,source,vulnerability_type",True,False,False,False,False,False,False,,,[],1,True,False,False,False,False,False,C1,no_metavar
/home/moscovin/Documents/eboss/semgrep-rules-aggregate/scrap/rb-x-graudit-semgrep/c.yaml,rb-x-graudit-semgrep,0,175,graudit-c-security-514,A3,Conjunction / Intersection,"confidence,id,languages,message,metadata,original_file,original_line,original_pattern,pattern-regex,patterns,severity,source,vulnerability_type",True,False,False,False,False,False,False,,,[],1,True,False,False,False,False,False,C1,no_metavar
/home/moscovin/Documents/eboss/semgrep-rules-aggregate/scrap/rb-x-graudit-semgrep/c.yaml,rb-x-graudit-semgrep,0,176,graudit-c-security-515,A3,Conjunction / Intersection,"confidence,id,languages,message,metadata,original_file,original_line,original_pattern,pattern-regex,patterns,severity,source,vulnerability_type",True,False,False,False,False,False,False,,,[],1,True,False,False,False,False,False,C1,no_metavar
/home/moscovin/Documents/eboss/semgrep-rules-aggregate/scrap/rb-x-graudit-semgrep/c.yaml,rb-x-graudit-semgrep,0,177,graudit-c-security-516,A3,Conjunction / Intersection,"confidence,id,languages,message,metadata,original_file,original_line,original_pattern,pattern-regex,patterns,severity,source,vulnerability_type",True,False,False,False,False,False,False,,,[],1,True,False,False,False,False,False,C1,no_metavar
/home/moscovin/Documents/eboss/semgrep-rules-aggregate/scrap/rb-x-graudit-semgrep/c.yaml,rb-x-graudit-semgrep,0,178,graudit-c-security-517,A3,Conjunction / Intersection,"confidence,id,languages,message,metadata,original_file,original_line,original_pattern,pattern-regex,patterns,severity,source,vulnerability_type",True,False,False,False,False,False,False,,,[],1,True,False,False,False,False,False,C1,no_metavar
/home/moscovin/Documents/eboss/semgrep-rules-aggregate/scrap/rb-x-graudit-semgrep/c.yaml,rb-x-graudit-semgrep,0,179,graudit-c-security-518,A3,Conjunction / Intersection,"confidence,id,languages,message,metadata,original_file,original_line,original_pattern,pattern-regex,patterns,severity,source,vulnerability_type",True,False,False,False,False,False,False,,,[],1,True,False,False,False,False,False,C1,no_metavar
/home/moscovin/Documents/eboss/semgrep-rules-aggregate/scrap/rb-x-graudit-semgrep/c.yaml,rb-x-graudit-semgrep,0,180,graudit-c-security-519,A3,Conjunction / Intersection,"confidence,id,languages,message,metadata,original_file,original_line,original_pattern,pattern-regex,patterns,severity,source,vulnerability_type",True,False,False,False,False,False,False,,,[],1,True,False,False,False,False,False,C1,no_metavar
/home/moscovin/Documents/eboss/semgrep-rules-aggregate/scrap/rb-x-graudit-semgrep/c.yaml,rb-x-graudit-semgrep,0,181,graudit-c-security-520,A3,Conjunction / Intersection,"confidence,id,languages,message,metadata,original_file,original_line,original_pattern,pattern-regex,patterns,severity,source,vulnerability_type",True,False,False,False,False,False,False,,,[],1,True,False,False,False,False,False,C1,no_metavar
/home/moscovin/Documents/eboss/semgrep-rules-aggregate/scrap/rb-x-graudit-semgrep/c.yaml,rb-x-graudit-semgrep,0,182,graudit-c-security-521,A3,Conjunction / Intersection,"confidence,id,languages,message,metadata,original_file,original_line,original_pattern,pattern-regex,patterns,severity,source,vulnerability_type",True,False,False,False,False,False,False,,,[],1,True,False,False,False,False,False,C1,no_metavar
/home/moscovin/Documents/eboss/semgrep-rules-aggregate/scrap/rb-x-graudit-semgrep/c.yaml,rb-x-graudit-semgrep,0,183,graudit-c-security-522,A3,Conjunction / Intersection,"confidence,id,languages,message,metadata,original_file,original_line,original_pattern,pattern-regex,patterns,severity,source,vulnerability_type",True,False,False,False,False,False,False,,,[],1,True,False,False,False,False,False,C1,no_metavar
/home/moscovin/Documents/eboss/semgrep-rules-aggregate/scrap/rb-x-graudit-semgrep/c.yaml,rb-x-graudit-semgrep,0,184,graudit-c-security-523,A3,Conjunction / Intersection,"confidence,id,languages,message,metadata,original_file,original_line,original_pattern,pattern-regex,patterns,severity,source,vulnerability_type",True,False,False,False,False,False,False,,,[],1,True,False,False,False,False,False,C1,no_metavar
/home/moscovin/Documents/eboss/semgrep-rules-aggregate/scrap/rb-x-graudit-semgrep/c.yaml,rb-x-graudit-semgrep,0,185,graudit-c-security-524,A3,Conjunction / Intersection,"confidence,id,languages,message,metadata,original_file,original_line,original_pattern,pattern-regex,patterns,severity,source,vulnerability_type",True,False,False,False,False,False,False,,,[],1,True,False,False,False,False,False,C1,no_metavar
/home/moscovin/Documents/eboss/semgrep-rules-aggregate/scrap/rb-x-graudit-semgrep/c.yaml,rb-x-graudit-semgrep,0,186,graudit-c-security-525,A3,Conjunction / Intersection,"confidence,id,languages,message,metadata,original_file,original_line,original_pattern,pattern-regex,patterns,severity,source,vulnerability_type",True,False,False,False,False,False,False,,,[],1,True,False,False,False,False,False,C1,no_metavar
/home/moscovin/Documents/eboss/semgrep-rules-aggregate/scrap/rb-x-graudit-semgrep/c.yaml,rb-x-graudit-semgrep,0,187,graudit-c-security-526,A3,Conjunction / Intersection,"confidence,id,languages,message,metadata,original_file,original_line,original_pattern,pattern-regex,patterns,severity,source,vulnerability_type",True,False,False,False,False,False,False,,,[],1,True,False,False,False,False,False,C1,no_metavar
/home/moscovin/Documents/eboss/semgrep-rules-aggregate/scrap/rb-x-graudit-semgrep/c.yaml,rb-x-graudit-semgrep,0,188,graudit-c-security-527,A3,Conjunction / Intersection,"confidence,id,languages,message,metadata,original_file,original_line,original_pattern,pattern-regex,patterns,severity,source,vulnerability_type",True,False,False,False,False,False,False,,,[],1,True,False,False,False,False,False,C1,no_metavar
/home/moscovin/Documents/eboss/semgrep-rules-aggregate/scrap/rb-x-graudit-semgrep/c.yaml,rb-x-graudit-semgrep,0,189,graudit-c-security-528,A3,Conjunction / Intersection,"confidence,id,languages,message,metadata,original_file,original_line,original_pattern,pattern-regex,patterns,severity,source,vulnerability_type",True,False,False,False,False,False,False,,,[],1,True,False,False,False,False,False,C1,no_metavar
/home/moscovin/Documents/eboss/semgrep-rules-aggregate/scrap/rb-x-graudit-semgrep/c.yaml,rb-x-graudit-semgrep,0,190,graudit-c-security-529,A3,Conjunction / Intersection,"confidence,id,languages,message,metadata,original_file,original_line,original_pattern,pattern-regex,patterns,severity,source,vulnerability_type",True,False,False,False,False,False,False,,,[],1,True,False,False,False,False,False,C1,no_metavar
/home/moscovin/Documents/eboss/semgrep-rules-aggregate/scrap/rb-x-graudit-semgrep/c.yaml,rb-x-graudit-semgrep,0,191,graudit-c-security-530,A3,Conjunction / Intersection,"confidence,id,languages,message,metadata,original_file,original_line,original_pattern,pattern-regex,patterns,severity,source,vulnerability_type",True,False,False,False,False,False,False,,,[],1,True,False,False,False,False,False,C1,no_metavar
/home/moscovin/Documents/eboss/semgrep-rules-aggregate/scrap/rb-x-graudit-semgrep/c.yaml,rb-x-graudit-semgrep,0,192,graudit-c-security-531,A3,Conjunction / Intersection,"confidence,id,languages,message,metadata,original_file,original_line,original_pattern,pattern-regex,patterns,severity,source,vulnerability_type",True,False,False,False,False,False,False,,,[],1,True,False,False,False,False,False,C1,no_metavar
/home/moscovin/Documents/eboss/semgrep-rules-aggregate/scrap/rb-x-graudit-semgrep/c.yaml,rb-x-graudit-semgrep,0,193,graudit-c-security-532,A3,Conjunction / Intersection,"confidence,id,languages,message,metadata,original_file,original_line,original_pattern,pattern-regex,patterns,severity,source,vulnerability_type",True,False,False,False,False,False,False,,,[],1,True,False,False,False,False,False,C1,no_metavar
/home/moscovin/Documents/eboss/semgrep-rules-aggregate/scrap/rb-x-graudit-semgrep/c.yaml,rb-x-graudit-semgrep,0,194,graudit-c-security-533,A3,Conjunction / Intersection,"confidence,id,languages,message,metadata,original_file,original_line,original_pattern,pattern-regex,patterns,severity,source,vulnerability_type",True,False,False,False,False,False,False,,,[],1,True,False,False,False,False,False,C1,no_metavar
/home/moscovin/Documents/eboss/semgrep-rules-aggregate/scrap/rb-x-graudit-semgrep/c.yaml,rb-x-graudit-semgrep,0,195,graudit-c-security-534,A3,Conjunction / Intersection,"confidence,id,languages,message,metadata,original_file,original_line,original_pattern,pattern-regex,patterns,severity,source,vulnerability_type",True,False,False,False,False,False,False,,,[],1,True,False,False,False,False,False,C1,no_metavar
/home/moscovin/Documents/eboss/semgrep-rules-aggregate/scrap/rb-x-graudit-semgrep/c.yaml,rb-x-graudit-semgrep,0,196,graudit-c-security-535,A3,Conjunction / Intersection,"confidence,id,languages,message,metadata,original_file,original_line,original_pattern,pattern-regex,patterns,severity,source,vulnerability_type",True,False,False,False,False,False,False,,,[],1,True,False,False,False,False,False,C1,no_metavar
/home/moscovin/Documents/eboss/semgrep-rules-aggregate/scrap/rb-x-graudit-semgrep/c.yaml,rb-x-graudit-semgrep,0,197,graudit-c-security-536,A3,Conjunction / Intersection,"confidence,id,languages,message,metadata,original_file,original_line,original_pattern,pattern-regex,patterns,severity,source,vulnerability_type",True,False,False,False,False,False,False,,,[],1,True,False,False,False,False,False,C1,no_metavar
/home/moscovin/Documents/eboss/semgrep-rules-aggregate/scrap/rb-x-graudit-semgrep/c.yaml,rb-x-graudit-semgrep,0,198,graudit-c-security-537,A3,Conjunction / Intersection,"confidence,id,languages,message,metadata,original_file,original_line,original_pattern,pattern-regex,patterns,severity,source,vulnerability_type",True,False,False,False,False,False,False,,,[],1,True,False,False,False,False,False,C1,no_metavar
/home/moscovin/Documents/eboss/semgrep-rules-aggregate/scrap/rb-x-graudit-semgrep/c.yaml,rb-x-graudit-semgrep,0,199,graudit-c-security-538,A3,Conjunction / Intersection,"confidence,id,languages,message,metadata,original_file,original_line,original_pattern,pattern-regex,patterns,severity,source,vulnerability_type",True,False,False,False,False,False,False,,,[],1,True,False,False,False,False,False,C1,no_metavar
/home/moscovin/Documents/eboss/semgrep-rules-aggregate/scrap/rb-x-graudit-semgrep/c.yaml,rb-x-graudit-semgrep,0,200,graudit-c-security-539,A3,Conjunction / Intersection,"confidence,id,languages,message,metadata,original_file,original_line,original_pattern,pattern-regex,patterns,severity,source,vulnerability_type",True,False,False,False,False,False,False,,,[],1,True,False,False,False,False,False,C1,no_metavar
/home/moscovin/Documents/eboss/semgrep-rules-aggregate/scrap/rb-x-graudit-semgrep/c.yaml,rb-x-graudit-semgrep,0,201,graudit-c-xss-540,A3,Conjunction / Intersection,"confidence,id,languages,message,metadata,original_file,original_line,original_pattern,pattern-regex,patterns,severity,source,vulnerability_type",True,False,False,False,False,False,False,,,[],1,True,False,False,False,False,False,C1,no_metavar
/home/moscovin/Documents/eboss/semgrep-rules-aggregate/scrap/rb-x-graudit-semgrep/c.yaml,rb-x-graudit-semgrep,0,202,graudit-c-security-541,A3,Conjunction / Intersection,"confidence,id,languages,message,metadata,original_file,original_line,original_pattern,pattern-regex,patterns,severity,source,vulnerability_type",True,False,False,False,False,False,False,,,[],1,True,False,False,False,False,False,C1,no_metavar
/home/moscovin/Documents/eboss/semgrep-rules-aggregate/scrap/rb-x-graudit-semgrep/c.yaml,rb-x-graudit-semgrep,0,203,graudit-c-security-542,A3,Conjunction / Intersection,"confidence,id,languages,message,metadata,original_file,original_line,original_pattern,pattern-regex,patterns,severity,source,vulnerability_type",True,False,False,False,False,False,False,,,[],1,True,False,False,False,False,False,C1,no_metavar
/home/moscovin/Documents/eboss/semgrep-rules-aggregate/scrap/rb-x-graudit-semgrep/c.yaml,rb-x-graudit-semgrep,0,204,graudit-c-security-543,A3,Conjunction / Intersection,"confidence,id,languages,message,metadata,original_file,original_line,original_pattern,pattern-regex,patterns,severity,source,vulnerability_type",True,False,False,False,False,False,False,,,[],1,True,False,False,False,False,False,C1,no_metavar
/home/moscovin/Documents/eboss/semgrep-rules-aggregate/scrap/rb-x-graudit-semgrep/c.yaml,rb-x-graudit-semgrep,0,205,graudit-c-security-544,A3,Conjunction / Intersection,"confidence,id,languages,message,metadata,original_file,original_line,original_pattern,pattern-regex,patterns,severity,source,vulnerability_type",True,False,False,False,False,False,False,,,[],1,True,False,False,False,False,False,C1,no_metavar
/home/moscovin/Documents/eboss/semgrep-rules-aggregate/scrap/rb-x-graudit-semgrep/c.yaml,rb-x-graudit-semgrep,0,206,graudit-c-security-545,A3,Conjunction / Intersection,"confidence,id,languages,message,metadata,original_file,original_line,original_pattern,pattern-regex,patterns,severity,source,vulnerability_type",True,False,False,False,False,False,False,,,[],1,True,False,False,False,False,False,C1,no_metavar
/home/moscovin/Documents/eboss/semgrep-rules-aggregate/scrap/rb-x-graudit-semgrep/c.yaml,rb-x-graudit-semgrep,0,207,graudit-c-security-546,A3,Conjunction / Intersection,"confidence,id,languages,message,metadata,original_file,original_line,original_pattern,pattern-regex,patterns,severity,source,vulnerability_type",True,False,False,False,False,False,False,,,[],1,True,False,False,False,False,False,C1,no_metavar
/home/moscovin/Documents/eboss/semgrep-rules-aggregate/scrap/rb-x-graudit-semgrep/c.yaml,rb-x-graudit-semgrep,0,208,graudit-c-security-547,A3,Conjunction / Intersection,"confidence,id,languages,message,metadata,original_file,original_line,original_pattern,pattern-regex,patterns,severity,source,vulnerability_type",True,False,False,False,False,False,False,,,[],1,True,False,False,False,False,False,C1,no_metavar
/home/moscovin/Documents/eboss/semgrep-rules-aggregate/scrap/rb-x-graudit-semgrep/c.yaml,rb-x-graudit-semgrep,0,209,graudit-c-security-548,A3,Conjunction / Intersection,"confidence,id,languages,message,metadata,original_file,original_line,original_pattern,pattern-regex,patterns,severity,source,vulnerability_type",True,False,False,False,False,False,False,,,[],1,True,False,False,False,False,False,C1,no_metavar
/home/moscovin/Documents/eboss/semgrep-rules-aggregate/scrap/rb-x-graudit-semgrep/c.yaml,rb-x-graudit-semgrep,0,210,graudit-c-security-549,A3,Conjunction / Intersection,"confidence,id,languages,message,metadata,original_file,original_line,original_pattern,pattern-regex,patterns,severity,source,vulnerability_type",True,False,False,False,False,False,False,,,[],1,True,False,False,False,False,False,C1,no_metavar
/home/moscovin/Documents/eboss/semgrep-rules-aggregate/scrap/rb-x-graudit-semgrep/c.yaml,rb-x-graudit-semgrep,0,211,graudit-c-security-550,A3,Conjunction / Intersection,"confidence,id,languages,message,metadata,original_file,original_line,original_pattern,pattern-regex,patterns,severity,source,vulnerability_type",True,False,False,False,False,False,False,,,[],1,True,False,False,False,False,False,C1,no_metavar
/home/moscovin/Documents/eboss/semgrep-rules-aggregate/scrap/rb-x-graudit-semgrep/c.yaml,rb-x-graudit-semgrep,0,212,graudit-c-security-551,A3,Conjunction / Intersection,"confidence,id,languages,message,metadata,original_file,original_line,original_pattern,pattern-regex,patterns,severity,source,vulnerability_type",True,False,False,False,False,False,False,,,[],1,True,False,False,False,False,False,C1,no_metavar
/home/moscovin/Documents/eboss/semgrep-rules-aggregate/scrap/rb-x-graudit-semgrep/c.yaml,rb-x-graudit-semgrep,0,213,graudit-c-security-552,A3,Conjunction / Intersection,"confidence,id,languages,message,metadata,original_file,original_line,original_pattern,pattern-regex,patterns,severity,source,vulnerability_type",True,False,False,False,False,False,False,,,[],1,True,False,False,False,False,False,C1,no_metavar
/home/moscovin/Documents/eboss/semgrep-rules-aggregate/scrap/rb-x-graudit-semgrep/c.yaml,rb-x-graudit-semgrep,0,214,graudit-c-security-553,A3,Conjunction / Intersection,"confidence,id,languages,message,metadata,original_file,original_line,original_pattern,pattern-regex,patterns,severity,source,vulnerability_type",True,False,False,False,False,False,False,,,[],1,True,False,False,False,False,False,C1,no_metavar
/home/moscovin/Documents/eboss/semgrep-rules-aggregate/scrap/rb-x-graudit-semgrep/c.yaml,rb-x-graudit-semgrep,0,215,graudit-c-security-554,A3,Conjunction / Intersection,"confidence,id,languages,message,metadata,original_file,original_line,original_pattern,pattern-regex,patterns,severity,source,vulnerability_type",True,False,False,False,False,False,False,,,[],1,True,False,False,False,False,False,C1,no_metavar
/home/moscovin/Documents/eboss/semgrep-rules-aggregate/scrap/rb-x-graudit-semgrep/c.yaml,rb-x-graudit-semgrep,0,216,graudit-c-security-555,A3,Conjunction / Intersection,"confidence,id,languages,message,metadata,original_file,original_line,original_pattern,pattern-regex,patterns,severity,source,vulnerability_type",True,False,False,False,False,False,False,,,[],1,True,False,False,False,False,False,C1,no_metavar
/home/moscovin/Documents/eboss/semgrep-rules-aggregate/scrap/rb-x-graudit-semgrep/c.yaml,rb-x-graudit-semgrep,0,217,graudit-c-security-556,A3,Conjunction / Intersection,"confidence,id,languages,message,metadata,original_file,original_line,original_pattern,pattern-regex,patterns,severity,source,vulnerability_type",True,False,False,False,False,False,False,,,[],1,True,False,False,False,False,False,C1,no_metavar
/home/moscovin/Documents/eboss/semgrep-rules-aggregate/scrap/rb-x-graudit-semgrep/c.yaml,rb-x-graudit-semgrep,0,218,graudit-c-security-557,A3,Conjunction / Intersection,"confidence,id,languages,message,metadata,original_file,original_line,original_pattern,pattern-regex,patterns,severity,source,vulnerability_type",True,False,False,False,False,False,False,,,[],1,True,False,False,False,False,False,C1,no_metavar
/home/moscovin/Documents/eboss/semgrep-rules-aggregate/scrap/rb-x-graudit-semgrep/c.yaml,rb-x-graudit-semgrep,0,219,graudit-c-security-558,A3,Conjunction / Intersection,"confidence,id,languages,message,metadata,original_file,original_line,original_pattern,pattern-regex,patterns,severity,source,vulnerability_type",True,False,False,False,False,False,False,,,[],1,True,False,False,False,False,False,C1,no_metavar
/home/moscovin/Documents/eboss/semgrep-rules-aggregate/scrap/rb-x-graudit-semgrep/c.yaml,rb-x-graudit-semgrep,0,220,graudit-c-xss-559,A3,Conjunction / Intersection,"confidence,id,languages,message,metadata,original_file,original_line,original_pattern,pattern-regex,patterns,severity,source,vulnerability_type",True,False,False,False,False,False,False,,,[],1,True,False,False,False,False,False,C1,no_metavar
/home/moscovin/Documents/eboss/semgrep-rules-aggregate/scrap/rb-x-graudit-semgrep/c.yaml,rb-x-graudit-semgrep,0,221,graudit-c-xss-560,A3,Conjunction / Intersection,"confidence,id,languages,message,metadata,original_file,original_line,original_pattern,pattern-regex,patterns,severity,source,vulnerability_type",True,False,False,False,False,False,False,,,[],1,True,False,False,False,False,False,C1,no_metavar
/home/moscovin/Documents/eboss/semgrep-rules-aggregate/scrap/rb-x-graudit-semgrep/c.yaml,rb-x-graudit-semgrep,0,222,graudit-c-security-561,A3,Conjunction / Intersection,"confidence,id,languages,message,metadata,original_file,original_line,original_pattern,pattern-regex,patterns,severity,source,vulnerability_type",True,False,False,False,False,False,False,,,[],1,True,False,False,False,False,False,C1,no_metavar
/home/moscovin/Documents/eboss/semgrep-rules-aggregate/scrap/rb-x-graudit-semgrep/c.yaml,rb-x-graudit-semgrep,0,223,graudit-c-security-562,A3,Conjunction / Intersection,"confidence,id,languages,message,metadata,original_file,original_line,original_pattern,pattern-regex,patterns,severity,source,vulnerability_type",True,False,False,False,False,False,False,,,[],1,True,False,False,False,False,False,C1,no_metavar
/home/moscovin/Documents/eboss/semgrep-rules-aggregate/scrap/rb-x-graudit-semgrep/c.yaml,rb-x-graudit-semgrep,0,224,graudit-c-security-563,A3,Conjunction / Intersection,"confidence,id,languages,message,metadata,original_file,original_line,original_pattern,pattern-regex,patterns,severity,source,vulnerability_type",True,False,False,False,False,False,False,,,[],1,True,False,False,False,False,False,C1,no_metavar
/home/moscovin/Documents/eboss/semgrep-rules-aggregate/scrap/rb-x-graudit-semgrep/c.yaml,rb-x-graudit-semgrep,0,225,graudit-c-xss-564,A3,Conjunction / Intersection,"confidence,id,languages,message,metadata,original_file,original_line,original_pattern,pattern-regex,patterns,severity,source,vulnerability_type",True,False,False,False,False,False,False,,,[],1,True,False,False,False,False,False,C1,no_metavar
/home/moscovin/Documents/eboss/semgrep-rules-aggregate/scrap/rb-x-graudit-semgrep/c.yaml,rb-x-graudit-semgrep,0,226,graudit-c-security-565,A3,Conjunction / Intersection,"confidence,id,languages,message,metadata,original_file,original_line,original_pattern,pattern-regex,patterns,severity,source,vulnerability_type",True,False,False,False,False,False,False,,,[],1,True,False,False,False,False,False,C1,no_metavar
/home/moscovin/Documents/eboss/semgrep-rules-aggregate/scrap/rb-x-graudit-semgrep/c.yaml,rb-x-graudit-semgrep,0,227,graudit-c-security-566,A3,Conjunction / Intersection,"confidence,id,languages,message,metadata,original_file,original_line,original_pattern,pattern-regex,patterns,severity,source,vulnerability_type",True,False,False,False,False,False,False,,,[],1,True,False,False,False,False,False,C1,no_metavar
/home/moscovin/Documents/eboss/semgrep-rules-aggregate/scrap/rb-x-graudit-semgrep/c.yaml,rb-x-graudit-semgrep,0,228,graudit-c-security-567,A3,Conjunction / Intersection,"confidence,id,languages,message,metadata,original_file,original_line,original_pattern,pattern-regex,patterns,severity,source,vulnerability_type",True,False,False,False,False,False,False,,,[],1,True,False,False,False,False,False,C1,no_metavar
/home/moscovin/Documents/eboss/semgrep-rules-aggregate/scrap/rb-x-graudit-semgrep/c.yaml,rb-x-graudit-semgrep,0,229,graudit-c-security-568,A3,Conjunction / Intersection,"confidence,id,languages,message,metadata,original_file,original_line,original_pattern,pattern-regex,patterns,severity,source,vulnerability_type",True,False,False,False,False,False,False,,,[],1,True,False,False,False,False,False,C1,no_metavar
/home/moscovin/Documents/eboss/semgrep-rules-aggregate/scrap/rb-x-graudit-semgrep/c.yaml,rb-x-graudit-semgrep,0,230,graudit-c-security-569,A3,Conjunction / Intersection,"confidence,id,languages,message,metadata,original_file,original_line,original_pattern,pattern-regex,patterns,severity,source,vulnerability_type",True,False,False,False,False,False,False,,,[],1,True,False,False,False,False,False,C1,no_metavar
/home/moscovin/Documents/eboss/semgrep-rules-aggregate/scrap/rb-x-graudit-semgrep/c.yaml,rb-x-graudit-semgrep,0,231,graudit-c-security-570,A3,Conjunction / Intersection,"confidence,id,languages,message,metadata,original_file,original_line,original_pattern,pattern-regex,patterns,severity,source,vulnerability_type",True,False,False,False,False,False,False,,,[],1,True,False,False,False,False,False,C1,no_metavar
/home/moscovin/Documents/eboss/semgrep-rules-aggregate/scrap/rb-x-graudit-semgrep/c.yaml,rb-x-graudit-semgrep,0,232,graudit-c-security-571,A3,Conjunction / Intersection,"confidence,id,languages,message,metadata,original_file,original_line,original_pattern,pattern-regex,patterns,severity,source,vulnerability_type",True,False,False,False,False,False,False,,,[],1,True,False,False,False,False,False,C1,no_metavar
/home/moscovin/Documents/eboss/semgrep-rules-aggregate/scrap/rb-x-graudit-semgrep/c.yaml,rb-x-graudit-semgrep,0,233,graudit-c-security-572,A3,Conjunction / Intersection,"confidence,id,languages,message,metadata,original_file,original_line,original_pattern,pattern-regex,patterns,severity,source,vulnerability_type",True,False,False,False,False,False,False,,,[],1,True,False,False,False,False,False,C1,no_metavar
/home/moscovin/Documents/eboss/semgrep-rules-aggregate/scrap/rb-x-graudit-semgrep/c.yaml,rb-x-graudit-semgrep,0,234,graudit-c-security-573,A3,Conjunction / Intersection,"confidence,id,languages,message,metadata,original_file,original_line,original_pattern,pattern-regex,patterns,severity,source,vulnerability_type",True,False,False,False,False,False,False,,,[],1,True,False,False,False,False,False,C1,no_metavar
/home/moscovin/Documents/eboss/semgrep-rules-aggregate/scrap/rb-x-graudit-semgrep/c.yaml,rb-x-graudit-semgrep,0,235,graudit-c-security-574,A3,Conjunction / Intersection,"confidence,id,languages,message,metadata,original_file,original_line,original_pattern,pattern-regex,patterns,severity,source,vulnerability_type",True,False,False,False,False,False,False,,,[],1,True,False,False,False,False,False,C1,no_metavar
/home/moscovin/Documents/eboss/semgrep-rules-aggregate/scrap/rb-x-graudit-semgrep/c.yaml,rb-x-graudit-semgrep,0,236,graudit-c-security-575,A3,Conjunction / Intersection,"confidence,id,languages,message,metadata,original_file,original_line,original_pattern,pattern-regex,patterns,severity,source,vulnerability_type",True,False,False,False,False,False,False,,,[],1,True,False,False,False,False,False,C1,no_metavar
/home/moscovin/Documents/eboss/semgrep-rules-aggregate/scrap/rb-x-graudit-semgrep/c.yaml,rb-x-graudit-semgrep,0,237,graudit-c-security-576,A3,Conjunction / Intersection,"confidence,id,languages,message,metadata,original_file,original_line,original_pattern,pattern-regex,patterns,severity,source,vulnerability_type",True,False,False,False,False,False,False,,,[],1,True,False,False,False,False,False,C1,no_metavar
/home/moscovin/Documents/eboss/semgrep-rules-aggregate/scrap/rb-x-graudit-semgrep/c.yaml,rb-x-graudit-semgrep,0,238,graudit-c-security-577,A3,Conjunction / Intersection,"confidence,id,languages,message,metadata,original_file,original_line,original_pattern,pattern-regex,patterns,severity,source,vulnerability_type",True,False,False,False,False,False,False,,,[],1,True,False,False,False,False,False,C1,no_metavar
/home/moscovin/Documents/eboss/semgrep-rules-aggregate/scrap/rb-x-graudit-semgrep/c.yaml,rb-x-graudit-semgrep,0,239,graudit-c-security-578,A3,Conjunction / Intersection,"confidence,id,languages,message,metadata,original_file,original_line,original_pattern,pattern-regex,patterns,severity,source,vulnerability_type",True,False,False,False,False,False,False,,,[],1,True,False,False,False,False,False,C1,no_metavar
/home/moscovin/Documents/eboss/semgrep-rules-aggregate/scrap/rb-x-graudit-semgrep/c.yaml,rb-x-graudit-semgrep,0,240,graudit-c-security-579,A3,Conjunction / Intersection,"confidence,id,languages,message,metadata,original_file,original_line,original_pattern,pattern-regex,patterns,severity,source,vulnerability_type",True,False,False,False,False,False,False,,,[],1,True,False,False,False,False,False,C1,no_metavar
/home/moscovin/Documents/eboss/semgrep-rules-aggregate/scrap/rb-x-graudit-semgrep/c.yaml,rb-x-graudit-semgrep,0,241,graudit-c-security-580,A3,Conjunction / Intersection,"confidence,id,languages,message,metadata,original_file,original_line,original_pattern,pattern-regex,patterns,severity,source,vulnerability_type",True,False,False,False,False,False,False,,,[],1,True,False,False,False,False,False,C1,no_metavar
/home/moscovin/Documents/eboss/semgrep-rules-aggregate/scrap/rb-x-graudit-semgrep/c.yaml,rb-x-graudit-semgrep,0,242,graudit-c-security-581,A3,Conjunction / Intersection,"confidence,id,languages,message,metadata,original_file,original_line,original_pattern,pattern-regex,patterns,severity,source,vulnerability_type",True,False,False,False,False,False,False,,,[],1,True,False,False,False,False,False,C1,no_metavar
/home/moscovin/Documents/eboss/semgrep-rules-aggregate/scrap/rb-x-graudit-semgrep/c.yaml,rb-x-graudit-semgrep,0,243,graudit-c-security-582,A3,Conjunction / Intersection,"confidence,id,languages,message,metadata,original_file,original_line,original_pattern,pattern-regex,patterns,severity,source,vulnerability_type",True,False,False,False,False,False,False,,,[],1,True,False,False,False,False,False,C1,no_metavar
/home/moscovin/Documents/eboss/semgrep-rules-aggregate/scrap/rb-x-graudit-semgrep/c.yaml,rb-x-graudit-semgrep,0,244,graudit-c-security-583,A3,Conjunction / Intersection,"confidence,id,languages,message,metadata,original_file,original_line,original_pattern,pattern-regex,patterns,severity,source,vulnerability_type",True,False,False,False,False,False,False,,,[],1,True,False,False,False,False,False,C1,no_metavar
/home/moscovin/Documents/eboss/semgrep-rules-aggregate/scrap/rb-x-graudit-semgrep/c.yaml,rb-x-graudit-semgrep,0,245,graudit-c-security-584,A3,Conjunction / Intersection,"confidence,id,languages,message,metadata,original_file,original_line,original_pattern,pattern-regex,patterns,severity,source,vulnerability_type",True,False,False,False,False,False,False,,,[],1,True,False,False,False,False,False,C1,no_metavar
/home/moscovin/Documents/eboss/semgrep-rules-aggregate/scrap/rb-x-graudit-semgrep/c.yaml,rb-x-graudit-semgrep,0,246,graudit-c-security-585,A3,Conjunction / Intersection,"confidence,id,languages,message,metadata,original_file,original_line,original_pattern,pattern-regex,patterns,severity,source,vulnerability_type",True,False,False,False,False,False,False,,,[],1,True,False,False,False,False,False,C1,no_metavar
/home/moscovin/Documents/eboss/semgrep-rules-aggregate/scrap/rb-x-graudit-semgrep/c.yaml,rb-x-graudit-semgrep,0,247,graudit-c-security-586,A3,Conjunction / Intersection,"confidence,id,languages,message,metadata,original_file,original_line,original_pattern,pattern-regex,patterns,severity,source,vulnerability_type",True,False,False,False,False,False,False,,,[],1,True,False,False,False,False,False,C1,no_metavar
/home/moscovin/Documents/eboss/semgrep-rules-aggregate/scrap/rb-x-graudit-semgrep/c.yaml,rb-x-graudit-semgrep,0,248,graudit-c-security-587,A3,Conjunction / Intersection,"confidence,id,languages,message,metadata,original_file,original_line,original_pattern,pattern-regex,patterns,severity,source,vulnerability_type",True,False,False,False,False,False,False,,,[],1,True,False,False,False,False,False,C1,no_metavar
/home/moscovin/Documents/eboss/semgrep-rules-aggregate/scrap/rb-x-graudit-semgrep/c.yaml,rb-x-graudit-semgrep,0,249,graudit-c-security-588,A3,Conjunction / Intersection,"confidence,id,languages,message,metadata,original_file,original_line,original_pattern,pattern-regex,patterns,severity,source,vulnerability_type",True,False,False,False,False,False,False,,,[],1,True,False,False,False,False,False,C1,no_metavar
/home/moscovin/Documents/eboss/semgrep-rules-aggregate/scrap/rb-x-graudit-semgrep/c.yaml,rb-x-graudit-semgrep,0,250,graudit-c-security-589,A3,Conjunction / Intersection,"confidence,id,languages,message,metadata,original_file,original_line,original_pattern,pattern-regex,patterns,severity,source,vulnerability_type",True,False,False,False,False,False,False,,,[],1,True,False,False,False,False,False,C1,no_metavar
/home/moscovin/Documents/eboss/semgrep-rules-aggregate/scrap/rb-x-graudit-semgrep/c.yaml,rb-x-graudit-semgrep,0,251,graudit-c-security-590,A3,Conjunction / Intersection,"confidence,id,languages,message,metadata,original_file,original_line,original_pattern,pattern-regex,patterns,severity,source,vulnerability_type",True,False,False,False,False,False,False,,,[],1,True,False,False,False,False,False,C1,no_metavar
/home/moscovin/Documents/eboss/semgrep-rules-aggregate/scrap/rb-x-graudit-semgrep/c.yaml,rb-x-graudit-semgrep,0,252,graudit-c-security-591,A3,Conjunction / Intersection,"confidence,id,languages,message,metadata,original_file,original_line,original_pattern,pattern-regex,patterns,severity,source,vulnerability_type",True,False,False,False,False,False,False,,,[],1,True,False,False,False,False,False,C1,no_metavar
/home/moscovin/Documents/eboss/semgrep-rules-aggregate/scrap/rb-x-graudit-semgrep/c.yaml,rb-x-graudit-semgrep,0,253,graudit-c-security-593,A3,Conjunction / Intersection,"confidence,id,languages,message,metadata,original_file,original_line,original_pattern,pattern-regex,patterns,severity,source,vulnerability_type",True,False,False,False,False,False,False,,,[],1,True,False,False,False,False,False,C1,no_metavar
/home/moscovin/Documents/eboss/semgrep-rules-aggregate/scrap/rb-x-graudit-semgrep/c.yaml,rb-x-graudit-semgrep,0,254,graudit-c-security-594,A3,Conjunction / Intersection,"confidence,id,languages,message,metadata,original_file,original_line,original_pattern,pattern-regex,patterns,severity,source,vulnerability_type",True,False,False,False,False,False,False,,,[],1,True,False,False,False,False,False,C1,no_metavar
/home/moscovin/Documents/eboss/semgrep-rules-aggregate/scrap/rb-x-graudit-semgrep/c.yaml,rb-x-graudit-semgrep,0,255,graudit-c-security-595,A3,Conjunction / Intersection,"confidence,id,languages,message,metadata,original_file,original_line,original_pattern,pattern-regex,patterns,severity,source,vulnerability_type",True,False,False,False,False,False,False,,,[],1,True,False,False,False,False,False,C1,no_metavar
/home/moscovin/Documents/eboss/semgrep-rules-aggregate/scrap/rb-x-graudit-semgrep/c.yaml,rb-x-graudit-semgrep,0,256,graudit-c-security-596,A3,Conjunction / Intersection,"confidence,id,languages,message,metadata,original_file,original_line,original_pattern,pattern-regex,patterns,severity,source,vulnerability_type",True,False,False,False,False,False,False,,,[],1,True,False,False,False,False,False,C1,no_metavar
/home/moscovin/Documents/eboss/semgrep-rules-aggregate/scrap/rb-x-graudit-semgrep/c.yaml,rb-x-graudit-semgrep,0,257,graudit-c-security-597,A3,Conjunction / Intersection,"confidence,id,languages,message,metadata,original_file,original_line,original_pattern,pattern-regex,patterns,severity,source,vulnerability_type",True,False,False,False,False,False,False,,,[],1,True,False,False,False,False,False,C1,no_metavar
/home/moscovin/Documents/eboss/semgrep-rules-aggregate/scrap/rb-x-graudit-semgrep/c.yaml,rb-x-graudit-semgrep,0,258,graudit-c-security-598,A3,Conjunction / Intersection,"confidence,id,languages,message,metadata,original_file,original_line,original_pattern,pattern-regex,patterns,severity,source,vulnerability_type",True,False,False,False,False,False,False,,,[],1,True,False,False,False,False,False,C1,no_metavar
/home/moscovin/Documents/eboss/semgrep-rules-aggregate/scrap/rb-x-graudit-semgrep/c.yaml,rb-x-graudit-semgrep,0,259,graudit-c-security-599,A3,Conjunction / Intersection,"confidence,id,languages,message,metadata,original_file,original_line,original_pattern,pattern-regex,patterns,severity,source,vulnerability_type",True,False,False,False,False,False,False,,,[],1,True,False,False,False,False,False,C1,no_metavar
/home/moscovin/Documents/eboss/semgrep-rules-aggregate/scrap/rb-x-graudit-semgrep/c.yaml,rb-x-graudit-semgrep,0,260,graudit-c-sqli-600,A3,Conjunction / Intersection,"confidence,id,languages,message,metadata,original_file,original_line,original_pattern,pattern-regex,patterns,severity,source,vulnerability_type",True,False,False,False,False,False,False,,,[],1,True,False,False,False,False,False,C1,no_metavar
/home/moscovin/Documents/eboss/semgrep-rules-aggregate/scrap/rb-x-graudit-semgrep/c.yaml,rb-x-graudit-semgrep,0,261,graudit-c-jwt-601,A3,Conjunction / Intersection,"confidence,id,languages,message,metadata,original_file,original_line,original_pattern,pattern-regex,patterns,severity,source,vulnerability_type",True,False,False,False,False,False,False,,,[],1,True,False,False,False,False,False,C1,no_metavar
/home/moscovin/Documents/eboss/semgrep-rules-aggregate/scrap/rb-x-graudit-semgrep/c.yaml,rb-x-graudit-semgrep,0,262,graudit-c-security-602,A3,Conjunction / Intersection,"confidence,id,languages,message,metadata,original_file,original_line,original_pattern,pattern-regex,patterns,severity,source,vulnerability_type",True,False,False,False,False,False,False,,,[],1,True,False,False,False,False,False,C1,no_metavar
/home/moscovin/Documents/eboss/semgrep-rules-aggregate/scrap/rb-x-graudit-semgrep/c.yaml,rb-x-graudit-semgrep,0,263,graudit-c-security-603,A3,Conjunction / Intersection,"confidence,id,languages,message,metadata,original_file,original_line,original_pattern,pattern-regex,patterns,severity,source,vulnerability_type",True,False,False,False,False,False,False,,,[],1,True,False,False,False,False,False,C1,no_metavar
/home/moscovin/Documents/eboss/semgrep-rules-aggregate/scrap/rb-x-graudit-semgrep/c.yaml,rb-x-graudit-semgrep,0,264,graudit-c-security-604,A3,Conjunction / Intersection,"confidence,id,languages,message,metadata,original_file,original_line,original_pattern,pattern-regex,patterns,severity,source,vulnerability_type",True,False,False,False,False,False,False,,,[],1,True,False,False,False,False,False,C1,no_metavar
/home/moscovin/Documents/eboss/semgrep-rules-aggregate/scrap/rb-x-graudit-semgrep/c.yaml,rb-x-graudit-semgrep,0,265,graudit-c-security-605,A3,Conjunction / Intersection,"confidence,id,languages,message,metadata,original_file,original_line,original_pattern,pattern-regex,patterns,severity,source,vulnerability_type",True,False,False,False,False,False,False,,,[],1,True,False,False,False,False,False,C1,no_metavar
/home/moscovin/Documents/eboss/semgrep-rules-aggregate/scrap/rb-x-graudit-semgrep/c.yaml,rb-x-graudit-semgrep,0,266,graudit-c-security-606,A3,Conjunction / Intersection,"confidence,id,languages,message,metadata,original_file,original_line,original_pattern,pattern-regex,patterns,severity,source,vulnerability_type",True,False,False,False,False,False,False,,,[],1,True,False,False,False,False,False,C1,no_metavar
/home/moscovin/Documents/eboss/semgrep-rules-aggregate/scrap/rb-x-graudit-semgrep/c.yaml,rb-x-graudit-semgrep,0,267,graudit-c-xss-607,A3,Conjunction / Intersection,"confidence,id,languages,message,metadata,original_file,original_line,original_pattern,pattern-regex,patterns,severity,source,vulnerability_type",True,False,False,False,False,False,False,,,[],1,True,False,False,False,False,False,C1,no_metavar
/home/moscovin/Documents/eboss/semgrep-rules-aggregate/scrap/rb-x-graudit-semgrep/c.yaml,rb-x-graudit-semgrep,0,268,graudit-c-xss-608,A3,Conjunction / Intersection,"confidence,id,languages,message,metadata,original_file,original_line,original_pattern,pattern-regex,patterns,severity,source,vulnerability_type",True,False,False,False,False,False,False,,,[],1,True,False,False,False,False,False,C1,no_metavar
/home/moscovin/Documents/eboss/semgrep-rules-aggregate/scrap/rb-x-graudit-semgrep/c.yaml,rb-x-graudit-semgrep,0,269,graudit-c-xss-609,A3,Conjunction / Intersection,"confidence,id,languages,message,metadata,original_file,original_line,original_pattern,pattern-regex,patterns,severity,source,vulnerability_type",True,False,False,False,False,False,False,,,[],1,True,False,False,False,False,False,C1,no_metavar
/home/moscovin/Documents/eboss/semgrep-rules-aggregate/scrap/rb-x-graudit-semgrep/c.yaml,rb-x-graudit-semgrep,0,270,graudit-c-xss-610,A3,Conjunction / Intersection,"confidence,id,languages,message,metadata,original_file,original_line,original_pattern,pattern-regex,patterns,severity,source,vulnerability_type",True,False,False,False,False,False,False,,,[],1,True,False,False,False,False,False,C1,no_metavar
/home/moscovin/Documents/eboss/semgrep-rules-aggregate/scrap/rb-x-graudit-semgrep/c.yaml,rb-x-graudit-semgrep,0,271,graudit-c-xss-611,A3,Conjunction / Intersection,"confidence,id,languages,message,metadata,original_file,original_line,original_pattern,pattern-regex,patterns,severity,source,vulnerability_type",True,False,False,False,False,False,False,,,[],1,True,False,False,False,False,False,C1,no_metavar
/home/moscovin/Documents/eboss/semgrep-rules-aggregate/scrap/rb-x-graudit-semgrep/c.yaml,rb-x-graudit-semgrep,0,272,graudit-c-xss-612,A3,Conjunction / Intersection,"confidence,id,languages,message,metadata,original_file,original_line,original_pattern,pattern-regex,patterns,severity,source,vulnerability_type",True,False,False,False,False,False,False,,,[],1,True,False,False,False,False,False,C1,no_metavar
/home/moscovin/Documents/eboss/semgrep-rules-aggregate/scrap/rb-x-graudit-semgrep/c.yaml,rb-x-graudit-semgrep,0,273,graudit-c-xss-613,A3,Conjunction / Intersection,"confidence,id,languages,message,metadata,original_file,original_line,original_pattern,pattern-regex,patterns,severity,source,vulnerability_type",True,False,False,False,False,False,False,,,[],1,True,False,False,False,False,False,C1,no_metavar
/home/moscovin/Documents/eboss/semgrep-rules-aggregate/scrap/rb-x-graudit-semgrep/c.yaml,rb-x-graudit-semgrep,0,274,graudit-c-security-614,A3,Conjunction / Intersection,"confidence,id,languages,message,metadata,original_file,original_line,original_pattern,pattern-regex,patterns,severity,source,vulnerability_type",True,False,False,False,False,False,False,,,[],1,True,False,False,False,False,False,C1,no_metavar
/home/moscovin/Documents/eboss/semgrep-rules-aggregate/scrap/rb-x-graudit-semgrep/c.yaml,rb-x-graudit-semgrep,0,275,graudit-c-security-615,A3,Conjunction / Intersection,"confidence,id,languages,message,metadata,original_file,original_line,original_pattern,pattern-regex,patterns,severity,source,vulnerability_type",True,False,False,False,False,False,False,,,[],1,True,False,False,False,False,False,C1,no_metavar
/home/moscovin/Documents/eboss/semgrep-rules-aggregate/scrap/rb-x-graudit-semgrep/c.yaml,rb-x-graudit-semgrep,0,276,graudit-c-security-616,A3,Conjunction / Intersection,"confidence,id,languages,message,metadata,original_file,original_line,original_pattern,pattern-regex,patterns,severity,source,vulnerability_type",True,False,False,False,False,False,False,,,[],1,True,False,False,False,False,False,C1,no_metavar
/home/moscovin/Documents/eboss/semgrep-rules-aggregate/scrap/rb-x-graudit-semgrep/c.yaml,rb-x-graudit-semgrep,0,277,graudit-c-security-617,A3,Conjunction / Intersection,"confidence,id,languages,message,metadata,original_file,original_line,original_pattern,pattern-regex,patterns,severity,source,vulnerability_type",True,False,False,False,False,False,False,,,[],1,True,False,False,False,False,False,C1,no_metavar
/home/moscovin/Documents/eboss/semgrep-rules-aggregate/scrap/rb-x-graudit-semgrep/c.yaml,rb-x-graudit-semgrep,0,278,graudit-c-security-618,A3,Conjunction / Intersection,"confidence,id,languages,message,metadata,original_file,original_line,original_pattern,pattern-regex,patterns,severity,source,vulnerability_type",True,False,False,False,False,False,False,,,[],1,True,False,False,False,False,False,C1,no_metavar
/home/moscovin/Documents/eboss/semgrep-rules-aggregate/scrap/rb-x-graudit-semgrep/c.yaml,rb-x-graudit-semgrep,0,279,graudit-c-security-619,A3,Conjunction / Intersection,"confidence,id,languages,message,metadata,original_file,original_line,original_pattern,pattern-regex,patterns,severity,source,vulnerability_type",True,False,False,False,False,False,False,,,[],1,True,False,False,False,False,False,C1,no_metavar
/home/moscovin/Documents/eboss/semgrep-rules-aggregate/scrap/rb-x-graudit-semgrep/c.yaml,rb-x-graudit-semgrep,0,280,graudit-c-security-620,A3,Conjunction / Intersection,"confidence,id,languages,message,metadata,original_file,original_line,original_pattern,pattern-regex,patterns,severity,source,vulnerability_type",True,False,False,False,False,False,False,,,[],1,True,False,False,False,False,False,C1,no_metavar
/home/moscovin/Documents/eboss/semgrep-rules-aggregate/scrap/rb-x-graudit-semgrep/c.yaml,rb-x-graudit-semgrep,0,281,graudit-c-xss-621,A3,Conjunction / Intersection,"confidence,id,languages,message,metadata,original_file,original_line,original_pattern,pattern-regex,patterns,severity,source,vulnerability_type",True,False,False,False,False,False,False,,,[],1,True,False,False,False,False,False,C1,no_metavar
/home/moscovin/Documents/eboss/semgrep-rules-aggregate/scrap/rb-x-graudit-semgrep/c.yaml,rb-x-graudit-semgrep,0,282,graudit-c-xss-622,A3,Conjunction / Intersection,"confidence,id,languages,message,metadata,original_file,original_line,original_pattern,pattern-regex,patterns,severity,source,vulnerability_type",True,False,False,False,False,False,False,,,[],1,True,False,False,False,False,False,C1,no_metavar
/home/moscovin/Documents/eboss/semgrep-rules-aggregate/scrap/rb-x-graudit-semgrep/c.yaml,rb-x-graudit-semgrep,0,283,graudit-c-xss-623,A3,Conjunction / Intersection,"confidence,id,languages,message,metadata,original_file,original_line,original_pattern,pattern-regex,patterns,severity,source,vulnerability_type",True,False,False,False,False,False,False,,,[],1,True,False,False,False,False,False,C1,no_metavar
/home/moscovin/Documents/eboss/semgrep-rules-aggregate/scrap/rb-x-graudit-semgrep/c.yaml,rb-x-graudit-semgrep,0,284,graudit-c-xss-624,A3,Conjunction / Intersection,"confidence,id,languages,message,metadata,original_file,original_line,original_pattern,pattern-regex,patterns,severity,source,vulnerability_type",True,False,False,False,False,False,False,,,[],1,True,False,False,False,False,False,C1,no_metavar
/home/moscovin/Documents/eboss/semgrep-rules-aggregate/scrap/rb-x-graudit-semgrep/c.yaml,rb-x-graudit-semgrep,0,285,graudit-c-xss-625,A3,Conjunction / Intersection,"confidence,id,languages,message,metadata,original_file,original_line,original_pattern,pattern-regex,patterns,severity,source,vulnerability_type",True,False,False,False,False,False,False,,,[],1,True,False,False,False,False,False,C1,no_metavar
/home/moscovin/Documents/eboss/semgrep-rules-aggregate/scrap/rb-x-graudit-semgrep/c.yaml,rb-x-graudit-semgrep,0,286,graudit-c-xss-626,A3,Conjunction / Intersection,"confidence,id,languages,message,metadata,original_file,original_line,original_pattern,pattern-regex,patterns,severity,source,vulnerability_type",True,False,False,False,False,False,False,,,[],1,True,False,False,False,False,False,C1,no_metavar
/home/moscovin/Documents/eboss/semgrep-rules-aggregate/scrap/rb-x-graudit-semgrep/c.yaml,rb-x-graudit-semgrep,0,287,graudit-c-security-627,A3,Conjunction / Intersection,"confidence,id,languages,message,metadata,original_file,original_line,original_pattern,pattern-regex,patterns,severity,source,vulnerability_type",True,False,False,False,False,False,False,,,[],1,True,False,False,False,False,False,C1,no_metavar
/home/moscovin/Documents/eboss/semgrep-rules-aggregate/scrap/rb-x-graudit-semgrep/c.yaml,rb-x-graudit-semgrep,0,288,graudit-c-security-628,A3,Conjunction / Intersection,"confidence,id,languages,message,metadata,original_file,original_line,original_pattern,pattern-regex,patterns,severity,source,vulnerability_type",True,False,False,False,False,False,False,,,[],1,True,False,False,False,False,False,C1,no_metavar
/home/moscovin/Documents/eboss/semgrep-rules-aggregate/scrap/rb-x-graudit-semgrep/c.yaml,rb-x-graudit-semgrep,0,289,graudit-c-security-629,A3,Conjunction / Intersection,"confidence,id,languages,message,metadata,original_file,original_line,original_pattern,pattern-regex,patterns,severity,source,vulnerability_type",True,False,False,False,False,False,False,,,[],1,True,False,False,False,False,False,C1,no_metavar
/home/moscovin/Documents/eboss/semgrep-rules-aggregate/scrap/rb-x-graudit-semgrep/c.yaml,rb-x-graudit-semgrep,0,290,graudit-c-security-630,A3,Conjunction / Intersection,"confidence,id,languages,message,metadata,original_file,original_line,original_pattern,pattern-regex,patterns,severity,source,vulnerability_type",True,False,False,False,False,False,False,,,[],1,True,False,False,False,False,False,C1,no_metavar
/home/moscovin/Documents/eboss/semgrep-rules-aggregate/scrap/rb-x-graudit-semgrep/c.yaml,rb-x-graudit-semgrep,0,291,graudit-c-security-631,A3,Conjunction / Intersection,"confidence,id,languages,message,metadata,original_file,original_line,original_pattern,pattern-regex,patterns,severity,source,vulnerability_type",True,False,False,False,False,False,False,,,[],1,True,False,False,False,False,False,C1,no_metavar
/home/moscovin/Documents/eboss/semgrep-rules-aggregate/scrap/rb-x-graudit-semgrep/c.yaml,rb-x-graudit-semgrep,0,292,graudit-c-security-632,A3,Conjunction / Intersection,"confidence,id,languages,message,metadata,original_file,original_line,original_pattern,pattern-regex,patterns,severity,source,vulnerability_type",True,False,False,False,False,False,False,,,[],1,True,False,False,False,False,False,C1,no_metavar
/home/moscovin/Documents/eboss/semgrep-rules-aggregate/scrap/rb-x-graudit-semgrep/c.yaml,rb-x-graudit-semgrep,0,293,graudit-c-security-633,A3,Conjunction / Intersection,"confidence,id,languages,message,metadata,original_file,original_line,original_pattern,pattern-regex,patterns,severity,source,vulnerability_type",True,False,False,False,False,False,False,,,[],1,True,False,False,False,False,False,C1,no_metavar
/home/moscovin/Documents/eboss/semgrep-rules-aggregate/scrap/rb-x-graudit-semgrep/c.yaml,rb-x-graudit-semgrep,0,294,graudit-c-security-634,A3,Conjunction / Intersection,"confidence,id,languages,message,metadata,original_file,original_line,original_pattern,pattern-regex,patterns,severity,source,vulnerability_type",True,False,False,False,False,False,False,,,[],1,True,False,False,False,False,False,C1,no_metavar
/home/moscovin/Documents/eboss/semgrep-rules-aggregate/scrap/rb-x-graudit-semgrep/c.yaml,rb-x-graudit-semgrep,0,295,graudit-c-xss-635,A3,Conjunction / Intersection,"confidence,id,languages,message,metadata,original_file,original_line,original_pattern,pattern-regex,patterns,severity,source,vulnerability_type",True,False,False,False,False,False,False,,,[],1,True,False,False,False,False,False,C1,no_metavar
/home/moscovin/Documents/eboss/semgrep-rules-aggregate/scrap/rb-x-graudit-semgrep/c.yaml,rb-x-graudit-semgrep,0,296,graudit-c-security-636,A3,Conjunction / Intersection,"confidence,id,languages,message,metadata,original_file,original_line,original_pattern,pattern-regex,patterns,severity,source,vulnerability_type",True,False,False,False,False,False,False,,,[],1,True,False,False,False,False,False,C1,no_metavar
/home/moscovin/Documents/eboss/semgrep-rules-aggregate/scrap/rb-x-graudit-semgrep/c.yaml,rb-x-graudit-semgrep,0,297,graudit-c-security-637,A3,Conjunction / Intersection,"confidence,id,languages,message,metadata,original_file,original_line,original_pattern,pattern-regex,patterns,severity,source,vulnerability_type",True,False,False,False,False,False,False,,,[],1,True,False,False,False,False,False,C1,no_metavar
/home/moscovin/Documents/eboss/semgrep-rules-aggregate/scrap/rb-x-graudit-semgrep/c.yaml,rb-x-graudit-semgrep,0,298,graudit-c-security-638,A3,Conjunction / Intersection,"confidence,id,languages,message,metadata,original_file,original_line,original_pattern,pattern-regex,patterns,severity,source,vulnerability_type",True,False,False,False,False,False,False,,,[],1,True,False,False,False,False,False,C1,no_metavar
/home/moscovin/Documents/eboss/semgrep-rules-aggregate/scrap/rb-x-graudit-semgrep/c.yaml,rb-x-graudit-semgrep,0,299,graudit-c-security-639,A3,Conjunction / Intersection,"confidence,id,languages,message,metadata,original_file,original_line,original_pattern,pattern-regex,patterns,severity,source,vulnerability_type",True,False,False,False,False,False,False,,,[],1,True,False,False,False,False,False,C1,no_metavar
/home/moscovin/Documents/eboss/semgrep-rules-aggregate/scrap/rb-x-graudit-semgrep/dotnet.yaml,rb-x-graudit-semgrep,0,0,graudit-dotnet-xss-749,A3,Conjunction / Intersection,"confidence,id,languages,message,metadata,original_file,original_line,original_pattern,pattern-regex,patterns,severity,source,vulnerability_type",True,False,False,False,False,False,False,,,[],1,True,False,False,False,False,False,C1,no_metavar
/home/moscovin/Documents/eboss/semgrep-rules-aggregate/scrap/rb-x-graudit-semgrep/exec.yaml,rb-x-graudit-semgrep,0,0,graudit-exec-rce-1832,A3,Conjunction / Intersection,"confidence,id,languages,message,metadata,original_file,original_line,original_pattern,pattern-regex,patterns,severity,source,vulnerability_type",True,False,False,False,False,False,False,,,[],1,True,False,False,False,False,False,C1,no_metavar
/home/moscovin/Documents/eboss/semgrep-rules-aggregate/scrap/rb-x-graudit-semgrep/exec.yaml,rb-x-graudit-semgrep,0,1,graudit-exec-rce-1833,A3,Conjunction / Intersection,"confidence,id,languages,message,metadata,original_file,original_line,original_pattern,pattern-regex,patterns,severity,source,vulnerability_type",True,False,False,False,False,False,False,,,[],1,True,False,False,False,False,False,C1,no_metavar
/home/moscovin/Documents/eboss/semgrep-rules-aggregate/scrap/rb-x-graudit-semgrep/exec.yaml,rb-x-graudit-semgrep,0,2,graudit-exec-rce-1834,A3,Conjunction / Intersection,"confidence,id,languages,message,metadata,original_file,original_line,original_pattern,pattern-regex,patterns,severity,source,vulnerability_type",True,False,False,False,False,False,False,,,[],1,True,False,False,False,False,False,C1,no_metavar
/home/moscovin/Documents/eboss/semgrep-rules-aggregate/scrap/rb-x-graudit-semgrep/exec.yaml,rb-x-graudit-semgrep,0,3,graudit-exec-rce-1835,A3,Conjunction / Intersection,"confidence,id,languages,message,metadata,original_file,original_line,original_pattern,pattern-regex,patterns,severity,source,vulnerability_type",True,False,False,False,False,False,False,,,[],1,True,False,False,False,False,False,C1,no_metavar
/home/moscovin/Documents/eboss/semgrep-rules-aggregate/scrap/rb-x-graudit-semgrep/exec.yaml,rb-x-graudit-semgrep,0,4,graudit-exec-rce-1836,A3,Conjunction / Intersection,"confidence,id,languages,message,metadata,original_file,original_line,original_pattern,pattern-regex,patterns,severity,source,vulnerability_type",True,False,False,False,False,False,False,,,[],1,True,False,False,False,False,False,C1,no_metavar
/home/moscovin/Documents/eboss/semgrep-rules-aggregate/scrap/rb-x-graudit-semgrep/exec.yaml,rb-x-graudit-semgrep,0,5,graudit-exec-rce-1837,A3,Conjunction / Intersection,"confidence,id,languages,message,metadata,original_file,original_line,original_pattern,pattern-regex,patterns,severity,source,vulnerability_type",True,False,False,False,False,False,False,,,[],1,True,False,False,False,False,False,C1,no_metavar
/home/moscovin/Documents/eboss/semgrep-rules-aggregate/scrap/rb-x-graudit-semgrep/exec.yaml,rb-x-graudit-semgrep,0,6,graudit-exec-rce-1838,A3,Conjunction / Intersection,"confidence,id,languages,message,metadata,original_file,original_line,original_pattern,pattern-regex,patterns,severity,source,vulnerability_type",True,False,False,False,False,False,False,,,[],1,True,False,False,False,False,False,C1,no_metavar
/home/moscovin/Documents/eboss/semgrep-rules-aggregate/scrap/rb-x-graudit-semgrep/exec.yaml,rb-x-graudit-semgrep,0,7,graudit-exec-rce-1839,A3,Conjunction / Intersection,"confidence,id,languages,message,metadata,original_file,original_line,original_pattern,pattern-regex,patterns,severity,source,vulnerability_type",True,False,False,False,False,False,False,,,[],1,True,False,False,False,False,False,C1,no_metavar
/home/moscovin/Documents/eboss/semgrep-rules-aggregate/scrap/rb-x-graudit-semgrep/exec.yaml,rb-x-graudit-semgrep,0,8,graudit-exec-rce-1840,A3,Conjunction / Intersection,"confidence,id,languages,message,metadata,original_file,original_line,original_pattern,pattern-regex,patterns,severity,source,vulnerability_type",True,False,False,False,False,False,False,,,[],1,True,False,False,False,False,False,C1,no_metavar
/home/moscovin/Documents/eboss/semgrep-rules-aggregate/scrap/rb-x-graudit-semgrep/exec.yaml,rb-x-graudit-semgrep,0,9,graudit-exec-rce-1841,A3,Conjunction / Intersection,"confidence,id,languages,message,metadata,original_file,original_line,original_pattern,pattern-regex,patterns,severity,source,vulnerability_type",True,False,False,False,False,False,False,,,[],1,True,False,False,False,False,False,C1,no_metavar
/home/moscovin/Documents/eboss/semgrep-rules-aggregate/scrap/rb-x-graudit-semgrep/exec.yaml,rb-x-graudit-semgrep,0,10,graudit-exec-rce-1842,A3,Conjunction / Intersection,"confidence,id,languages,message,metadata,original_file,original_line,original_pattern,pattern-regex,patterns,severity,source,vulnerability_type",True,False,False,False,False,False,False,,,[],1,True,False,False,False,False,False,C1,no_metavar
/home/moscovin/Documents/eboss/semgrep-rules-aggregate/scrap/rb-x-graudit-semgrep/exec.yaml,rb-x-graudit-semgrep,0,11,graudit-exec-rce-1843,A3,Conjunction / Intersection,"confidence,id,languages,message,metadata,original_file,original_line,original_pattern,pattern-regex,patterns,severity,source,vulnerability_type",True,False,False,False,False,False,False,,,[],1,True,False,False,False,False,False,C1,no_metavar
/home/moscovin/Documents/eboss/semgrep-rules-aggregate/scrap/rb-x-graudit-semgrep/exec.yaml,rb-x-graudit-semgrep,0,12,graudit-exec-rce-1844,A3,Conjunction / Intersection,"confidence,id,languages,message,metadata,original_file,original_line,original_pattern,pattern-regex,patterns,severity,source,vulnerability_type",True,False,False,False,False,False,False,,,[],1,True,False,False,False,False,False,C1,no_metavar
/home/moscovin/Documents/eboss/semgrep-rules-aggregate/scrap/rb-x-graudit-semgrep/exec.yaml,rb-x-graudit-semgrep,0,13,graudit-exec-rce-1845,A3,Conjunction / Intersection,"confidence,id,languages,message,metadata,original_file,original_line,original_pattern,pattern-regex,patterns,severity,source,vulnerability_type",True,False,False,False,False,False,False,,,[],1,True,False,False,False,False,False,C1,no_metavar
/home/moscovin/Documents/eboss/semgrep-rules-aggregate/scrap/rb-x-graudit-semgrep/exec.yaml,rb-x-graudit-semgrep,0,14,graudit-exec-rce-1846,A3,Conjunction / Intersection,"confidence,id,languages,message,metadata,original_file,original_line,original_pattern,pattern-regex,patterns,severity,source,vulnerability_type",True,False,False,False,False,False,False,,,[],1,True,False,False,False,False,False,C1,no_metavar
/home/moscovin/Documents/eboss/semgrep-rules-aggregate/scrap/rb-x-graudit-semgrep/exec.yaml,rb-x-graudit-semgrep,0,15,graudit-exec-rce-1847,A3,Conjunction / Intersection,"confidence,id,languages,message,metadata,original_file,original_line,original_pattern,pattern-regex,patterns,severity,source,vulnerability_type",True,False,False,False,False,False,False,,,[],1,True,False,False,False,False,False,C1,no_metavar
/home/moscovin/Documents/eboss/semgrep-rules-aggregate/scrap/rb-x-graudit-semgrep/exec.yaml,rb-x-graudit-semgrep,0,16,graudit-exec-rce-1848,A3,Conjunction / Intersection,"confidence,id,languages,message,metadata,original_file,original_line,original_pattern,pattern-regex,patterns,severity,source,vulnerability_type",True,False,False,False,False,False,False,,,[],1,True,False,False,False,False,False,C1,no_metavar
/home/moscovin/Documents/eboss/semgrep-rules-aggregate/scrap/rb-x-graudit-semgrep/exec.yaml,rb-x-graudit-semgrep,0,17,graudit-exec-rce-1849,A3,Conjunction / Intersection,"confidence,id,languages,message,metadata,original_file,original_line,original_pattern,pattern-regex,patterns,severity,source,vulnerability_type",True,False,False,False,False,False,False,,,[],1,True,False,False,False,False,False,C1,no_metavar
/home/moscovin/Documents/eboss/semgrep-rules-aggregate/scrap/rb-x-graudit-semgrep/exec.yaml,rb-x-graudit-semgrep,0,18,graudit-exec-rce-1850,A3,Conjunction / Intersection,"confidence,id,languages,message,metadata,original_file,original_line,original_pattern,pattern-regex,patterns,severity,source,vulnerability_type",True,False,False,False,False,False,False,,,[],1,True,False,False,False,False,False,C1,no_metavar
/home/moscovin/Documents/eboss/semgrep-rules-aggregate/scrap/rb-x-graudit-semgrep/exec.yaml,rb-x-graudit-semgrep,0,19,graudit-exec-rce-1851,A3,Conjunction / Intersection,"confidence,id,languages,message,metadata,original_file,original_line,original_pattern,pattern-regex,patterns,severity,source,vulnerability_type",True,False,False,False,False,False,False,,,[],1,True,False,False,False,False,False,C1,no_metavar
/home/moscovin/Documents/eboss/semgrep-rules-aggregate/scrap/rb-x-graudit-semgrep/exec.yaml,rb-x-graudit-semgrep,0,20,graudit-exec-rce-1852,A3,Conjunction / Intersection,"confidence,id,languages,message,metadata,original_file,original_line,original_pattern,pattern-regex,patterns,severity,source,vulnerability_type",True,False,False,False,False,False,False,,,[],1,True,False,False,False,False,False,C1,no_metavar
/home/moscovin/Documents/eboss/semgrep-rules-aggregate/scrap/rb-x-graudit-semgrep/exec.yaml,rb-x-graudit-semgrep,0,21,graudit-exec-rce-1853,A3,Conjunction / Intersection,"confidence,id,languages,message,metadata,original_file,original_line,original_pattern,pattern-regex,patterns,severity,source,vulnerability_type",True,False,False,False,False,False,False,,,[],1,True,False,False,False,False,False,C1,no_metavar
/home/moscovin/Documents/eboss/semgrep-rules-aggregate/scrap/rb-x-graudit-semgrep/exec.yaml,rb-x-graudit-semgrep,0,22,graudit-exec-rce-1854,A3,Conjunction / Intersection,"confidence,id,languages,message,metadata,original_file,original_line,original_pattern,pattern-regex,patterns,severity,source,vulnerability_type",True,False,False,False,False,False,False,,,[],1,True,False,False,False,False,False,C1,no_metavar
/home/moscovin/Documents/eboss/semgrep-rules-aggregate/scrap/rb-x-graudit-semgrep/exec.yaml,rb-x-graudit-semgrep,0,23,graudit-exec-rce-1855,A3,Conjunction / Intersection,"confidence,id,languages,message,metadata,original_file,original_line,original_pattern,pattern-regex,patterns,severity,source,vulnerability_type",True,False,False,False,False,False,False,,,[],1,True,False,False,False,False,False,C1,no_metavar
/home/moscovin/Documents/eboss/semgrep-rules-aggregate/scrap/rb-x-graudit-semgrep/exec.yaml,rb-x-graudit-semgrep,0,24,graudit-exec-rce-1856,A3,Conjunction / Intersection,"confidence,id,languages,message,metadata,original_file,original_line,original_pattern,pattern-regex,patterns,severity,source,vulnerability_type",True,False,False,False,False,False,False,,,[],1,True,False,False,False,False,False,C1,no_metavar
/home/moscovin/Documents/eboss/semgrep-rules-aggregate/scrap/rb-x-graudit-semgrep/exec.yaml,rb-x-graudit-semgrep,0,25,graudit-exec-rce-1857,A3,Conjunction / Intersection,"confidence,id,languages,message,metadata,original_file,original_line,original_pattern,pattern-regex,patterns,severity,source,vulnerability_type",True,False,False,False,False,False,False,,,[],1,True,False,False,False,False,False,C1,no_metavar
/home/moscovin/Documents/eboss/semgrep-rules-aggregate/scrap/rb-x-graudit-semgrep/exec.yaml,rb-x-graudit-semgrep,0,26,graudit-exec-rce-1858,A3,Conjunction / Intersection,"confidence,id,languages,message,metadata,original_file,original_line,original_pattern,pattern-regex,patterns,severity,source,vulnerability_type",True,False,False,False,False,False,False,,,[],1,True,False,False,False,False,False,C1,no_metavar
/home/moscovin/Documents/eboss/semgrep-rules-aggregate/scrap/rb-x-graudit-semgrep/exec.yaml,rb-x-graudit-semgrep,0,27,graudit-exec-rce-1859,A3,Conjunction / Intersection,"confidence,id,languages,message,metadata,original_file,original_line,original_pattern,pattern-regex,patterns,severity,source,vulnerability_type",True,False,False,False,False,False,False,,,[],1,True,False,False,False,False,False,C1,no_metavar
/home/moscovin/Documents/eboss/semgrep-rules-aggregate/scrap/rb-x-graudit-semgrep/exec.yaml,rb-x-graudit-semgrep,0,28,graudit-exec-rce-1860,A3,Conjunction / Intersection,"confidence,id,languages,message,metadata,original_file,original_line,original_pattern,pattern-regex,patterns,severity,source,vulnerability_type",True,False,False,False,False,False,False,,,[],1,True,False,False,False,False,False,C1,no_metavar
/home/moscovin/Documents/eboss/semgrep-rules-aggregate/scrap/rb-x-graudit-semgrep/exec.yaml,rb-x-graudit-semgrep,0,29,graudit-exec-rce-1861,A3,Conjunction / Intersection,"confidence,id,languages,message,metadata,original_file,original_line,original_pattern,pattern-regex,patterns,severity,source,vulnerability_type",True,False,False,False,False,False,False,,,[],1,True,False,False,False,False,False,C1,no_metavar
/home/moscovin/Documents/eboss/semgrep-rules-aggregate/scrap/rb-x-graudit-semgrep/exec.yaml,rb-x-graudit-semgrep,0,30,graudit-exec-rce-1862,A3,Conjunction / Intersection,"confidence,id,languages,message,metadata,original_file,original_line,original_pattern,pattern-regex,patterns,severity,source,vulnerability_type",True,False,False,False,False,False,False,,,[],1,True,False,False,False,False,False,C1,no_metavar
/home/moscovin/Documents/eboss/semgrep-rules-aggregate/scrap/rb-x-graudit-semgrep/exec.yaml,rb-x-graudit-semgrep,0,31,graudit-exec-rce-1863,A3,Conjunction / Intersection,"confidence,id,languages,message,metadata,original_file,original_line,original_pattern,pattern-regex,patterns,severity,source,vulnerability_type",True,False,False,False,False,False,False,,,[],1,True,False,False,False,False,False,C1,no_metavar
/home/moscovin/Documents/eboss/semgrep-rules-aggregate/scrap/rb-x-graudit-semgrep/exec.yaml,rb-x-graudit-semgrep,0,32,graudit-exec-rce-1864,A3,Conjunction / Intersection,"confidence,id,languages,message,metadata,original_file,original_line,original_pattern,pattern-regex,patterns,severity,source,vulnerability_type",True,False,False,False,False,False,False,,,[],1,True,False,False,False,False,False,C1,no_metavar
/home/moscovin/Documents/eboss/semgrep-rules-aggregate/scrap/rb-x-graudit-semgrep/exec.yaml,rb-x-graudit-semgrep,0,33,graudit-exec-rce-1866,A3,Conjunction / Intersection,"confidence,id,languages,message,metadata,original_file,original_line,original_pattern,pattern-regex,patterns,severity,source,vulnerability_type",True,False,False,False,False,False,False,,,[],1,True,False,False,False,False,False,C1,no_metavar
/home/moscovin/Documents/eboss/semgrep-rules-aggregate/scrap/rb-x-graudit-semgrep/exec.yaml,rb-x-graudit-semgrep,0,34,graudit-exec-rce-1867,A3,Conjunction / Intersection,"confidence,id,languages,message,metadata,original_file,original_line,original_pattern,pattern-regex,patterns,severity,source,vulnerability_type",True,False,False,False,False,False,False,,,[],1,True,False,False,False,False,False,C1,no_metavar
/home/moscovin/Documents/eboss/semgrep-rules-aggregate/scrap/rb-x-graudit-semgrep/exec.yaml,rb-x-graudit-semgrep,0,35,graudit-exec-rce-1868,A3,Conjunction / Intersection,"confidence,id,languages,message,metadata,original_file,original_line,original_pattern,pattern-regex,patterns,severity,source,vulnerability_type",True,False,False,False,False,False,False,,,[],1,True,False,False,False,False,False,C1,no_metavar
/home/moscovin/Documents/eboss/semgrep-rules-aggregate/scrap/rb-x-graudit-semgrep/exec.yaml,rb-x-graudit-semgrep,0,36,graudit-exec-rce-1869,A3,Conjunction / Intersection,"confidence,id,languages,message,metadata,original_file,original_line,original_pattern,pattern-regex,patterns,severity,source,vulnerability_type",True,False,False,False,False,False,False,,,[],1,True,False,False,False,False,False,C1,no_metavar
/home/moscovin/Documents/eboss/semgrep-rules-aggregate/scrap/rb-x-graudit-semgrep/exec.yaml,rb-x-graudit-semgrep,0,37,graudit-exec-rce-1870,A3,Conjunction / Intersection,"confidence,id,languages,message,metadata,original_file,original_line,original_pattern,pattern-regex,patterns,severity,source,vulnerability_type",True,False,False,False,False,False,False,,,[],1,True,False,False,False,False,False,C1,no_metavar
/home/moscovin/Documents/eboss/semgrep-rules-aggregate/scrap/rb-x-graudit-semgrep/exec.yaml,rb-x-graudit-semgrep,0,38,graudit-exec-rce-1871,A3,Conjunction / Intersection,"confidence,id,languages,message,metadata,original_file,original_line,original_pattern,pattern-regex,patterns,severity,source,vulnerability_type",True,False,False,False,False,False,False,,,[],1,True,False,False,False,False,False,C1,no_metavar
/home/moscovin/Documents/eboss/semgrep-rules-aggregate/scrap/rb-x-graudit-semgrep/owasp__apache.yaml,rb-x-graudit-semgrep,0,0,graudit-apache-security-2352,A3,Conjunction / Intersection,"confidence,id,languages,message,metadata,original_file,original_line,original_pattern,pattern-regex,patterns,severity,source,vulnerability_type",True,False,False,False,False,False,False,,,[],1,True,False,False,False,False,False,C1,no_metavar
/home/moscovin/Documents/eboss/semgrep-rules-aggregate/scrap/rb-x-graudit-semgrep/owasp__apache.yaml,rb-x-graudit-semgrep,0,1,graudit-apache-xss-2358,A3,Conjunction / Intersection,"confidence,id,languages,message,metadata,original_file,original_line,original_pattern,pattern-regex,patterns,severity,source,vulnerability_type",True,False,False,False,False,False,False,,,[],1,True,False,False,False,False,False,C1,no_metavar
/home/moscovin/Documents/eboss/semgrep-rules-aggregate/scrap/rb-x-graudit-semgrep/owasp__apache.yaml,rb-x-graudit-semgrep,0,2,graudit-apache-xss-2361,A3,Conjunction / Intersection,"confidence,id,languages,message,metadata,original_file,original_line,original_pattern,pattern-regex,patterns,severity,source,vulnerability_type",True,False,False,False,False,False,False,,,[],1,True,False,False,False,False,False,C1,no_metavar
/home/moscovin/Documents/eboss/semgrep-rules-aggregate/scrap/smith-xyz-argus-observe-rules/configs__crypto-all.yaml,smith-xyz-argus-observe-rules,0,0,c-crypto-blake2,A3,Conjunction / Intersection,"category,cwe,id,impact,languages,libraries,message,metadata,pattern,pattern-either,patterns,severity",False,True,False,True,False,False,False,"$CTX,$DATA,$DATALEN,$ENGINE,$HASH,$LEN,$OUT,$OUTLEN,$SIZE,$STATE",,"[{""$CTX"": 1, ""$ENGINE"": 1}, {""$CTX"": 1, ""$ENGINE"": 1}, {""$DATA"": 1, ""$ENGINE"": 1, ""$HASH"": 1, ""$LEN"": 1, ""$SIZE"": 1}, {""$DATA"": 1, ""$ENGINE"": 1, ""$HASH"": 1, ""$LEN"": 1, ""$SIZE"": 1}, {""$OUTLEN"": 1, ""$STATE"": 1}, {""$DATA"": 1, ""$DATALEN"": 1, ""$STATE"": 1}, {""$OUT"": 1, ""$OUTLEN"": 1, ""$STATE"": 1}, {""$OUTLEN"": 1, ""$STATE"": 1}, {""$DATA"": 1, ""$DATALEN"": 1, ""$STATE"": 1}, {""$OUT"": 1, ""$OUTLEN"": 1, ""$STATE"": 1}]",10,False,True,False,False,False,False,C2,"B3.5_redundant_metavariable,plain_metavar"
/home/moscovin/Documents/eboss/semgrep-rules-aggregate/scrap/smith-xyz-argus-observe-rules/configs__crypto-all.yaml,smith-xyz-argus-observe-rules,0,1,c-crypto-cipher-aes,A3,Conjunction / Intersection,"category,cwe,focus-metavariable,id,impact,languages,message,metadata,metavariable,metavariable-regex,pattern,pattern-either,patterns,regex,severity",False,True,True,False,True,False,False,"$BITS,$CTX,$ENCRYPT,$ENGINE,$INPUT,$IV,$KEY,$LENGTH,$OUTPUT,$SCHEDULE",$BITS,"[{""$BITS"": 3, ""$KEY"": 1, ""$SCHEDULE"": 1}, {""$BITS"": 3, ""$KEY"": 1, ""$SCHEDULE"": 1}, {""$INPUT"": 1, ""$OUTPUT"": 1, ""$SCHEDULE"": 1}, {""$INPUT"": 1, ""$OUTPUT"": 1, ""$SCHEDULE"": 1}, {""$ENCRYPT"": 1, ""$INPUT"": 1, ""$IV"": 1, ""$LENGTH"": 1, ""$OUTPUT"": 1, ""$SCHEDULE"": 1}, {""$CTX"": 1, ""$ENCRYPT"": 1, ""$ENGINE"": 1, ""$IV"": 1, ""$KEY"": 1}, {""$CTX"": 1, ""$ENCRYPT"": 1, ""$ENGINE"": 1, ""$IV"": 1, ""$KEY"": 1}]",7,False,True,False,False,False,False,C2,plain_metavar
/home/moscovin/Documents/eboss/semgrep-rules-aggregate/scrap/smith-xyz-argus-observe-rules/configs__crypto-all.yaml,smith-xyz-argus-observe-rules,0,2,c-crypto-diffie-hellman,A3,Conjunction / Intersection,"category,cwe,id,impact,languages,message,metadata,pattern,pattern-either,patterns,severity",False,True,False,True,False,False,False,"$BN,$CTX,$DH,$ENGINE,$G,$GENERATOR,$KEY,$KEYLEN,$P,$PEER,$PKEY,$PRIME_LEN,$PUBKEY,$Q",,"[{""$BN"": 1, ""$DH"": 1, ""$GENERATOR"": 1, ""$PRIME_LEN"": 1}, {""$DH"": 1}, {""$DH"": 1, ""$KEY"": 1, ""$PUBKEY"": 1}, {""$DH"": 1}, {""$DH"": 1, ""$PKEY"": 1}, {""$ENGINE"": 1}, {""$CTX"": 1}, {""$CTX"": 1, ""$PEER"": 1}, {""$CTX"": 1, ""$KEY"": 1, ""$KEYLEN"": 1}, {""$DH"": 1, ""$G"": 1, ""$P"": 1, ""$Q"": 1}, {""$DH"": 1, ""$G"": 1, ""$P"": 1, ""$Q"": 1}]",12,True,True,False,False,False,False,"C1,C2","B3.5_redundant_metavariable,no_metavar,plain_metavar"
/home/moscovin/Documents/eboss/semgrep-rules-aggregate/scrap/smith-xyz-argus-observe-rules/configs__crypto-all.yaml,smith-xyz-argus-observe-rules,0,3,c-crypto-random-generation,A3,Conjunction / Intersection,"category,cwe,id,impact,languages,message,metadata,pattern,pattern-either,patterns,severity",False,True,True,False,False,False,False,"$BUF,$BUFLEN,$ENTROPY,$FLAGS,$LEN,$NUM,$PROV,$UPPER_BOUND","$BUF,$LEN","[{""$BUF"": 1, ""$NUM"": 1}, {""$BUF"": 1, ""$NUM"": 1}, {""$BUF"": 1, ""$NUM"": 1}, {""$BUF"": 1, ""$ENTROPY"": 1, ""$NUM"": 1}, {""$BUF"": 2, ""$LEN"": 2}, {""$FLAGS"": 1}, {""$FLAGS"": 1}, {""$BUF"": 1, ""$BUFLEN"": 1, ""$FLAGS"": 1}, {""$BUF"": 1, ""$BUFLEN"": 1}, {""$UPPER_BOUND"": 1}, {""$BUF"": 1, ""$FLAGS"": 1, ""$LEN"": 1, ""$PROV"": 1}, {""$BUF"": 1, ""$BUFLEN"": 1}, {""$UPPER_BOUND"": 1}]",15,True,True,True,False,False,False,"C1,C2,C3","no_metavar,plain_metavar,unnamed_ellipsis"
/home/moscovin/Documents/eboss/semgrep-rules-aggregate/scrap/smith-xyz-argus-observe-rules/configs__crypto-all.yaml,smith-xyz-argus-observe-rules,0,4,c-crypto-key-derivation,A3,Conjunction / Intersection,"category,cwe,focus-metavariable,id,impact,languages,message,metadata,metavariable,metavariable-regex,pattern,pattern-either,patterns,regex,severity",False,True,True,False,True,False,False,"$COUNT,$CTX,$DATA,$DATALEN,$DIGEST,$ITER,$IV,$KEY,$KEYLEN,$MAXMEM,$MD,$N,$OUT,$P,$PASS,$PASSLEN,$R,$SALT,$SALTLEN,$TYPE","$COUNT,$ITER,$N","[{""$DIGEST"": 1, ""$ITER"": 3, ""$KEYLEN"": 1, ""$OUT"": 1, ""$PASS"": 1, ""$PASSLEN"": 1, ""$SALT"": 1, ""$SALTLEN"": 1}, {""$ITER"": 3, ""$KEYLEN"": 1, ""$OUT"": 1, ""$PASS"": 1, ""$PASSLEN"": 1, ""$SALT"": 1, ""$SALTLEN"": 1}, {""$COUNT"": 3, ""$DATA"": 1, ""$DATALEN"": 1, ""$IV"": 1, ""$KEY"": 1, ""$MD"": 1, ""$SALT"": 1, ""$TYPE"": 1}, {""$KEY"": 1, ""$KEYLEN"": 1, ""$MAXMEM"": 1, ""$N"": 3, ""$P"": 1, ""$PASS"": 1, ""$PASSLEN"": 1, ""$R"": 1, ""$SALT"": 1, ""$SALTLEN"": 1}, {""$CTX"": 1}, {""$CTX"": 1, ""$KEY"": 1, ""$KEYLEN"": 1}]",6,False,True,False,False,False,False,C2,plain_metavar
/home/moscovin/Documents/eboss/semgrep-rules-aggregate/scrap/smith-xyz-argus-observe-rules/configs__crypto-all.yaml,smith-xyz-argus-observe-rules,0,5,c-crypto-openssl-provider,A3,Conjunction / Intersection,"category,cwe,id,impact,languages,message,metadata,pattern,pattern-either,patterns,severity",False,True,False,True,False,False,False,"$ALGORITHM,$CIPHER,$CTX,$LIBCTX,$MD,$NAME,$PROPERTIES,$PROV,$RMSG,$RMSGLEN,$SIG,$SIGLEN,$TBS,$TBSLEN",,"[{""$LIBCTX"": 1, ""$NAME"": 1}, {""$PROV"": 1}, {""$LIBCTX"": 1, ""$NAME"": 1}, {""$ALGORITHM"": 1, ""$CTX"": 1, ""$PROPERTIES"": 1}, {""$CIPHER"": 1}, {""$ALGORITHM"": 1, ""$CTX"": 1, ""$PROPERTIES"": 1}, {""$MD"": 1}, {""$CTX"": 1, ""$SIG"": 1, ""$SIGLEN"": 1, ""$TBS"": 1, ""$TBSLEN"": 1}, {""$CTX"": 1, ""$SIG"": 1, ""$SIGLEN"": 1, ""$TBS"": 1, ""$TBSLEN"": 1}, {""$CTX"": 1, ""$RMSG"": 1, ""$RMSGLEN"": 1, ""$SIG"": 1, ""$SIGLEN"": 1}]",10,False,True,False,False,False,False,C2,"B3.5_redundant_metavariable,plain_metavar"
/home/moscovin/Documents/eboss/semgrep-rules-aggregate/scrap/smith-xyz-argus-observe-rules/configs__crypto-all.yaml,smith-xyz-argus-observe-rules,0,6,c-crypto-libgcrypt,A3,Conjunction / Intersection,"category,cwe,id,impact,languages,message,metadata,pattern,pattern-either,patterns,severity",False,True,False,True,False,False,False,"$ALGO,$BUFFER,$DATA,$FLAGS,$HANDLE,$IN,$INLEN,$IV,$IVLEN,$KEY,$KEYLEN,$LENGTH,$LEVEL,$MODE,$NALGO,$OUT,$OUTLEN,$PARAMS,$RESULT,$SIG",,"[{""$ALGO"": 1, ""$FLAGS"": 1, ""$HANDLE"": 1, ""$MODE"": 1}, {""$HANDLE"": 1}, {""$HANDLE"": 1, ""$KEY"": 1, ""$KEYLEN"": 1}, {""$HANDLE"": 1, ""$IV"": 1, ""$IVLEN"": 1}, {""$HANDLE"": 1, ""$IN"": 1, ""$INLEN"": 1, ""$OUT"": 1, ""$OUTLEN"": 1}, {""$HANDLE"": 1, ""$IN"": 1, ""$INLEN"": 1, ""$OUT"": 1, ""$OUTLEN"": 1}, {""$ALGO"": 1, ""$FLAGS"": 1, ""$HANDLE"": 1}, {""$HANDLE"": 1}, {""$BUFFER"": 1, ""$HANDLE"": 1, ""$LENGTH"": 1}, {""$ALGO"": 1, ""$HANDLE"": 1}, {""$ALGO"": 1, ""$BUFFER"": 1, ""$LENGTH"": 1, ""$RESULT"": 1}, {""$ALGO"": 1, ""$KEY"": 1, ""$NALGO"": 1, ""$PARAMS"": 1}, {""$DATA"": 1, ""$KEY"": 1, ""$RESULT"": 1}, {""$DATA"": 1, ""$KEY"": 1, ""$RESULT"": 1}, {""$DATA"": 1, ""$KEY"": 1, ""$SIG"": 1}, {""$DATA"": 1, ""$KEY"": 1, ""$SIG"": 1}, {""$BUFFER"": 1, ""$LENGTH"": 1, ""$LEVEL"": 1}, {""$BUFFER"": 1, ""$LENGTH"": 1}]",18,False,True,False,False,False,False,C2,"B3.5_redundant_metavariable,plain_metavar"
/home/moscovin/Documents/eboss/semgrep-rules-aggregate/scrap/smith-xyz-argus-observe-rules/configs__crypto-all.yaml,smith-xyz-argus-observe-rules,0,7,c-crypto-sha1,A3,Conjunction / Intersection,"category,cwe,id,impact,languages,message,metadata,pattern,pattern-either,patterns,severity",False,True,True,False,False,False,False,"$CTX,$DATA,$ENGINE,$HASH,$LEN,$SIZE",$CTX,"[{""$CTX"": 1}, {""$CTX"": 1, ""$DATA"": 1, ""$LEN"": 1}, {""$CTX"": 1, ""$HASH"": 1}, {""$CTX"": 4, ""$DATA"": 1, ""$HASH"": 1, ""$LEN"": 1}, {""$CTX"": 1, ""$ENGINE"": 1}, {""$DATA"": 1, ""$ENGINE"": 1, ""$HASH"": 1, ""$LEN"": 1, ""$SIZE"": 1}]",6,False,True,False,False,False,False,C2,plain_metavar
/home/moscovin/Documents/eboss/semgrep-rules-aggregate/scrap/smith-xyz-argus-observe-rules/configs__crypto-all.yaml,smith-xyz-argus-observe-rules,0,8,c-crypto-cipher-modes,A3,Conjunction / Intersection,"category,cwe,id,impact,languages,message,metadata,pattern,pattern-either,patterns,severity",False,True,False,True,False,False,False,"$BUFFER,$CTX,$ECBCOUNT,$ENCRYPT,$ENGINE,$INPUT,$IV,$KEY,$LENGTH,$NUM,$OUTPUT,$SCHEDULE",,"[{""$CTX"": 1, ""$ENCRYPT"": 1, ""$ENGINE"": 1, ""$IV"": 1, ""$KEY"": 1}, {""$CTX"": 1, ""$ENCRYPT"": 1, ""$ENGINE"": 1, ""$IV"": 1, ""$KEY"": 1}, {""$CTX"": 1, ""$ENCRYPT"": 1, ""$ENGINE"": 1, ""$IV"": 1, ""$KEY"": 1}, {""$CTX"": 1, ""$ENCRYPT"": 1, ""$ENGINE"": 1, ""$IV"": 1, ""$KEY"": 1}, {""$CTX"": 1, ""$ENCRYPT"": 1, ""$ENGINE"": 1, ""$IV"": 1, ""$KEY"": 1}, {""$CTX"": 1, ""$ENCRYPT"": 1, ""$ENGINE"": 1, ""$IV"": 1, ""$KEY"": 1}, {""$CTX"": 1, ""$ENCRYPT"": 1, ""$ENGINE"": 1, ""$IV"": 1, ""$KEY"": 1}, {""$CTX"": 1, ""$ENCRYPT"": 1, ""$ENGINE"": 1, ""$IV"": 1, ""$KEY"": 1}, {""$CTX"": 1, ""$ENCRYPT"": 1, ""$ENGINE"": 1, ""$IV"": 1, ""$KEY"": 1}, {""$CTX"": 1, ""$ENCRYPT"": 1, ""$ENGINE"": 1, ""$IV"": 1, ""$KEY"": 1}, {""$CTX"": 1, ""$ENCRYPT"": 1, ""$ENGINE"": 1, ""$IV"": 1, ""$KEY"": 1}, {""$CTX"": 1, ""$ENCRYPT"": 1, ""$ENGINE"": 1, ""$IV"": 1, ""$KEY"": 1}, {""$CTX"": 1, ""$ENCRYPT"": 1, ""$ENGINE"": 1, ""$IV"": 1, ""$KEY"": 1}, {""$CTX"": 1, ""$ENCRYPT"": 1, ""$ENGINE"": 1, ""$IV"": 1, ""$KEY"": 1}, {""$CTX"": 1, ""$ENCRYPT"": 1, ""$ENGINE"": 1, ""$IV"": 1, ""$KEY"": 1}, {""$CTX"": 1, ""$ENCRYPT"": 1, ""$ENGINE"": 1, ""$IV"": 1, ""$KEY"": 1}, {""$ENCRYPT"": 1, ""$INPUT"": 1, ""$IV"": 1, ""$LENGTH"": 1, ""$OUTPUT"": 1, ""$SCHEDULE"": 1}, {""$ENCRYPT"": 1, ""$INPUT"": 1, ""$IV"": 1, ""$LENGTH"": 1, ""$NUM"": 1, ""$OUTPUT"": 1, ""$SCHEDULE"": 1}, {""$INPUT"": 1, ""$IV"": 1, ""$LENGTH"": 1, ""$NUM"": 1, ""$OUTPUT"": 1, ""$SCHEDULE"": 1}, {""$BUFFER"": 1, ""$ECBCOUNT"": 1, ""$INPUT"": 1, ""$IV"": 1, ""$LENGTH"": 1, ""$NUM"": 1, ""$OUTPUT"": 1, ""$SCHEDULE"": 1}]",20,False,True,False,False,False,False,C2,"B3.5_redundant_metavariable,plain_metavar"
/home/moscovin/Documents/eboss/semgrep-rules-aggregate/scrap/smith-xyz-argus-observe-rules/configs__crypto-all.yaml,smith-xyz-argus-observe-rules,0,9,c-crypto-md4,A3,Conjunction / Intersection,"category,cwe,id,impact,languages,message,metadata,pattern,pattern-either,patterns,severity",False,True,True,False,False,False,False,"$CTX,$DATA,$ENGINE,$HASH,$LEN,$SIZE",$CTX,"[{""$CTX"": 1}, {""$CTX"": 1, ""$DATA"": 1, ""$LEN"": 1}, {""$CTX"": 1, ""$HASH"": 1}, {""$CTX"": 4, ""$DATA"": 1, ""$HASH"": 1, ""$LEN"": 1}, {""$CTX"": 1, ""$ENGINE"": 1}, {""$DATA"": 1, ""$ENGINE"": 1, ""$HASH"": 1, ""$LEN"": 1, ""$SIZE"": 1}]",6,False,True,False,False,False,False,C2,plain_metavar
/home/moscovin/Documents/eboss/semgrep-rules-aggregate/scrap/smith-xyz-argus-observe-rules/configs__crypto-all.yaml,smith-xyz-argus-observe-rules,0,10,c-crypto-sha256,A3,Conjunction / Intersection,"category,cwe,id,impact,languages,message,metadata,pattern,pattern-either,patterns,severity",False,True,True,False,False,False,False,"$CTX,$DATA,$ENGINE,$HASH,$LEN,$SIZE",$CTX,"[{""$CTX"": 1}, {""$CTX"": 1, ""$DATA"": 1, ""$LEN"": 1}, {""$CTX"": 1, ""$HASH"": 1}, {""$CTX"": 4, ""$DATA"": 1, ""$HASH"": 1, ""$LEN"": 1}, {""$CTX"": 1, ""$ENGINE"": 1}, {""$DATA"": 1, ""$ENGINE"": 1, ""$HASH"": 1, ""$LEN"": 1, ""$SIZE"": 1}]",6,False,True,False,False,False,False,C2,plain_metavar
/home/moscovin/Documents/eboss/semgrep-rules-aggregate/scrap/smith-xyz-argus-observe-rules/configs__crypto-all.yaml,smith-xyz-argus-observe-rules,0,11,c-crypto-sha3,A3,Conjunction / Intersection,"category,cwe,id,impact,languages,message,metadata,pattern,pattern-either,patterns,severity",False,True,False,True,False,False,False,"$CTX,$DATA,$ENGINE,$HASH,$LEN,$SIZE",,"[{""$CTX"": 1, ""$ENGINE"": 1}, {""$CTX"": 1, ""$ENGINE"": 1}, {""$CTX"": 1, ""$ENGINE"": 1}, {""$CTX"": 1, ""$ENGINE"": 1}, {""$DATA"": 1, ""$ENGINE"": 1, ""$HASH"": 1, ""$LEN"": 1, ""$SIZE"": 1}, {""$DATA"": 1, ""$ENGINE"": 1, ""$HASH"": 1, ""$LEN"": 1, ""$SIZE"": 1}, {""$DATA"": 1, ""$ENGINE"": 1, ""$HASH"": 1, ""$LEN"": 1, ""$SIZE"": 1}, {""$DATA"": 1, ""$ENGINE"": 1, ""$HASH"": 1, ""$LEN"": 1, ""$SIZE"": 1}]",8,False,True,False,False,False,False,C2,"B3.5_redundant_metavariable,plain_metavar"
/home/moscovin/Documents/eboss/semgrep-rules-aggregate/scrap/smith-xyz-argus-observe-rules/configs__crypto-all.yaml,smith-xyz-argus-observe-rules,0,12,c-crypto-hardcoded-key,A3,Conjunction / Intersection,"category,cwe,id,impact,languages,message,metadata,metavariable,metavariable-regex,pattern,pattern-either,patterns,regex,severity",False,True,True,True,True,False,False,"$BYTES,$KEY,$LEN,$STRING",$KEY,"[{""$KEY"": 2, ""$STRING"": 1}, {""$KEY"": 2, ""$STRING"": 1}, {""$KEY"": 2, ""$STRING"": 1}, {""$KEY"": 2, ""$STRING"": 1}, {""$KEY"": 2, ""$STRING"": 1}, {""$KEY"": 2, ""$STRING"": 1}, {""$KEY"": 2, ""$STRING"": 1}, {""$BYTES"": 1, ""$KEY"": 2, ""$LEN"": 1}, {""$BYTES"": 1, ""$KEY"": 2, ""$LEN"": 1}, {""$BYTES"": 1, ""$KEY"": 2, ""$LEN"": 1}]",10,False,True,False,False,False,False,C2,"B3.5_redundant_metavariable,plain_metavar"
/home/moscovin/Documents/eboss/semgrep-rules-aggregate/scrap/smith-xyz-argus-observe-rules/configs__crypto-all.yaml,smith-xyz-argus-observe-rules,0,13,c-crypto-iv-nonce,A3,Conjunction / Intersection,"category,cwe,id,impact,languages,message,metadata,pattern,pattern-either,patterns,severity",False,True,False,True,False,False,False,"$CTX,$IV,$IVLEN,$NULL,$TAG,$TAGLEN",,"[{""$CTX"": 1, ""$IVLEN"": 1, ""$NULL"": 1}, {""$CTX"": 1, ""$IVLEN"": 1, ""$NULL"": 1}, {""$CTX"": 1, ""$TAG"": 1, ""$TAGLEN"": 1}, {""$CTX"": 1, ""$TAG"": 1, ""$TAGLEN"": 1}, {""$IV"": 1, ""$IVLEN"": 1}, {""$IV"": 1, ""$IVLEN"": 1}]",6,False,True,False,False,False,False,C2,"B3.5_redundant_metavariable,plain_metavar"
/home/moscovin/Documents/eboss/semgrep-rules-aggregate/scrap/smith-xyz-argus-observe-rules/configs__crypto-all.yaml,smith-xyz-argus-observe-rules,0,14,c-crypto-md5,A3,Conjunction / Intersection,"category,cwe,id,impact,languages,message,metadata,pattern,pattern-either,patterns,severity",False,True,True,False,False,False,False,"$CTX,$DATA,$ENGINE,$HASH,$LEN,$SIZE",$CTX,"[{""$CTX"": 1}, {""$CTX"": 1, ""$DATA"": 1, ""$LEN"": 1}, {""$CTX"": 1, ""$HASH"": 1}, {""$CTX"": 4, ""$DATA"": 1, ""$HASH"": 1, ""$LEN"": 1}, {""$CTX"": 1, ""$ENGINE"": 1}, {""$DATA"": 1, ""$ENGINE"": 1, ""$HASH"": 1, ""$LEN"": 1, ""$SIZE"": 1}]",6,False,True,False,False,False,False,C2,plain_metavar
/home/moscovin/Documents/eboss/semgrep-rules-aggregate/scrap/smith-xyz-argus-observe-rules/configs__crypto-all.yaml,smith-xyz-argus-observe-rules,0,15,c-crypto-certificate-validation,A3,Conjunction / Intersection,"category,cwe,id,impact,languages,message,metadata,pattern,pattern-either,patterns,severity",False,True,False,True,False,False,False,"$ARG,$CAFILE,$CALLBACK,$CAPATH,$CTX,$DEPTH,$MODE,$SSL",,"[{""$CALLBACK"": 1, ""$CTX"": 1, ""$MODE"": 1}, {""$CALLBACK"": 1, ""$MODE"": 1, ""$SSL"": 1}, {""$CTX"": 1, ""$DEPTH"": 1}, {""$ARG"": 1, ""$CALLBACK"": 1, ""$CTX"": 1}, {""$SSL"": 1}, {""$CAFILE"": 1, ""$CAPATH"": 1, ""$CTX"": 1}, {""$CTX"": 1}, {""$CTX"": 1}, {""$CTX"": 1}]",9,False,True,False,False,False,False,C2,"B3.5_redundant_metavariable,plain_metavar"
/home/moscovin/Documents/eboss/semgrep-rules-aggregate/scrap/smith-xyz-argus-observe-rules/configs__crypto-all.yaml,smith-xyz-argus-observe-rules,0,16,c-crypto-cipher-des,A3,Conjunction / Intersection,"category,cwe,id,impact,languages,message,metadata,pattern,pattern-either,patterns,severity",False,True,False,True,False,False,False,"$CTX,$DATA,$DECRYPT,$ENCRYPT,$ENGINE,$INPUT,$IV,$KEY,$LENGTH,$OUTPUT,$SCHEDULE",,"[{""$KEY"": 1, ""$SCHEDULE"": 1}, {""$DATA"": 1, ""$ENCRYPT"": 1, ""$SCHEDULE"": 1}, {""$DATA"": 1, ""$DECRYPT"": 1, ""$SCHEDULE"": 1}, {""$ENCRYPT"": 1, ""$INPUT"": 1, ""$OUTPUT"": 1, ""$SCHEDULE"": 1}, {""$ENCRYPT"": 1, ""$INPUT"": 1, ""$IV"": 1, ""$LENGTH"": 1, ""$OUTPUT"": 1, ""$SCHEDULE"": 1}, {""$CTX"": 1, ""$ENCRYPT"": 1, ""$ENGINE"": 1, ""$IV"": 1, ""$KEY"": 1}, {""$CTX"": 1, ""$ENCRYPT"": 1, ""$ENGINE"": 1, ""$IV"": 1, ""$KEY"": 1}]",7,False,True,False,False,False,False,C2,"B3.5_redundant_metavariable,plain_metavar"
/home/moscovin/Documents/eboss/semgrep-rules-aggregate/scrap/smith-xyz-argus-observe-rules/configs__crypto-all.yaml,smith-xyz-argus-observe-rules,0,17,c-crypto-secure-memory,A3,Conjunction / Intersection,"category,cwe,id,impact,languages,message,metadata,pattern,pattern-either,patterns,severity",False,True,False,True,False,False,False,"$FILE,$LEN,$LINE,$NUM,$PTR,$SIZE",,"[{""$LEN"": 1, ""$PTR"": 1}, {""$FILE"": 1, ""$LINE"": 1, ""$NUM"": 1}, {""$FILE"": 1, ""$LINE"": 1, ""$PTR"": 1}, {""$NUM"": 1}, {""$PTR"": 1}, {""$PTR"": 1, ""$SIZE"": 1}, {""$PTR"": 1}]",7,False,True,False,False,False,False,C2,"B3.5_redundant_metavariable,plain_metavar"
/home/moscovin/Documents/eboss/semgrep-rules-aggregate/scrap/smith-xyz-argus-observe-rules/configs__crypto-all.yaml,smith-xyz-argus-observe-rules,0,18,c-crypto-md2,A3,Conjunction / Intersection,"category,cwe,id,impact,languages,message,metadata,pattern,pattern-either,patterns,severity",False,True,True,False,False,False,False,"$CTX,$DATA,$ENGINE,$HASH,$LEN,$SIZE",$CTX,"[{""$CTX"": 1}, {""$CTX"": 1, ""$DATA"": 1, ""$LEN"": 1}, {""$CTX"": 1, ""$HASH"": 1}, {""$CTX"": 4, ""$DATA"": 1, ""$HASH"": 1, ""$LEN"": 1}, {""$CTX"": 1, ""$ENGINE"": 1}, {""$DATA"": 1, ""$ENGINE"": 1, ""$HASH"": 1, ""$LEN"": 1, ""$SIZE"": 1}]",6,False,True,False,False,False,False,C2,plain_metavar
/home/moscovin/Documents/eboss/semgrep-rules-aggregate/scrap/smith-xyz-argus-observe-rules/configs__crypto-all.yaml,smith-xyz-argus-observe-rules,0,19,c-crypto-windows-cng,A3,Conjunction / Intersection,"category,cwe,id,impact,languages,message,metadata,pattern,pattern-either,patterns,severity",False,True,False,True,False,False,False,"$ALG_HANDLE,$ALG_ID,$BLOB_TYPE,$BUFFER,$BUFFER_LEN,$DERIVED_KEY,$DERIVED_KEY_LEN,$FLAGS,$HASH,$HASH_HANDLE,$HASH_LEN,$HASH_OBJECT,$HASH_OBJECT_LEN,$IMPL,$INPUT,$INPUT_LEN,$ITERATIONS,$IV,$IV_LEN,$KEY_BLOB,$KEY_BLOB_LEN,$KEY_HANDLE,$KEY_LENGTH,$KEY_OBJECT,$KEY_OBJECT_LEN,$NULL,$OUTPUT,$OUTPUT_LEN,$PADDING_INFO,$PARAM_LIST,$PASSWORD,$PASSWORD_LEN,$PROV_HANDLE,$RESULT_LEN,$SALT,$SALT_LEN,$SECRET,$SECRET_HANDLE,$SECRET_LEN,$SIGNATURE,$SIGNATURE_LEN",,"[{""$ALG_HANDLE"": 1, ""$ALG_ID"": 1, ""$FLAGS"": 1, ""$IMPL"": 1}, {""$ALG_HANDLE"": 1, ""$FLAGS"": 1}, {""$ALG_HANDLE"": 1, ""$FLAGS"": 1, ""$KEY_HANDLE"": 1, ""$KEY_OBJECT"": 1, ""$KEY_OBJECT_LEN"": 1, ""$SECRET"": 1, ""$SECRET_LEN"": 1}, {""$ALG_HANDLE"": 1, ""$FLAGS"": 1, ""$KEY_HANDLE"": 1, ""$KEY_LENGTH"": 1}, {""$FLAGS"": 1, ""$KEY_HANDLE"": 1}, {""$ALG_HANDLE"": 1, ""$BLOB_TYPE"": 1, ""$FLAGS"": 1, ""$KEY_BLOB"": 1, ""$KEY_BLOB_LEN"": 1, ""$KEY_HANDLE"": 1, ""$NULL"": 1}, {""$BLOB_TYPE"": 1, ""$FLAGS"": 1, ""$KEY_HANDLE"": 1, ""$NULL"": 1, ""$OUTPUT"": 1, ""$OUTPUT_LEN"": 1, ""$RESULT_LEN"": 1}, {""$FLAGS"": 1, ""$INPUT"": 1, ""$INPUT_LEN"": 1, ""$IV"": 1, ""$IV_LEN"": 1, ""$KEY_HANDLE"": 1, ""$OUTPUT"": 1, ""$OUTPUT_LEN"": 1, ""$PADDING_INFO"": 1, ""$RESULT_LEN"": 1}, {""$FLAGS"": 1, ""$INPUT"": 1, ""$INPUT_LEN"": 1, ""$IV"": 1, ""$IV_LEN"": 1, ""$KEY_HANDLE"": 1, ""$OUTPUT"": 1, ""$OUTPUT_LEN"": 1, ""$PADDING_INFO"": 1, ""$RESULT_LEN"": 1}, {""$BUFFER"": 1, ""$BUFFER_LEN"": 1, ""$FLAGS"": 1, ""$PROV_HANDLE"": 1}, {""$ALG_HANDLE"": 1, ""$FLAGS"": 1, ""$HASH_HANDLE"": 1, ""$HASH_OBJECT"": 1, ""$HASH_OBJECT_LEN"": 1, ""$SECRET"": 1, ""$SECRET_LEN"": 1}, {""$FLAGS"": 1, ""$HASH_HANDLE"": 1, ""$INPUT"": 1, ""$INPUT_LEN"": 1}, {""$FLAGS"": 1, ""$HASH_HANDLE"": 1, ""$OUTPUT"": 1, ""$OUTPUT_LEN"": 1}, {""$HASH_HANDLE"": 1}, {""$KEY_HANDLE"": 1}, {""$FLAGS"": 1, ""$HASH"": 1, ""$HASH_LEN"": 1, ""$KEY_HANDLE"": 1, ""$PADDING_INFO"": 1, ""$RESULT_LEN"": 1, ""$SIGNATURE"": 1, ""$SIGNATURE_LEN"": 1}, {""$FLAGS"": 1, ""$HASH"": 1, ""$HASH_LEN"": 1, ""$KEY_HANDLE"": 1, ""$PADDING_INFO"": 1, ""$SIGNATURE"": 1, ""$SIGNATURE_LEN"": 1}, {""$DERIVED_KEY"": 1, ""$DERIVED_KEY_LEN"": 1, ""$FLAGS"": 1, ""$PARAM_LIST"": 1, ""$RESULT_LEN"": 1, ""$SECRET_HANDLE"": 1}, {""$ALG_HANDLE"": 1, ""$DERIVED_KEY"": 1, ""$DERIVED_KEY_LEN"": 1, ""$FLAGS"": 1, ""$ITERATIONS"": 1, ""$PASSWORD"": 1, ""$PASSWORD_LEN"": 1, ""$SALT"": 1, ""$SALT_LEN"": 1}]",19,False,True,False,False,False,False,C2,"B3.5_redundant_metavariable,plain_metavar"
/home/moscovin/Documents/eboss/semgrep-rules-aggregate/scrap/smith-xyz-argus-observe-rules/configs__crypto-all.yaml,smith-xyz-argus-observe-rules,0,20,c-crypto-digital-signatures,A3,Conjunction / Intersection,"category,cwe,id,impact,languages,message,metadata,pattern,pattern-either,patterns,severity",False,True,False,True,False,False,False,"$CTX,$DATA,$DATALEN,$DGST,$DGSTLEN,$ECKEY,$ENGINE,$M,$MLEN,$PKCTX,$PKEY,$RSA,$SIG,$SIGBUF,$SIGLEN,$SIGRET,$TYPE",,"[{""$CTX"": 1, ""$ENGINE"": 1, ""$TYPE"": 1}, {""$CTX"": 1, ""$DATA"": 1, ""$DATALEN"": 1}, {""$CTX"": 1, ""$PKEY"": 1, ""$SIG"": 1, ""$SIGLEN"": 1}, {""$CTX"": 1, ""$ENGINE"": 1, ""$TYPE"": 1}, {""$CTX"": 1, ""$DATA"": 1, ""$DATALEN"": 1}, {""$CTX"": 1, ""$PKEY"": 1, ""$SIG"": 1, ""$SIGLEN"": 1}, {""$CTX"": 1, ""$ENGINE"": 1, ""$PKCTX"": 1, ""$PKEY"": 1, ""$TYPE"": 1}, {""$CTX"": 1, ""$DATA"": 1, ""$DATALEN"": 1}, {""$CTX"": 1, ""$SIG"": 1, ""$SIGLEN"": 1}, {""$CTX"": 1, ""$ENGINE"": 1, ""$PKCTX"": 1, ""$PKEY"": 1, ""$TYPE"": 1}, {""$CTX"": 1, ""$DATA"": 1, ""$DATALEN"": 1}, {""$CTX"": 1, ""$SIG"": 1, ""$SIGLEN"": 1}, {""$M"": 1, ""$MLEN"": 1, ""$RSA"": 1, ""$SIGLEN"": 1, ""$SIGRET"": 1, ""$TYPE"": 1}, {""$M"": 1, ""$MLEN"": 1, ""$RSA"": 1, ""$SIGBUF"": 1, ""$SIGLEN"": 1, ""$TYPE"": 1}, {""$DGST"": 1, ""$DGSTLEN"": 1, ""$ECKEY"": 1, ""$SIG"": 1, ""$SIGLEN"": 1, ""$TYPE"": 1}, {""$DGST"": 1, ""$DGSTLEN"": 1, ""$ECKEY"": 1, ""$SIG"": 1, ""$SIGLEN"": 1, ""$TYPE"": 1}]",16,False,True,False,False,False,False,C2,"B3.5_redundant_metavariable,plain_metavar"
/home/moscovin/Documents/eboss/semgrep-rules-aggregate/scrap/smith-xyz-argus-observe-rules/configs__crypto-all.yaml,smith-xyz-argus-observe-rules,0,21,c-crypto-sha512,A3,Conjunction / Intersection,"category,cwe,id,impact,languages,message,metadata,pattern,pattern-either,patterns,severity",False,True,True,False,False,False,False,"$CTX,$DATA,$ENGINE,$HASH,$LEN,$SIZE",$CTX,"[{""$CTX"": 1}, {""$CTX"": 1, ""$DATA"": 1, ""$LEN"": 1}, {""$CTX"": 1, ""$HASH"": 1}, {""$CTX"": 4, ""$DATA"": 1, ""$HASH"": 1, ""$LEN"": 1}, {""$CTX"": 1, ""$ENGINE"": 1}, {""$DATA"": 1, ""$ENGINE"": 1, ""$HASH"": 1, ""$LEN"": 1, ""$SIZE"": 1}]",6,False,True,False,False,False,False,C2,plain_metavar
/home/moscovin/Documents/eboss/semgrep-rules-aggregate/scrap/smith-xyz-argus-observe-rules/configs__crypto-all.yaml,smith-xyz-argus-observe-rules,0,22,c-crypto-password-hashing,A3,Conjunction / Intersection,"category,cwe,id,impact,languages,message,metadata,metavariable,metavariable-regex,pattern,pattern-either,patterns,regex,severity",False,True,True,False,True,False,False,"$DATA,$HASH,$HASH_LEN,$KEY,$M_COST,$PARALLELISM,$PASS,$PWD,$PWD_LEN,$SALT,$SALT_LEN,$T_COST","$M_COST,$T_COST","[{""$KEY"": 1, ""$SALT"": 1}, {""$DATA"": 1, ""$KEY"": 1, ""$SALT"": 1}, {""$HASH"": 1, ""$PASS"": 1, ""$SALT"": 1}, {""$HASH"": 1, ""$PASS"": 1}, {""$HASH"": 1, ""$HASH_LEN"": 1, ""$M_COST"": 2, ""$PARALLELISM"": 1, ""$PWD"": 1, ""$PWD_LEN"": 1, ""$SALT"": 1, ""$SALT_LEN"": 1, ""$T_COST"": 2}, {""$HASH"": 1, ""$HASH_LEN"": 1, ""$M_COST"": 2, ""$PARALLELISM"": 1, ""$PWD"": 1, ""$PWD_LEN"": 1, ""$SALT"": 1, ""$SALT_LEN"": 1, ""$T_COST"": 2}, {""$HASH"": 1, ""$HASH_LEN"": 1, ""$M_COST"": 2, ""$PARALLELISM"": 1, ""$PWD"": 1, ""$PWD_LEN"": 1, ""$SALT"": 1, ""$SALT_LEN"": 1, ""$T_COST"": 2}, {""$HASH"": 1, ""$PWD"": 1, ""$PWD_LEN"": 1}, {""$HASH"": 1, ""$PWD"": 1, ""$PWD_LEN"": 1}, {""$HASH"": 1, ""$PWD"": 1, ""$PWD_LEN"": 1}]",10,False,True,False,False,False,False,C2,plain_metavar
/home/moscovin/Documents/eboss/semgrep-rules-aggregate/scrap/smith-xyz-argus-observe-rules/configs__crypto-all.yaml,smith-xyz-argus-observe-rules,0,23,c-crypto-whirlpool,A3,Conjunction / Intersection,"category,cwe,id,impact,languages,message,metadata,pattern,pattern-either,patterns,severity",False,True,False,True,False,False,False,"$CTX,$DATA,$ENGINE,$HASH,$LEN,$SIZE",,"[{""$CTX"": 1, ""$ENGINE"": 1}, {""$DATA"": 1, ""$ENGINE"": 1, ""$HASH"": 1, ""$LEN"": 1, ""$SIZE"": 1}]",2,False,True,False,False,False,False,C2,"B3.5_redundant_metavariable,plain_metavar"
/home/moscovin/Documents/eboss/semgrep-rules-aggregate/scrap/smith-xyz-argus-observe-rules/configs__crypto-all.yaml,smith-xyz-argus-observe-rules,0,24,c-crypto-ecdsa,A3,Conjunction / Intersection,"category,cwe,id,impact,languages,message,metadata,pattern,pattern-either,patterns,severity",False,True,False,True,False,False,False,"$CTX,$DGST,$DGSTLEN,$ECKEY,$ENGINE,$GROUP,$KEY,$NID,$PKCTX,$PKEY,$SIG,$SIGLEN,$TYPE",,"[{""$NID"": 1}, {""$KEY"": 1}, {""$DGST"": 1, ""$DGSTLEN"": 1, ""$ECKEY"": 1, ""$SIG"": 1, ""$SIGLEN"": 1, ""$TYPE"": 1}, {""$DGST"": 1, ""$DGSTLEN"": 1, ""$ECKEY"": 1, ""$SIG"": 1, ""$SIGLEN"": 1, ""$TYPE"": 1}, {""$DGST"": 1, ""$DGSTLEN"": 1, ""$ECKEY"": 1}, {""$DGST"": 1, ""$DGSTLEN"": 1, ""$ECKEY"": 1, ""$SIG"": 1}, {""$ECKEY"": 1}, {""$ECKEY"": 1, ""$PKEY"": 1}, {""$ENGINE"": 1}, {""$ENGINE"": 1}, {""$CTX"": 1, ""$ENGINE"": 1, ""$PKCTX"": 1, ""$PKEY"": 1, ""$TYPE"": 1}, {""$CTX"": 1, ""$ENGINE"": 1, ""$PKCTX"": 1, ""$PKEY"": 1, ""$TYPE"": 1}, {""$NID"": 1}, {""$GROUP"": 1}]",15,True,True,False,False,False,False,"C1,C2","B3.5_redundant_metavariable,no_metavar,plain_metavar"
/home/moscovin/Documents/eboss/semgrep-rules-aggregate/scrap/smith-xyz-argus-observe-rules/configs__crypto-all.yaml,smith-xyz-argus-observe-rules,0,25,c-crypto-tls-cipher-suites,A3,Conjunction / Intersection,"category,cwe,id,impact,languages,message,metadata,pattern,pattern-either,patterns,severity",False,True,False,True,False,False,False,"$ALG_BITS,$CIPHER,$CTX,$LIST,$PRIORITY,$SSL",,"[{""$CTX"": 1, ""$LIST"": 1}, {""$LIST"": 1, ""$SSL"": 1}, {""$CTX"": 1, ""$LIST"": 1}, {""$LIST"": 1, ""$SSL"": 1}, {""$CTX"": 1}, {""$PRIORITY"": 1, ""$SSL"": 1}, {""$SSL"": 1}, {""$CIPHER"": 1}, {""$ALG_BITS"": 1, ""$CIPHER"": 1}]",9,False,True,False,False,False,False,C2,"B3.5_redundant_metavariable,plain_metavar"
/home/moscovin/Documents/eboss/semgrep-rules-aggregate/scrap/smith-xyz-argus-observe-rules/configs__crypto-all.yaml,smith-xyz-argus-observe-rules,0,26,c-crypto-ripemd160,A3,Conjunction / Intersection,"category,cwe,id,impact,languages,message,metadata,pattern,pattern-either,patterns,severity",False,True,True,False,False,False,False,"$CTX,$DATA,$ENGINE,$HASH,$LEN,$SIZE",$CTX,"[{""$CTX"": 1}, {""$CTX"": 1, ""$DATA"": 1, ""$LEN"": 1}, {""$CTX"": 1, ""$HASH"": 1}, {""$CTX"": 4, ""$DATA"": 1, ""$HASH"": 1, ""$LEN"": 1}, {""$CTX"": 1, ""$ENGINE"": 1}, {""$DATA"": 1, ""$ENGINE"": 1, ""$HASH"": 1, ""$LEN"": 1, ""$SIZE"": 1}]",6,False,True,False,False,False,False,C2,plain_metavar
/home/moscovin/Documents/eboss/semgrep-rules-aggregate/scrap/smith-xyz-argus-observe-rules/configs__crypto-all.yaml,smith-xyz-argus-observe-rules,0,27,c-crypto-openssl,A3,Conjunction / Intersection,"category,cwe,id,impact,languages,message,metadata,pattern,pattern-either,patterns,severity",False,True,False,True,False,False,False,"$CIPHER,$DIGEST,$OPTS,$SETTINGS",,"[{""$OPTS"": 1, ""$SETTINGS"": 1}, {""$OPTS"": 1, ""$SETTINGS"": 1}, {""$CIPHER"": 1}, {""$DIGEST"": 1}]",10,True,True,False,False,False,False,"C1,C2","B3.5_redundant_metavariable,no_metavar,plain_metavar"
/home/moscovin/Documents/eboss/semgrep-rules-aggregate/scrap/smith-xyz-argus-observe-rules/configs__crypto-all.yaml,smith-xyz-argus-observe-rules,0,28,c-crypto-ecdh,A3,Conjunction / Intersection,"category,cwe,id,impact,languages,message,metadata,pattern,pattern-either,patterns,severity",False,True,False,True,False,False,False,"$CTX,$ECKEY,$ENGINE,$KEY,$KEYLEN,$OUT,$OUTLEN,$PUBKEY",,"[{""$ECKEY"": 1, ""$OUT"": 1, ""$OUTLEN"": 1, ""$PUBKEY"": 1}, {""$ENGINE"": 1}, {""$ENGINE"": 1}, {""$ENGINE"": 1}, {""$CTX"": 1, ""$KEY"": 1, ""$KEYLEN"": 1}]",5,False,True,False,False,False,False,C2,"B3.5_redundant_metavariable,plain_metavar"
/home/moscovin/Documents/eboss/semgrep-rules-aggregate/scrap/smith-xyz-argus-observe-rules/configs__crypto-all.yaml,smith-xyz-argus-observe-rules,0,29,c-crypto-rsa,A3,Conjunction / Intersection,"category,cwe,focus-metavariable,id,impact,languages,message,metadata,metavariable,metavariable-regex,pattern,pattern-either,patterns,regex,severity",False,True,True,False,True,False,False,"$BITS,$BN,$CALLBACK,$CALLBACKARG,$CTX,$D,$E,$ENGINE,$FLEN,$FROM,$M,$MLEN,$N,$PADDING,$PKEY,$RSA,$SIGBUF,$SIGLEN,$SIGRET,$TO,$TYPE",$BITS,"[{""$BITS"": 3, ""$BN"": 1, ""$E"": 1, ""$RSA"": 1}, {""$BITS"": 3, ""$CALLBACK"": 1, ""$CALLBACKARG"": 1, ""$E"": 1}, {""$FLEN"": 1, ""$FROM"": 1, ""$PADDING"": 1, ""$RSA"": 1, ""$TO"": 1}, {""$FLEN"": 1, ""$FROM"": 1, ""$PADDING"": 1, ""$RSA"": 1, ""$TO"": 1}, {""$FLEN"": 1, ""$FROM"": 1, ""$PADDING"": 1, ""$RSA"": 1, ""$TO"": 1}, {""$FLEN"": 1, ""$FROM"": 1, ""$PADDING"": 1, ""$RSA"": 1, ""$TO"": 1}, {""$M"": 1, ""$MLEN"": 1, ""$RSA"": 1, ""$SIGLEN"": 1, ""$SIGRET"": 1, ""$TYPE"": 1}, {""$M"": 1, ""$MLEN"": 1, ""$RSA"": 1, ""$SIGBUF"": 1, ""$SIGLEN"": 1, ""$TYPE"": 1}, {""$RSA"": 1}, {""$PKEY"": 1, ""$RSA"": 1}, {""$CTX"": 1, ""$ENGINE"": 1, ""$TYPE"": 1}, {""$CTX"": 1, ""$ENGINE"": 1, ""$TYPE"": 1}, {""$ENGINE"": 1}, {""$CTX"": 1}, {""$CTX"": 1, ""$PKEY"": 1}, {""$RSA"": 1}, {""$D"": 1, ""$E"": 1, ""$N"": 1, ""$RSA"": 1}, {""$D"": 1, ""$E"": 1, ""$N"": 1, ""$RSA"": 1}, {""$RSA"": 1}]",20,True,True,False,False,False,False,"C1,C2","no_metavar,plain_metavar"
/home/moscovin/Documents/eboss/semgrep-rules-aggregate/scrap/smith-xyz-argus-observe-rules/configs__crypto-all.yaml,smith-xyz-argus-observe-rules,0,30,c-crypto-hmac,A3,Conjunction / Intersection,"category,cwe,id,impact,languages,message,metadata,pattern,pattern-either,patterns,severity",False,True,True,False,False,False,False,"$CTX,$DATA,$DATALEN,$ENGINE,$EVPTYPE,$HASH,$HASHLEN,$KEY,$KEYLEN,$PKCTX",$CTX,"[{""$DATA"": 1, ""$DATALEN"": 1, ""$EVPTYPE"": 1, ""$HASH"": 1, ""$HASHLEN"": 1, ""$KEY"": 1, ""$KEYLEN"": 1}, {""$CTX"": 1, ""$ENGINE"": 1, ""$EVPTYPE"": 1, ""$KEY"": 1, ""$KEYLEN"": 1}, {""$CTX"": 1, ""$DATA"": 1, ""$DATALEN"": 1}, {""$CTX"": 1, ""$HASH"": 1, ""$HASHLEN"": 1}, {""$CTX"": 4, ""$DATA"": 1, ""$DATALEN"": 1, ""$ENGINE"": 1, ""$EVPTYPE"": 1, ""$HASH"": 1, ""$HASHLEN"": 1, ""$KEY"": 1, ""$KEYLEN"": 1}, {""$CTX"": 1, ""$ENGINE"": 1, ""$EVPTYPE"": 1, ""$KEY"": 1, ""$PKCTX"": 1}, {""$CTX"": 1, ""$ENGINE"": 1, ""$EVPTYPE"": 1, ""$KEY"": 1, ""$PKCTX"": 1}]",7,False,True,False,False,False,False,C2,plain_metavar
/home/moscovin/Documents/eboss/semgrep-rules-aggregate/scrap/smith-xyz-argus-observe-rules/configs__crypto-all.yaml,smith-xyz-argus-observe-rules,0,31,c-crypto-cipher-rc4,A3,Conjunction / Intersection,"category,cwe,id,impact,languages,message,metadata,pattern,pattern-either,patterns,severity",False,True,False,True,False,False,False,"$CTX,$DATA,$ENCRYPT,$ENGINE,$INPUT,$IV,$KEY,$LEN,$OUTPUT",,"[{""$DATA"": 1, ""$KEY"": 1, ""$LEN"": 1}, {""$INPUT"": 1, ""$KEY"": 1, ""$LEN"": 1, ""$OUTPUT"": 1}, {""$CTX"": 1, ""$ENCRYPT"": 1, ""$ENGINE"": 1, ""$IV"": 1, ""$KEY"": 1}, {""$CTX"": 1, ""$ENCRYPT"": 1, ""$ENGINE"": 1, ""$IV"": 1, ""$KEY"": 1}]",4,False,True,False,False,False,False,C2,"B3.5_redundant_metavariable,plain_metavar"
/home/moscovin/Documents/eboss/semgrep-rules-aggregate/scrap/smith-xyz-argus-observe-rules/configs__crypto-all.yaml,smith-xyz-argus-observe-rules,0,32,c-crypto-cipher-3des,A3,Conjunction / Intersection,"category,cwe,id,impact,languages,message,metadata,pattern,pattern-either,patterns,severity",False,True,False,True,False,False,False,"$CTX,$ENCRYPT,$ENGINE,$INPUT,$IV,$KEY,$KS1,$KS2,$KS3,$LENGTH,$OUTPUT,$SCHEDULE",,"[{""$KEY"": 1, ""$SCHEDULE"": 1}, {""$KEY"": 1, ""$SCHEDULE"": 1}, {""$KEY"": 1, ""$SCHEDULE"": 1}, {""$ENCRYPT"": 1, ""$INPUT"": 1, ""$IV"": 1, ""$KS1"": 1, ""$KS2"": 1, ""$KS3"": 1, ""$LENGTH"": 1, ""$OUTPUT"": 1}, {""$CTX"": 1, ""$ENCRYPT"": 1, ""$ENGINE"": 1, ""$IV"": 1, ""$KEY"": 1}, {""$CTX"": 1, ""$ENCRYPT"": 1, ""$ENGINE"": 1, ""$IV"": 1, ""$KEY"": 1}, {""$CTX"": 1, ""$ENCRYPT"": 1, ""$ENGINE"": 1, ""$IV"": 1, ""$KEY"": 1}]",7,False,True,False,False,False,False,C2,"B3.5_redundant_metavariable,plain_metavar"
/home/moscovin/Documents/eboss/semgrep-rules-aggregate/scrap/smith-xyz-argus-observe-rules/configs__crypto-all.yaml,smith-xyz-argus-observe-rules,0,33,c-crypto-windows-cryptoapi,A3,Conjunction / Intersection,"category,cwe,id,impact,languages,message,metadata,pattern,pattern-either,patterns,severity",False,True,False,True,False,False,False,"$ALGID,$CONTAINER,$DESCRIPTION,$DWBUFLEN,$DWDLEN,$DWFLAGS,$DWKEYSPEC,$DWPARAM,$DWSIGLEN,$FINAL,$FLAGS,$HHASH,$HPROV,$HPROVHASH,$HPROVKEY,$HPROVKEYEXP,$HPROVKEYOUT,$PBBUFFER,$PBDATA,$PBSIGNATURE,$PDSIGLEN,$PDWLEN,$PROVIDER,$PROVTYPE",,"[{""$CONTAINER"": 1, ""$FLAGS"": 1, ""$HPROV"": 1, ""$PROVIDER"": 1, ""$PROVTYPE"": 1}, {""$FLAGS"": 1, ""$HPROV"": 1}, {""$ALGID"": 1, ""$FLAGS"": 1, ""$HPROV"": 1, ""$HPROVKEY"": 1}, {""$ALGID"": 1, ""$FLAGS"": 1, ""$HHASH"": 1, ""$HPROV"": 1, ""$HPROVKEY"": 1}, {""$DWDLEN"": 1, ""$DWFLAGS"": 1, ""$HPROV"": 1, ""$HPROVKEY"": 1, ""$HPROVKEYOUT"": 1, ""$PBDATA"": 1}, {""$DWFLAGS"": 1, ""$DWPARAM"": 1, ""$HPROVKEY"": 1, ""$HPROVKEYEXP"": 1, ""$PBDATA"": 1, ""$PDWLEN"": 1}, {""$DWBUFLEN"": 1, ""$DWFLAGS"": 1, ""$FINAL"": 1, ""$HHASH"": 1, ""$HPROVKEY"": 1, ""$PBDATA"": 1, ""$PDWLEN"": 1}, {""$DWFLAGS"": 1, ""$FINAL"": 1, ""$HHASH"": 1, ""$HPROVKEY"": 1, ""$PBDATA"": 1, ""$PDWLEN"": 1}, {""$ALGID"": 1, ""$DWFLAGS"": 1, ""$HPROV"": 1, ""$HPROVHASH"": 1, ""$HPROVKEY"": 1}, {""$DWDLEN"": 1, ""$DWFLAGS"": 1, ""$HPROVHASH"": 1, ""$PBDATA"": 1}, {""$DWFLAGS"": 1, ""$HPROVHASH"": 1, ""$HPROVKEY"": 1}, {""$DWFLAGS"": 1, ""$DWPARAM"": 1, ""$HPROVHASH"": 1, ""$PBDATA"": 1, ""$PDWLEN"": 1}, {""$DESCRIPTION"": 1, ""$DWFLAGS"": 1, ""$DWKEYSPEC"": 1, ""$HPROVHASH"": 1, ""$PBSIGNATURE"": 1, ""$PDSIGLEN"": 1}, {""$DESCRIPTION"": 1, ""$DWFLAGS"": 1, ""$DWSIGLEN"": 1, ""$HPROVHASH"": 1, ""$HPROVKEY"": 1, ""$PBSIGNATURE"": 1}, {""$DWDLEN"": 1, ""$HPROV"": 1, ""$PBBUFFER"": 1}]",15,False,True,False,False,False,False,C2,"B3.5_redundant_metavariable,plain_metavar"
/home/moscovin/Documents/eboss/semgrep-rules-aggregate/scrap/smith-xyz-argus-observe-rules/configs__crypto-all.yaml,smith-xyz-argus-observe-rules,0,34,c-crypto-tls-version,A3,Conjunction / Intersection,"category,cwe,focus-metavariable,id,impact,languages,message,metadata,metavariable,metavariable-regex,pattern,pattern-either,patterns,regex,severity",False,True,True,False,True,False,False,"$CTX,$SSL,$VERSION",$VERSION,"[{""$CTX"": 1, ""$VERSION"": 3}, {""$CTX"": 1, ""$VERSION"": 3}, {""$SSL"": 1, ""$VERSION"": 3}, {""$SSL"": 1, ""$VERSION"": 3}, {""$CTX"": 1}, {""$CTX"": 1}, {""$CTX"": 1}, {""$CTX"": 1}, {""$CTX"": 1}, {""$CTX"": 1}]",19,True,True,False,False,False,False,"C1,C2","no_metavar,plain_metavar"
